datetime,open,high,low,close,volume
2022-10-19T08:00:00,9635,12440,9635,11380,30005919.911452
2022-10-19T12:00:00,11390,11490,10880,11290,8249304.630714
2022-10-19T16:00:00,11290,11330,10090,10170,2746608.203546
2022-10-19T20:00:00,10170,10620,9815,10570,4601326.680526
2022-10-20T00:00:00,10580,11010,9980,10870,6843345.958216
2022-10-20T04:00:00,10870,11190,10620,10840,4554782.363131
2022-10-20T08:00:00,10840,11050,10560,10760,2934548.370127
2022-10-20T12:00:00,10760,10780,10330,10490,2276668.703035
2022-10-20T16:00:00,10470,10490,10100,10490,1077050.387231
2022-10-20T20:00:00,10490,10750,10470,10660,1372032.029208
2022-10-21T00:00:00,10640,11080,10360,10930,3892606.398042
2022-10-21T04:00:00,10930,11040,10670,10720,1677929.081497
2022-10-21T08:00:00,10740,10810,10180,10250,2185361.543263
2022-10-21T12:00:00,10250,10810,10130,10790,1865159.603631
2022-10-21T16:00:00,10790,10910,10560,10790,708587.876217
2022-10-21T20:00:00,10790,10840,10630,10790,480728.615914
2022-10-22T00:00:00,10790,11100,10630,10780,2212310.637474
2022-10-22T04:00:00,10780,10820,10590,10790,645790.930467
2022-10-22T08:00:00,10780,12090,10730,11800,3712014.732381
2022-10-22T12:00:00,11800,12820,11500,12530,11055520.082407
2022-10-22T16:00:00,12530,13350,12350,12630,6415376.522488
2022-10-22T20:00:00,12620,13230,12580,12900,2204739.942791
2022-10-23T00:00:00,12900,13850,12830,13590,8614036.439406
2022-10-23T04:00:00,13590,14610,13400,14460,8498367.523757
2022-10-23T08:00:00,14470,14780,13700,13920,7841812.70771
2022-10-23T12:00:00,13920,14050,13470,13830,4657108.483674
2022-10-23T16:00:00,13820,13890,13020,13870,2140165.629375
2022-10-23T20:00:00,13860,14100,13610,14010,1902445.599911
2022-10-24T00:00:00,14010,14210,13340,13610,3747024.268065
2022-10-24T04:00:00,13610,13880,13310,13830,1669208.900376
2022-10-24T08:00:00,13830,13980,13530,13680,2482876.456039
2022-10-24T12:00:00,13680,14330,13640,13950,5967508.360616
2022-10-24T16:00:00,13940,14020,13660,13880,641897.99745
2022-10-24T20:00:00,13880,13890,13380,13690,1068113.738057
2022-10-25T00:00:00,13690,13760,13090,13270,2210544.140195
2022-10-25T04:00:00,13270,13390,13000,13150,1056604.625144
2022-10-25T08:00:00,13140,13350,13020,13210,1017151.978215
2022-10-25T12:00:00,13210,13510,13130,13410,1333339.002636
2022-10-25T16:00:00,13420,13470,12300,12450,2106559.510253
2022-10-25T20:00:00,12450,12530,12080,12480,1589490.063909
2022-10-26T00:00:00,12470,12640,12220,12550,1924204.209588
2022-10-26T04:00:00,12550,13120,12360,12930,2396611.874434
2022-10-26T08:00:00,12940,12960,12440,12560,1686616.337553
2022-10-26T12:00:00,12550,12750,12250,12600,1658514.20198
2022-10-26T16:00:00,12620,12790,12360,12420,584771.494905
2022-10-26T20:00:00,12420,12960,12370,12890,1046641.933802
2022-10-27T00:00:00,12880,13290,12750,12840,2219827.939954
2022-10-27T04:00:00,12840,13320,12820,13130,1517678.525823
2022-10-27T08:00:00,13120,13440,12850,12970,1676671.345124
2022-10-27T12:00:00,12970,13010,12740,12920,747941.507741
2022-10-27T16:00:00,12920,12970,12690,12880,448012.084021
2022-10-27T20:00:00,12870,12880,12150,12260,1234492.707371
2022-10-28T00:00:00,12260,12470,11360,11550,2726847.505363
2022-10-28T04:00:00,11550,11650,11200,11320,1627599.882542
2022-10-28T08:00:00,11320,11520,11280,11370,1208098.218676
2022-10-28T12:00:00,11370,11670,11310,11560,1750960.384778
2022-10-28T16:00:00,11560,11840,11510,11700,682838.776874
2022-10-28T20:00:00,11700,11860,11440,11540,917983.223314
2022-10-29T00:00:00,11540,11760,11350,11670,1745854.821316
2022-10-29T04:00:00,11660,11790,11500,11610,1162665.446722
2022-10-29T08:00:00,11610,11660,11380,11470,1673316.841817
2022-10-29T12:00:00,11470,11550,10920,11120,2602887.08771
2022-10-29T16:00:00,11120,11440,10650,10930,1996676.460456
2022-10-29T20:00:00,10940,11270,10910,11140,745785.109343
2022-10-30T00:00:00,11140,11750,11130,11360,4047311.457405
2022-10-30T04:00:00,11370,11390,10700,11040,1916663.751367
2022-10-30T08:00:00,11030,11060,10870,11000,859786.695561
2022-10-30T12:00:00,11000,11290,10850,10990,1441515.530577
2022-10-30T16:00:00,10980,11090,10810,10960,326435.254443
2022-10-30T20:00:00,10980,11140,10850,10960,383470.044901
2022-10-31T00:00:00,10950,11310,10850,11130,1445490.669277
2022-10-31T04:00:00,11120,11530,10940,11110,1675674.232477
2022-10-31T08:00:00,11120,11300,10970,11210,910540.541
2022-10-31T12:00:00,11200,11210,10850,11000,986879.4568
2022-10-31T16:00:00,11010,11060,10860,10970,231113.096943
2022-10-31T20:00:00,10980,11170,10960,11140,284857.707449
2022-11-01T00:00:00,11150,11320,10960,11180,710259.199726
2022-11-01T04:00:00,11180,11430,11010,11360,1006789.378556
2022-11-01T08:00:00,11360,11570,11140,11240,1212962.426066
2022-11-01T12:00:00,11240,11370,11080,11160,561089.399061
2022-11-01T16:00:00,11160,11640,11160,11410,522378.967745
2022-11-01T20:00:00,11410,11630,11380,11500,456933.640668
2022-11-02T00:00:00,11500,11530,11220,11250,650443.535425
2022-11-02T04:00:00,11250,11290,10730,10820,1096565.316129
2022-11-02T08:00:00,10820,10950,10170,10330,2133823.408192
2022-11-02T12:00:00,10320,10430,10250,10260,781484.373737
2022-11-02T16:00:00,10260,10580,10180,10370,1002872.991397
2022-11-02T20:00:00,10370,10520,10280,10500,542104.726383
2022-11-03T00:00:00,10490,10670,10430,10590,760499.927132
2022-11-03T04:00:00,10590,10660,10460,10490,607978.795315
2022-11-03T08:00:00,10490,10580,10230,10300,900168.625775
2022-11-03T12:00:00,10300,10500,10260,10440,584753.727829
2022-11-03T16:00:00,10440,10470,10360,10470,149199.266898
2022-11-03T20:00:00,10470,10490,10250,10300,467520.071201
2022-11-04T00:00:00,10300,10380,10210,10350,640012.07138
2022-11-04T04:00:00,10350,10530,10310,10430,583732.584483
2022-11-04T08:00:00,10430,10480,10260,10270,552088.705088
2022-11-04T12:00:00,10270,10540,10230,10280,1177653.085286
2022-11-04T16:00:00,10270,10410,10220,10400,411875.375332
2022-11-04T20:00:00,10400,10820,10370,10620,718575.600829
2022-11-05T00:00:00,10620,10930,10450,10760,1371575.428258
2022-11-05T04:00:00,10750,10800,10610,10770,466873.507524
2022-11-05T08:00:00,10760,10780,10510,10700,515409.374984
2022-11-05T12:00:00,10680,10860,10560,10750,558710.057385
2022-11-05T16:00:00,10760,11140,10710,10860,671706.023706
2022-11-05T20:00:00,10860,10950,10600,10660,362950.280207
2022-11-06T00:00:00,10660,11020,10560,10750,1294076.674658
2022-11-06T04:00:00,10750,11370,10640,11290,1701284.839644
2022-11-06T08:00:00,11290,11540,11030,11110,3598347.609994
2022-11-06T12:00:00,11120,11260,10840,10920,1040645.848501
2022-11-06T16:00:00,10920,10950,10680,10750,535420.843254
2022-11-06T20:00:00,10740,10900,10250,10320,1221639.860453
2022-11-07T00:00:00,10320,10500,10260,10320,903550.592555
2022-11-07T04:00:00,10320,10340,9710,9780,2286888.940013
2022-11-07T08:00:00,9780,10000,9770,9990,1106262.119098
2022-11-07T12:00:00,9990,10090,9840,9945,998883.546442
2022-11-07T16:00:00,9945,10110,9855,10060,387097.632536
2022-11-07T20:00:00,10060,10090,9720,9860,897449.922747
2022-11-08T00:00:00,9865,9880,8810,8840,4187821.550596
2022-11-08T04:00:00,8840,9085,8555,9040,3834555.016488
2022-11-08T08:00:00,9040,9040,8735,8775,1625333.651914
2022-11-08T12:00:00,8775,8850,8565,8775,1384460.836777
2022-11-08T16:00:00,8775,9365,7000,7500,4931311.023268
2022-11-08T20:00:00,7495,7835,7200,7740,1609936.219854
2022-11-09T00:00:00,7740,7775,6895,7100,2577448.014582
2022-11-09T04:00:00,7100,7120,6520,6545,2635817.14667
2022-11-09T08:00:00,6550,6610,5910,6575,4968370.032011
2022-11-09T12:00:00,6580,6675,6170,6200,1977727.678035
2022-11-09T16:00:00,6195,6380,5400,5775,1583953.989944
2022-11-09T20:00:00,5775,5800,5100,5700,2262767.504536
2022-11-10T00:00:00,5700,6335,5565,6050,3908153.981838
2022-11-10T04:00:00,6050,6385,5980,6140,1976334.245406
2022-11-10T08:00:00,6140,6145,5745,5870,1648110.774789
2022-11-10T12:00:00,5855,7700,5845,7295,7566736.704843
2022-11-10T16:00:00,7310,7520,6775,7100,3414332.172906
2022-11-10T20:00:00,7090,7320,6960,7265,1194889.825862
2022-11-11T00:00:00,7265,7475,6620,6740,2652455.277443
2022-11-11T04:00:00,6740,7195,6650,7125,901922.367263
2022-11-11T08:00:00,7125,7375,6980,7150,1297529.475469
2022-11-11T12:00:00,7150,7360,6230,6540,2807549.021
2022-11-11T16:00:00,6530,6655,6350,6585,435752.968221
2022-11-11T20:00:00,6580,7215,6520,7180,801546.885248
2022-11-12T00:00:00,7185,7190,6760,6815,952009.388425
2022-11-12T04:00:00,6815,6865,6185,6485,1286790.211772
2022-11-12T08:00:00,6485,6620,6410,6475,588983.697903
2022-11-12T12:00:00,6490,6570,6335,6430,555685.089001
2022-11-12T16:00:00,6425,6440,6300,6360,154880.84173
2022-11-12T20:00:00,6360,6375,6200,6330,317518.216353
2022-11-13T00:00:00,6325,6425,6075,6260,727231.324387
2022-11-13T04:00:00,6265,6350,5840,5940,859070.449641
2022-11-13T08:00:00,5925,5990,5640,5910,1001284.499922
2022-11-13T12:00:00,5925,6050,5800,5910,578709.2269
2022-11-13T16:00:00,5900,5990,5825,5990,173786.266454
2022-11-13T20:00:00,5970,5980,5735,5810,282903.279342
2022-11-14T00:00:00,5810,5855,5100,5255,1406554.037231
2022-11-14T04:00:00,5255,6200,5150,6090,1647032.73227
2022-11-14T08:00:00,6095,6180,5750,5840,1083630.815767
2022-11-14T12:00:00,5835,6065,5525,5650,1077616.59641
2022-11-14T16:00:00,5650,5665,5485,5495,189888.600804
2022-11-14T20:00:00,5485,5750,5480,5735,304071.069124
2022-11-15T00:00:00,5735,5825,5595,5755,665515.132753
2022-11-15T04:00:00,5755,6430,5655,6280,3360714.981042
2022-11-15T08:00:00,6275,6295,6020,6075,1631084.673759
2022-11-15T12:00:00,6080,6305,5810,5890,1676559.65694
2022-11-15T16:00:00,5875,5950,5725,5830,415015.202964
2022-11-15T20:00:00,5830,5955,5810,5905,269927.744968
2022-11-16T00:00:00,5905,6185,5800,6025,977966.654097
2022-11-16T04:00:00,6020,6080,5965,5980,557128.258023
2022-11-16T08:00:00,5980,6065,5740,5810,947885.03691
2022-11-16T12:00:00,5815,5955,5710,5890,572168.759113
2022-11-16T16:00:00,5890,6555,5885,6425,2386974.115015
2022-11-16T20:00:00,6425,6795,6160,6200,2027468.351341
2022-11-17T00:00:00,6205,6345,6080,6095,1338415.938984
2022-11-17T04:00:00,6095,6315,6000,6280,869659.226437
2022-11-17T08:00:00,6280,6540,6165,6480,2395859.088949
2022-11-17T12:00:00,6485,6685,6245,6290,3142457.91354
2022-11-17T16:00:00,6290,6495,6260,6455,479066.385848
2022-11-17T20:00:00,6455,6560,6360,6420,658076.042799
2022-11-18T00:00:00,6415,6755,6305,6650,2516703.039258
2022-11-18T04:00:00,6650,6675,6495,6520,1295012.230177
2022-11-18T08:00:00,6525,6605,6450,6545,746243.84867
2022-11-18T12:00:00,6545,6715,6420,6580,1238674.975323
2022-11-18T16:00:00,6580,6610,6330,6425,365586.144579
2022-11-18T20:00:00,6425,6570,6370,6520,403197.394907
2022-11-19T00:00:00,6515,6615,6430,6510,852078.231546
2022-11-19T04:00:00,6510,6510,6240,6305,749652.991181
2022-11-19T08:00:00,6305,6375,6270,6330,254745.290545
2022-11-19T12:00:00,6340,6365,6290,6345,453341.449158
2022-11-19T16:00:00,6340,6370,6295,6330,127976.513126
2022-11-19T20:00:00,6320,6440,6305,6395,169769.908787
2022-11-20T00:00:00,6390,6395,6290,6360,465101.035755
2022-11-20T04:00:00,6360,6405,6295,6320,258257.028145
2022-11-20T08:00:00,6320,6320,5995,6050,964273.046888
2022-11-20T12:00:00,6050,6245,6010,6100,1488912.376919
2022-11-20T16:00:00,6100,6140,6040,6110,225644.468517
2022-11-20T20:00:00,6115,6145,5640,5745,861310.259861
2022-11-21T00:00:00,5745,5745,5455,5615,880792.203762
2022-11-21T04:00:00,5615,5735,5555,5600,429938.984678
2022-11-21T08:00:00,5600,5690,5550,5610,304431.779678
2022-11-21T12:00:00,5600,5780,5575,5720,525504.52866
2022-11-21T16:00:00,5720,5805,5485,5620,361315.632622
2022-11-21T20:00:00,5635,5825,5550,5720,410652.237583
2022-11-22T00:00:00,5720,5830,5625,5650,456005.757632
2022-11-22T04:00:00,5650,5675,5440,5550,381614.613173
2022-11-22T08:00:00,5550,5590,5450,5545,264117.348075
2022-11-22T12:00:00,5545,6465,5500,6120,3832983.525938
2022-11-22T16:00:00,6130,6170,5860,5945,333360.773544
2022-11-22T20:00:00,5945,6040,5915,6005,420606.470755
2022-11-23T00:00:00,6005,6250,5915,6150,960204.342947
2022-11-23T04:00:00,6160,6390,6125,6195,811567.19421
2022-11-23T08:00:00,6195,6265,6140,6205,360750.899498
2022-11-23T12:00:00,6200,6210,6015,6080,436324.825609
2022-11-23T16:00:00,6080,6135,5985,6020,182106.323616
2022-11-23T20:00:00,6030,6190,6000,6145,340393.698922
2022-11-24T00:00:00,6145,6245,6065,6135,638988.687751
2022-11-24T04:00:00,6135,6190,6035,6065,331759.505109
2022-11-24T08:00:00,6065,6080,5705,5860,712304.107233
2022-11-24T12:00:00,5865,6090,5750,6085,428555.312363
2022-11-24T16:00:00,6095,6470,6030,6090,1288744.651365
2022-11-24T20:00:00,6105,6190,6040,6080,255551.775238
2022-11-25T00:00:00,6080,6110,5845,5910,412120.126577
2022-11-25T04:00:00,5900,5995,5825,5965,236711.353345
2022-11-25T08:00:00,5965,6035,5890,6000,370327.895115
2022-11-25T12:00:00,5990,6265,5960,6165,686949.466572
2022-11-25T16:00:00,6160,6220,6090,6100,158579.253315
2022-11-25T20:00:00,6100,6135,6040,6070,142899.610148
2022-11-26T00:00:00,6070,6665,6045,6520,3517818.616378
2022-11-26T04:00:00,6515,6755,6455,6570,2596238.3537
2022-11-26T08:00:00,6565,6940,6520,6730,4478483.544212
2022-11-26T12:00:00,6730,6835,6540,6620,1641228.897601
2022-11-26T16:00:00,6620,6660,6485,6595,200855.631766
2022-11-26T20:00:00,6590,6680,6475,6555,451342.445703
2022-11-27T00:00:00,6555,6945,6530,6830,2379234.344735
2022-11-27T04:00:00,6830,6840,6420,6470,2392493.111642
2022-11-27T08:00:00,6470,6480,6350,6475,1045468.857252
2022-11-27T12:00:00,6475,6495,6375,6490,494455.625495
2022-11-27T16:00:00,6490,6520,6415,6455,184190.800349
2022-11-27T20:00:00,6460,6625,6445,6610,584919.100589
2022-11-28T00:00:00,6605,6610,6020,6205,1597029.041684
2022-11-28T04:00:00,6200,6235,6120,6185,408294.295481
2022-11-28T08:00:00,6185,6210,6100,6145,329967.4668
2022-11-28T12:00:00,6150,6205,6080,6115,427560.729253
2022-11-28T16:00:00,6115,6255,6055,6170,222443.628594
2022-11-28T20:00:00,6185,6225,6130,6175,169708.440478
2022-11-29T00:00:00,6170,6335,6085,6250,759063.327972
2022-11-29T04:00:00,6250,6530,6250,6395,983376.330482
2022-11-29T08:00:00,6405,6535,6390,6440,592461.701992
2022-11-29T12:00:00,6440,6470,6325,6425,429277.870503
2022-11-29T16:00:00,6420,6485,6350,6440,134207.557314
2022-11-29T20:00:00,6445,6475,6370,6380,110738.554584
2022-11-30T00:00:00,6370,6610,6370,6480,747643.096034
2022-11-30T04:00:00,6485,6550,6385,6440,288483.654402
2022-11-30T08:00:00,6440,6475,6320,6370,260335.168386
2022-11-30T12:00:00,6370,6385,6275,6355,215931.511846
2022-11-30T16:00:00,6340,6410,6230,6390,257479.567059
2022-11-30T20:00:00,6390,6500,6365,6460,233453.155833
2022-12-01T00:00:00,6460,6480,6330,6390,314653.495391
2022-12-01T04:00:00,6385,6420,6300,6320,195528.861971
2022-12-01T08:00:00,6320,6415,6310,6400,135907.239989
2022-12-01T12:00:00,6400,6440,6220,6290,410081.987091
2022-12-01T16:00:00,6300,6315,6255,6290,59013.997391
2022-12-01T20:00:00,6280,6315,6205,6315,92466.602093
2022-12-02T00:00:00,6310,6350,6135,6175,274846.380236
2022-12-02T04:00:00,6175,6220,6115,6210,220005.576994
2022-12-02T08:00:00,6205,6265,6190,6225,88822.500976
2022-12-02T12:00:00,6220,6320,6145,6320,205261.727384
2022-12-02T16:00:00,6320,6650,6270,6610,561072.7502
2022-12-02T20:00:00,6610,6785,6505,6555,466489.02944
2022-12-03T00:00:00,6550,6895,6525,6730,1279514.648387
2022-12-03T04:00:00,6725,6845,6665,6690,721586.672294
2022-12-03T08:00:00,6690,6840,6660,6730,502112.114319
2022-12-03T12:00:00,6730,7070,6700,7040,1762832.215849
2022-12-03T16:00:00,7040,7065,6925,6950,639548.617256
2022-12-03T20:00:00,6945,7065,6860,6910,497126.190198
2022-12-04T00:00:00,6905,7100,6830,6980,1505573.240378
2022-12-04T04:00:00,6980,7315,6950,7110,2771404.493368
2022-12-04T08:00:00,7105,7190,6965,6970,799404.721694
2022-12-04T12:00:00,6975,7080,6850,6895,688395.659673
2022-12-04T16:00:00,6895,6975,6865,6920,205453.400616
2022-12-04T20:00:00,6930,6995,6885,6935,201257.483382
2022-12-05T00:00:00,6935,7260,6860,7160,1774336.497824
2022-12-05T04:00:00,7165,7215,7080,7100,873268.922875
2022-12-05T08:00:00,7105,7160,7015,7100,595172.249573
2022-12-05T12:00:00,7095,7115,6900,6975,377511.180122
2022-12-05T16:00:00,6970,7150,6735,6800,416772.243829
2022-12-05T20:00:00,6800,6955,6765,6915,207409.188253
2022-12-06T00:00:00,6900,7280,6885,7005,1845187.854415
2022-12-06T04:00:00,7010,7035,6870,6940,513765.573101
2022-12-06T08:00:00,6945,7170,6935,6985,750931.771864
2022-12-06T12:00:00,6985,7010,6795,6870,521769.23994
2022-12-06T16:00:00,6870,6870,6560,6630,402767.439803
2022-12-06T20:00:00,6630,6795,6610,6760,273868.104945
2022-12-07T00:00:00,6760,6760,6610,6615,479673.384817
2022-12-07T04:00:00,6615,6625,6190,6340,915838.465469
2022-12-07T08:00:00,6340,6540,6310,6475,442390.520681
2022-12-07T12:00:00,6475,6530,6380,6415,299279.460399
2022-12-07T16:00:00,6415,6455,6360,6390,101942.974225
2022-12-07T20:00:00,6380,6475,6345,6450,112271.467368
2022-12-08T00:00:00,6450,6625,6395,6455,732250.850254
2022-12-08T04:00:00,6455,6465,6300,6445,318434.717116
2022-12-08T08:00:00,6440,6510,6345,6430,286864.945059
2022-12-08T12:00:00,6440,6540,6365,6460,300841.770466
2022-12-08T16:00:00,6475,6580,6445,6565,132073.274704
2022-12-08T20:00:00,6565,6570,6510,6555,135637.610263
2022-12-09T00:00:00,6550,6570,6465,6475,219292.372764
2022-12-09T04:00:00,6475,6555,6460,6535,159449.441648
2022-12-09T08:00:00,6530,6540,6475,6530,205267.935104
2022-12-09T12:00:00,6525,6540,6375,6425,248144.169492
2022-12-09T16:00:00,6420,6440,6370,6420,112891.424688
2022-12-09T20:00:00,6410,6430,6365,6430,115396.557134
2022-12-10T00:00:00,6430,6440,6370,6395,152932.133643
2022-12-10T04:00:00,6400,6430,6370,6415,120918.62024
2022-12-10T08:00:00,6425,6430,6375,6410,139378.063096
2022-12-10T12:00:00,6410,6440,6385,6415,87040.427465
2022-12-10T16:00:00,6415,6430,6375,6395,61186.650799
2022-12-10T20:00:00,6395,6395,6355,6380,127107.712738
2022-12-11T00:00:00,6380,6395,6350,6390,189820.735057
2022-12-11T04:00:00,6390,6535,6365,6495,213825.619477
2022-12-11T08:00:00,6495,6495,6420,6440,223963.095369
2022-12-11T12:00:00,6440,6450,6375,6395,110907.757737
2022-12-11T16:00:00,6395,6450,6370,6385,34162.30812
2022-12-11T20:00:00,6385,6385,6160,6220,202400.917775
2022-12-12T00:00:00,6215,6290,5805,5950,710458.150116
2022-12-12T04:00:00,5965,5985,5860,5900,325758.847033
2022-12-12T08:00:00,5900,5960,5830,5960,216178.168228
2022-12-12T12:00:00,5955,5965,5820,5850,256086.258415
2022-12-12T16:00:00,5850,5925,5845,5910,59653.345817
2022-12-12T20:00:00,5915,6025,5890,6005,217363.1741
2022-12-13T00:00:00,6005,6035,5875,5890,257313.873911
2022-12-13T04:00:00,5880,5900,5650,5760,406148.336473
2022-12-13T08:00:00,5760,5870,5740,5860,206177.276148
2022-12-13T12:00:00,5860,6125,5840,5970,809154.110889
2022-12-13T16:00:00,5960,6075,5955,6050,131648.040959
2022-12-13T20:00:00,6040,6070,6015,6020,128778.622851
2022-12-14T00:00:00,6020,6200,6020,6100,687390.346179
2022-12-14T04:00:00,6100,6145,6040,6100,238411.878686
2022-12-14T08:00:00,6100,6125,6055,6070,131331.862966
2022-12-14T12:00:00,6080,6110,6035,6105,177236.726214
2022-12-14T16:00:00,6105,6190,5885,6000,233834.252988
2022-12-14T20:00:00,5995,6200,5970,6135,334759.727464
2022-12-15T00:00:00,6135,6285,5910,6130,731392.630675
2022-12-15T04:00:00,6130,6155,6075,6095,211987.321631
2022-12-15T08:00:00,6095,6340,6070,6275,679415.258285
2022-12-15T12:00:00,6270,6325,6170,6220,531663.924343
2022-12-15T16:00:00,6220,6235,6135,6165,119330.702762
2022-12-15T20:00:00,6155,6200,6090,6175,165597.242517
2022-12-16T00:00:00,6175,6285,6145,6200,341237.515443
2022-12-16T04:00:00,6200,6200,6120,6185,143369.945008
2022-12-16T08:00:00,6185,6185,5840,5925,493793.147226
2022-12-16T12:00:00,5925,5945,5780,5820,258885.595152
2022-12-16T16:00:00,5825,5875,5745,5860,127832.68711
2022-12-16T20:00:00,5860,5865,5320,5425,562888.585186
2022-12-17T00:00:00,5430,5650,5290,5410,702543.623288
2022-12-17T04:00:00,5415,5440,5355,5430,250815.690077
2022-12-17T08:00:00,5430,5445,5380,5400,133159.872005
2022-12-17T12:00:00,5410,5430,5245,5335,355451.406865
2022-12-17T16:00:00,5330,5340,5250,5275,75546.405535
2022-12-17T20:00:00,5275,5430,5265,5425,126510.21022
2022-12-18T00:00:00,5425,5425,5345,5400,112387.101125
2022-12-18T04:00:00,5405,5440,5340,5350,197139.603695
2022-12-18T08:00:00,5350,5375,5275,5330,173321.836992
2022-12-18T12:00:00,5335,5415,5320,5320,125896.365001
2022-12-18T16:00:00,5330,5420,5330,5410,49807.837772
2022-12-18T20:00:00,5410,5425,5355,5375,73330.961564
2022-12-19T00:00:00,5380,5420,5160,5240,294997.288545
2022-12-19T04:00:00,5240,5335,5230,5335,94899.426943
2022-12-19T08:00:00,5325,5405,5315,5395,207332.935929
2022-12-19T12:00:00,5390,5450,5325,5335,174005.686011
2022-12-19T16:00:00,5340,5375,5055,5090,194708.049359
2022-12-19T20:00:00,5090,5125,4850,5020,494225.225782
2022-12-20T00:00:00,5020,5125,4990,5105,301944.495644
2022-12-20T04:00:00,5115,5155,5085,5105,373517.669487
2022-12-20T08:00:00,5105,5130,5065,5090,391202.070845
2022-12-20T12:00:00,5090,5120,5000,5075,460142.263924
2022-12-20T16:00:00,5075,5075,5015,5045,191217.279658
2022-12-20T20:00:00,5055,5115,5035,5080,270635.406208
2022-12-21T00:00:00,5080,5100,4965,4995,505472.676845
2022-12-21T04:00:00,4995,4995,4865,4930,499913.372121
2022-12-21T08:00:00,4925,4990,4895,4955,359288.864496
2022-12-21T12:00:00,4955,4965,4915,4965,279789.023106
2022-12-21T16:00:00,4960,4965,4810,4825,268708.10469
2022-12-21T20:00:00,4820,4925,4820,4900,187823.679571
2022-12-22T00:00:00,4910,4925,4870,4895,214531.04987
2022-12-22T04:00:00,4900,4915,4800,4825,335264.661461
2022-12-22T08:00:00,4825,4895,4795,4870,364594.935812
2022-12-22T12:00:00,4870,4890,4700,4755,418016.618338
2022-12-22T16:00:00,4755,4780,4660,4710,232223.302483
2022-12-22T20:00:00,4710,4835,4710,4830,193850.587321
2022-12-23T00:00:00,4830,4900,4785,4880,264854.092917
2022-12-23T04:00:00,4875,4885,4820,4865,129351.277655
2022-12-23T08:00:00,4865,4890,4835,4865,112410.084184
2022-12-23T12:00:00,4875,4920,4825,4895,175701.316002
2022-12-23T16:00:00,4900,4965,4880,4910,98757.470033
2022-12-23T20:00:00,4915,4915,4870,4885,66897.736908
2022-12-24T00:00:00,4885,4895,4840,4855,88327.207559
2022-12-24T04:00:00,4860,4925,4855,4905,143240.506838
2022-12-24T08:00:00,4900,4900,4845,4875,69343.383815
2022-12-24T12:00:00,4870,4885,4855,4870,57456.516399
2022-12-24T16:00:00,4870,4875,4840,4850,29819.69109
2022-12-24T20:00:00,4850,4865,4800,4820,42100.180572
2022-12-25T00:00:00,4825,4855,4790,4835,84323.322643
2022-12-25T04:00:00,4830,4855,4795,4810,94328.882988
2022-12-25T08:00:00,4800,4800,4720,4740,170704.246727
2022-12-25T12:00:00,4735,4750,4600,4645,246334.411588
2022-12-25T16:00:00,4640,4655,4590,4645,180591.78059
2022-12-25T20:00:00,4645,4665,4620,4650,89528.528354
2022-12-26T00:00:00,4650,4720,4605,4670,208938.306968
2022-12-26T04:00:00,4675,4685,4595,4600,173675.280287
2022-12-26T08:00:00,4595,4630,4575,4625,136415.905314
2022-12-26T12:00:00,4630,4635,4590,4610,76093.359277
2022-12-26T16:00:00,4605,4635,4590,4630,44653.068587
2022-12-26T20:00:00,4635,4685,4620,4675,60910.182705
2022-12-27T00:00:00,4670,4700,4585,4590,161795.666553
2022-12-27T04:00:00,4595,4625,4585,4610,97436.829175
2022-12-27T08:00:00,4615,4650,4595,4620,79738.340042
2022-12-27T12:00:00,4635,4635,4550,4570,106473.509947
2022-12-27T16:00:00,4565,4575,4515,4550,164622.721305
2022-12-27T20:00:00,4550,4595,4540,4595,44243.682724
2022-12-28T00:00:00,4595,4600,4335,4410,286860.257576
2022-12-28T04:00:00,4415,4415,4010,4190,791822.398483
2022-12-28T08:00:00,4190,4205,4135,4140,201297.978624
2022-12-28T12:00:00,4140,4285,4125,4130,464128.313117
2022-12-28T16:00:00,4140,4170,4125,4140,121500.274041
2022-12-28T20:00:00,4145,4150,4065,4115,213593.956631
2022-12-29T00:00:00,4115,4130,3975,4070,376720.125458
2022-12-29T04:00:00,4060,4080,4035,4055,93826.057517
2022-12-29T08:00:00,4055,4095,4005,4080,172047.690225
2022-12-29T12:00:00,4085,4100,4065,4070,117343.4072
2022-12-29T16:00:00,4070,4155,4070,4125,80651.748081
2022-12-29T20:00:00,4120,4135,3900,4100,327446.707165
2022-12-30T00:00:00,4095,4150,4045,4095,246818.857867
2022-12-30T04:00:00,4095,4100,3940,3990,170814.37859
2022-12-30T08:00:00,3980,4045,3980,4015,65388.456307
2022-12-30T12:00:00,4015,4290,4000,4130,1046451.962644
2022-12-30T16:00:00,4130,4215,4120,4175,325319.434757
2022-12-30T20:00:00,4175,4440,4165,4350,588794.204448
2022-12-31T00:00:00,4345,4345,4205,4260,525981.552577
2022-12-31T04:00:00,4260,4305,4235,4280,115029.254063
2022-12-31T08:00:00,4275,4350,4265,4285,221066.877312
2022-12-31T12:00:00,4290,4425,4280,4390,279709.278687
2022-12-31T16:00:00,4400,4425,4375,4380,68376.68897
2022-12-31T20:00:00,4395,4470,4350,4385,123737.093151
2023-01-01T00:00:00,4385,4465,4345,4445,215113.586951
2023-01-01T04:00:00,4450,4455,4385,4415,158798.671413
2023-01-01T08:00:00,4425,4445,4390,4405,86755.952058
2023-01-01T12:00:00,4410,4440,4375,4405,98677.005856
2023-01-01T16:00:00,4410,4460,4400,4440,26729.428368
2023-01-01T20:00:00,4445,4520,4440,4475,140176.88123
2023-01-02T00:00:00,4475,4495,4380,4475,139117.059199
2023-01-02T04:00:00,4475,4960,4425,4725,720662.171118
2023-01-02T08:00:00,4720,4835,4685,4765,757349.716794
2023-01-02T12:00:00,4760,4840,4755,4805,581103.134292
2023-01-02T16:00:00,4805,4825,4780,4810,150761.746068
2023-01-02T20:00:00,4810,4810,4760,4780,235892.104399
2023-01-03T00:00:00,4780,4895,4665,4700,845344.492679
2023-01-03T04:00:00,4700,4840,4695,4800,657159.228544
2023-01-03T08:00:00,4795,4880,4760,4810,493068.844964
2023-01-03T12:00:00,4810,4960,4785,4930,888790.383606
2023-01-03T16:00:00,4930,5020,4810,4835,1054838.045799
2023-01-03T20:00:00,4845,4915,4845,4895,330012.230997
2023-01-04T00:00:00,4890,5070,4865,5060,1194630.922372
2023-01-04T04:00:00,5060,5100,5000,5085,443215.278751
2023-01-04T08:00:00,5095,5140,5025,5080,398838.495483
2023-01-04T12:00:00,5085,5085,4985,5045,282357.384414
2023-01-04T16:00:00,5055,5055,4880,4895,268989.72805
2023-01-04T20:00:00,4905,4910,4730,4895,396597.900124
2023-01-05T00:00:00,4900,4935,4775,4845,372056.641368
2023-01-05T04:00:00,4845,4870,4780,4825,152425.345155
2023-01-05T08:00:00,4820,4830,4720,4775,337440.441253
2023-01-05T12:00:00,4785,4795,4680,4760,261186.107376
2023-01-05T16:00:00,4750,4785,4710,4775,71241.712941
2023-01-05T20:00:00,4780,4790,4720,4745,97738.147986
2023-01-06T00:00:00,4750,4860,4745,4770,214875.256254
2023-01-06T04:00:00,4760,4765,4620,4670,307109.771481
2023-01-06T08:00:00,4665,4695,4570,4605,168803.746747
2023-01-06T12:00:00,4605,4715,4570,4715,176264.716674
2023-01-06T16:00:00,4715,4965,4705,4925,299357.662759
2023-01-06T20:00:00,4920,4960,4865,4890,272557.806209
2023-01-07T00:00:00,4890,4955,4860,4895,296173.094212
2023-01-07T04:00:00,4895,4905,4825,4880,85468.796489
2023-01-07T08:00:00,4875,4885,4850,4855,60032.529237
2023-01-07T12:00:00,4855,4885,4815,4885,86303.787553
2023-01-07T16:00:00,4875,4880,4840,4860,18878.266412
2023-01-07T20:00:00,4860,4890,4835,4890,37554.924408
2023-01-08T00:00:00,4880,4890,4770,4830,180040.271402
2023-01-08T04:00:00,4830,4845,4815,4815,43823.780619
2023-01-08T08:00:00,4820,4905,4815,4815,165409.39412
2023-01-08T12:00:00,4825,4860,4800,4860,102152.744867
2023-01-08T16:00:00,4860,4870,4770,4780,128823.705446
2023-01-08T20:00:00,4780,5010,4780,4975,252799.54579
2023-01-09T00:00:00,4980,5240,4935,5110,864494.679319
2023-01-09T04:00:00,5120,5155,5070,5100,262698.972555
2023-01-09T08:00:00,5105,5375,5075,5280,680133.77859
2023-01-09T12:00:00,5280,5880,5175,5795,1818206.88062
2023-01-09T16:00:00,5795,6760,5725,6390,10714679.027154
2023-01-09T20:00:00,6390,7185,6075,6590,6904162.997172
2023-01-10T00:00:00,6590,6765,6180,6380,7814022.349536
2023-01-10T04:00:00,6390,7125,6320,6790,10474452.891086
2023-01-10T08:00:00,6790,7485,6670,6930,15154921.890304
2023-01-10T12:00:00,6930,7370,6835,7245,10243983.362031
2023-01-10T16:00:00,7245,7280,6970,7120,2054743.324281
2023-01-10T20:00:00,7120,7210,6860,6895,2123335.464259
2023-01-11T00:00:00,6895,6965,6480,6610,5858628.36021
2023-01-11T04:00:00,6610,6720,6520,6620,3162771.772228
2023-01-11T08:00:00,6620,6700,6540,6560,2201128.183469
2023-01-11T12:00:00,6560,6585,6375,6430,2523203.804507
2023-01-11T16:00:00,6430,6675,6320,6480,1359293.899257
2023-01-11T20:00:00,6470,6685,6390,6630,1559652.298141
2023-01-12T00:00:00,6625,6810,6560,6660,3047910.572916
2023-01-12T04:00:00,6660,6675,6420,6510,1353355.654885
2023-01-12T08:00:00,6505,6675,6385,6655,1434237.260915
2023-01-12T12:00:00,6650,6660,6320,6460,2048630.383641
2023-01-12T16:00:00,6455,7845,6440,7780,4871020.646762
2023-01-12T20:00:00,7780,8245,7770,8150,7954593.506611
2023-01-13T00:00:00,8150,8260,7900,7940,4753766.293603
2023-01-13T04:00:00,7940,8050,7805,7995,2728166.685769
2023-01-13T08:00:00,7990,8750,7975,8430,7218639.566579
2023-01-13T12:00:00,8435,8710,8360,8570,6701684.379933
2023-01-13T16:00:00,8575,8955,8345,8500,4703059.087546
2023-01-13T20:00:00,8505,8730,8270,8480,3479193.255115
2023-01-14T00:00:00,8480,9980,8435,9770,18675970.176151
2023-01-14T04:00:00,9770,10210,9635,9935,10253675.782152
2023-01-14T08:00:00,9935,10120,8810,9510,12668578.505941
2023-01-14T12:00:00,9510,9595,9015,9215,4490273.837017
2023-01-14T16:00:00,9210,9485,9120,9330,1772222.091051
2023-01-14T20:00:00,9325,9805,9300,9510,2778713.820246
2023-01-15T00:00:00,9510,9630,8925,9085,5124893.569795
2023-01-15T04:00:00,9080,9255,8960,9015,1991358.507521
2023-01-15T08:00:00,9020,9985,8680,9925,6729514.261488
2023-01-15T12:00:00,9925,10980,9920,10650,14119045.32593
2023-01-15T16:00:00,10640,10860,9620,10010,4982692.328832
2023-01-15T20:00:00,10010,10140,9620,9810,1672176.558064
2023-01-16T00:00:00,9810,10400,9620,9890,4826148.356741
2023-01-16T04:00:00,9890,10270,9725,10100,3675270.810956
2023-01-16T08:00:00,10100,10770,9400,10380,7367771.795315
2023-01-16T12:00:00,10370,10550,9625,10160,5721141.227218
2023-01-16T16:00:00,10170,10510,10040,10160,1645985.941154
2023-01-16T20:00:00,10160,10390,10040,10100,960270.26184
2023-01-17T00:00:00,10100,10310,9745,9885,2733074.881864
2023-01-17T04:00:00,9880,10260,9810,9960,2184398.082632
2023-01-17T08:00:00,9955,10170,9930,10070,1532800.69973
2023-01-17T12:00:00,10070,10200,9790,9950,2324388.842463
2023-01-17T16:00:00,9950,9960,9760,9855,474827.781441
2023-01-17T20:00:00,9860,9905,9405,9475,1605154.579168
2023-01-18T00:00:00,9475,9780,9355,9630,1962699.201237
2023-01-18T04:00:00,9630,9730,9440,9520,1595300.49398
2023-01-18T08:00:00,9520,9540,9195,9440,1965710.963536
2023-01-18T12:00:00,9440,9730,8845,9070,2296267.524248
2023-01-18T16:00:00,9070,10200,8755,9985,5960579.318764
2023-01-18T20:00:00,9985,10570,9350,9485,4083868.624563
2023-01-19T00:00:00,9490,9750,9385,9525,2758788.137145
2023-01-19T04:00:00,9520,10140,9515,9985,4033381.561266
2023-01-19T08:00:00,9990,10100,9645,9715,2372887.50715
2023-01-19T12:00:00,9715,9810,9480,9595,2011380.846596
2023-01-19T16:00:00,9590,9730,9405,9695,696918.689092
2023-01-19T20:00:00,9695,9925,9680,9780,1023716.032734
2023-01-20T00:00:00,9780,10290,9655,10050,3551805.423189
2023-01-20T04:00:00,10030,10080,9745,9930,1972108.640765
2023-01-20T08:00:00,9935,10520,9820,10160,3638971.276144
2023-01-20T12:00:00,10160,10530,10060,10400,2874315.893284
2023-01-20T16:00:00,10410,11880,10370,11790,6930027.526092
2023-01-20T20:00:00,11790,13950,11780,13580,9840366.703046
2023-01-21T00:00:00,13560,14470,13030,13960,14197937.932753
2023-01-21T04:00:00,13970,16010,13780,15530,11845712.303058
2023-01-21T08:00:00,15530,15970,14540,15170,10506355.968572
2023-01-21T12:00:00,15170,16720,15050,15700,14786361.904809
2023-01-21T16:00:00,15700,16190,15230,16040,3892860.946208
2023-01-21T20:00:00,16050,16100,14490,14630,4166351.630426
2023-01-22T00:00:00,14620,15690,14580,15550,6038754.332795
2023-01-22T04:00:00,15550,17900,15520,17590,18276510.487949
2023-01-22T08:00:00,17580,17770,16750,16970,6991262.164543
2023-01-22T12:00:00,16970,17630,16430,16980,11199113.061081
2023-01-22T16:00:00,16980,18130,16580,17750,5104771.881135
2023-01-22T20:00:00,17760,17820,15940,16700,7385495.019417
2023-01-23T00:00:00,16700,18220,16430,17310,12305072.338911
2023-01-23T04:00:00,17320,17570,16820,16970,4033942.943748
2023-01-23T08:00:00,16970,17180,16500,16860,3902203.891026
2023-01-23T12:00:00,16870,16950,15800,16360,8139898.771014
2023-01-23T16:00:00,16350,16570,15890,16270,1812928.677334
2023-01-23T20:00:00,16270,16510,15780,15790,1638957.28766
2023-01-24T00:00:00,15800,16970,15340,16680,9563982.683679
2023-01-24T04:00:00,16680,16690,16210,16360,3066837.71014
2023-01-24T08:00:00,16360,16460,15930,16010,2880694.051694
2023-01-24T12:00:00,16020,16480,15860,16460,3493890.627775
2023-01-24T16:00:00,16470,17340,15930,16010,6322123.007784
2023-01-24T20:00:00,16050,16090,14720,15500,4344902.876711
2023-01-25T00:00:00,15510,16300,15280,16060,6320749.063171
2023-01-25T04:00:00,16070,17310,16020,16990,9769195.112026
2023-01-25T08:00:00,16990,17840,16720,17830,7090974.743508
2023-01-25T12:00:00,17830,20700,17820,20330,25083215.673061
2023-01-25T16:00:00,20320,20560,19680,20070,4219272.10857
2023-01-25T20:00:00,20070,23540,19960,23000,9941970.47791
2023-01-26T00:00:00,23000,24500,22340,23470,12983790.677468
2023-01-26T04:00:00,23470,24170,22820,23310,5597349.077671
2023-01-26T08:00:00,23310,23830,22270,23000,5134365.500447
2023-01-26T12:00:00,23000,25430,22450,22690,13199491.66052
2023-01-26T16:00:00,22690,23210,21560,22040,3873247.912867
2023-01-26T20:00:00,22040,23170,21740,22820,2583942.077431
2023-01-27T00:00:00,22820,22960,21630,22530,5323594.10187
2023-01-27T04:00:00,22530,23640,22230,22700,4544456.901279
2023-01-27T08:00:00,22690,22710,21860,22090,2983010.902854
2023-01-27T12:00:00,22120,22830,21910,22130,3268132.395382
2023-01-27T16:00:00,22130,22890,22030,22860,1198178.64944
2023-01-27T20:00:00,22840,23140,22070,22280,1471832.971713
2023-01-28T00:00:00,22280,23880,22080,22560,7404593.42473
2023-01-28T04:00:00,22560,22730,21800,22170,2913380.512862
2023-01-28T08:00:00,22170,22390,21940,22100,1535734.055824
2023-01-28T12:00:00,22120,22700,21030,22390,5309399.961883
2023-01-28T16:00:00,22400,23250,22210,22800,4355163.095596
2023-01-28T20:00:00,22800,23130,22410,22500,1299248.151533
2023-01-29T00:00:00,22510,23320,22050,23040,4557864.427788
2023-01-29T04:00:00,23050,23400,22740,22860,2087405.449273
2023-01-29T08:00:00,22860,23040,22710,22830,1439145.629885
2023-01-29T12:00:00,22830,22840,22240,22620,3394722.274631
2023-01-29T16:00:00,22610,22670,21970,22280,1713005.21837
2023-01-29T20:00:00,22280,23640,22110,22940,2654580.750139
2023-01-30T00:00:00,22940,23090,22300,22640,2133209.989179
2023-01-30T04:00:00,22650,23250,22480,23070,2870550.420364
2023-01-30T08:00:00,23060,25400,21820,22080,18423049.554634
2023-01-30T12:00:00,22080,22450,21910,22210,3496798.49012
2023-01-30T16:00:00,22210,22310,20380,20980,3647346.233549
2023-01-30T20:00:00,20970,21910,20750,21690,2907717.188439
2023-01-31T00:00:00,21690,21880,20980,21180,3527887.683233
2023-01-31T04:00:00,21180,21250,20120,21000,4540397.539243
2023-01-31T08:00:00,21010,21010,20340,20830,3890158.293307
2023-01-31T12:00:00,20840,21680,20670,21250,4981760.521824
2023-01-31T16:00:00,21260,21840,21160,21420,1613461.537803
2023-01-31T20:00:00,21420,21500,20750,21080,2018630.553631
2023-02-01T00:00:00,21070,21170,20580,20860,2503813.39673
2023-02-01T04:00:00,20880,21430,20650,20770,2429025.121528
2023-02-01T08:00:00,20760,20840,20120,20600,2545779.304675
2023-02-01T12:00:00,20610,20970,19620,19950,2399767.956123
2023-02-01T16:00:00,19950,21250,19550,21040,3632859.89463
2023-02-01T20:00:00,21030,23000,20910,22890,6355846.632939
2023-02-02T00:00:00,22890,23180,22280,22460,5046654.263225
2023-02-02T04:00:00,22470,23340,22340,22750,3969738.530756
2023-02-02T08:00:00,22750,22970,22540,22720,1579079.984751
2023-02-02T12:00:00,22730,23110,22470,22790,3223800.91567
2023-02-02T16:00:00,22810,22940,21900,22080,1770341.059423
2023-02-02T20:00:00,22100,22410,21390,21680,2982812.670857
2023-02-03T00:00:00,21690,21720,20960,21140,3578451.921148
2023-02-03T04:00:00,21140,21480,20980,21040,1698267.561098
2023-02-03T08:00:00,21040,21350,20910,21210,2239848.596918
2023-02-03T12:00:00,21210,21920,20810,21550,4122794.09545
2023-02-03T16:00:00,21560,21770,21030,21150,1280796.456097
2023-02-03T20:00:00,21140,21530,21060,21350,1005416.17423
2023-02-04T00:00:00,21340,21450,21000,21090,1803024.802411
2023-02-04T04:00:00,21090,21170,20580,20830,1252418.047695
2023-02-04T08:00:00,20830,21020,20720,20940,623283.652716
2023-02-04T12:00:00,20940,21400,20830,20950,1475655.136796
2023-02-04T16:00:00,20950,21240,20770,20880,553682.332271
2023-02-04T20:00:00,20870,21220,20690,20800,603281.377056
2023-02-05T00:00:00,20800,21570,20600,20830,3163783.812016
2023-02-05T04:00:00,20830,21100,20810,20880,653839.673957
2023-02-05T08:00:00,20880,21000,20500,20600,1339381.827188
2023-02-05T12:00:00,20590,20690,18600,19400,4594255.082139
2023-02-05T16:00:00,19400,19670,18940,19250,1196724.29943
2023-02-05T20:00:00,19250,19700,18750,19470,1158127.20515
2023-02-06T00:00:00,19490,19650,18760,18960,1937713.906272
2023-02-06T04:00:00,18980,19200,18150,19040,3130803.490962
2023-02-06T08:00:00,19030,19380,18840,19170,1785144.733982
2023-02-06T12:00:00,19140,20380,18860,20210,3073788.419965
2023-02-06T16:00:00,20200,20370,19180,19240,2105537.892604
2023-02-06T20:00:00,19240,19320,18780,19190,1038937.59894
2023-02-07T00:00:00,19180,19780,19110,19630,2524913.328497
2023-02-07T04:00:00,19640,19700,19200,19410,893478.8048
2023-02-07T08:00:00,19400,20800,19280,20540,5003275.442174
2023-02-07T12:00:00,20530,20580,19620,19690,3279559.425865
2023-02-07T16:00:00,19650,20320,19310,19960,2187006.921072
2023-02-07T20:00:00,19960,20370,19670,20300,1399600.859698
2023-02-08T00:00:00,20300,20670,20100,20480,2005878.687336
2023-02-08T04:00:00,20480,20550,19970,20170,1045455.298813
2023-02-08T08:00:00,20170,20200,19820,19920,966610.07488
2023-02-08T12:00:00,19940,20060,19220,19350,1591470.847167
2023-02-08T16:00:00,19330,19540,18840,19220,1262243.619384
2023-02-08T20:00:00,19230,19360,18840,19210,667369.506897
2023-02-09T00:00:00,19220,19350,17760,18220,2860189.493701
2023-02-09T04:00:00,18220,18480,17930,18280,1129220.500987
2023-02-09T08:00:00,18280,18620,18120,18440,990065.536067
2023-02-09T12:00:00,18440,18660,18130,18200,1987580.523614
2023-02-09T16:00:00,18210,18320,17100,17330,1734476.662479
2023-02-09T20:00:00,17340,17490,16860,17240,2379690.667115
2023-02-10T00:00:00,17250,17450,16600,16730,2705602.615293
2023-02-10T04:00:00,16730,17000,16350,16950,2007229.848707
2023-02-10T08:00:00,16950,17080,16350,16410,1699454.945357
2023-02-10T12:00:00,16420,16990,16310,16940,2051929.697195
2023-02-10T16:00:00,16920,17620,16760,17160,2875693.551879
2023-02-10T20:00:00,17170,17850,16850,17750,1770461.833586
2023-02-11T00:00:00,17760,18060,17180,17420,2013168.240342
2023-02-11T04:00:00,17420,17630,17280,17420,714993.990016
2023-02-11T08:00:00,17430,17590,17280,17360,655752.318071
2023-02-11T12:00:00,17350,18990,17340,18450,7216061.549799
2023-02-11T16:00:00,18450,18520,17640,17790,1838046.474418
2023-02-11T20:00:00,17780,18300,17520,17990,1318508.588561
2023-02-12T00:00:00,17990,18230,17760,18010,1994002.537525
2023-02-12T04:00:00,17990,18140,17820,17960,884148.374413
2023-02-12T08:00:00,17960,18350,17890,18000,1534272.961531
2023-02-12T12:00:00,18000,18040,17450,17590,1870370.873682
2023-02-12T16:00:00,17600,17790,17540,17760,432609.123539
2023-02-12T20:00:00,17760,17780,16820,17000,1479703.174408
2023-02-13T00:00:00,16990,17220,16700,17050,1945043.847909
2023-02-13T04:00:00,17060,17230,16930,17080,728754.292382
2023-02-13T08:00:00,17090,17090,16060,16680,2837535.747017
2023-02-13T12:00:00,16670,17620,16640,17370,4248771.58145
2023-02-13T16:00:00,17380,17750,17130,17410,1346949.967242
2023-02-13T20:00:00,17420,17940,17270,17840,1388947.939821
2023-02-14T00:00:00,17840,18440,17750,17810,2633519.901058
2023-02-14T04:00:00,17810,18210,17750,18030,1139158.41496
2023-02-14T08:00:00,18030,18310,17770,17930,1571324.933354
2023-02-14T12:00:00,17940,18750,17540,18300,8676072.477218
2023-02-14T16:00:00,18300,18910,18220,18700,2336504.887948
2023-02-14T20:00:00,18700,19170,18520,19150,1613999.216151
2023-02-15T00:00:00,19150,19230,18670,18770,2316369.537501
2023-02-15T04:00:00,18770,18800,18400,18480,1644541.352288
2023-02-15T08:00:00,18460,18750,18280,18720,1617546.679758
2023-02-15T12:00:00,18720,19500,18720,19110,4468345.204809
2023-02-15T16:00:00,19120,19420,18970,19340,757780.666546
2023-02-15T20:00:00,19360,20980,19330,20420,3334911.899349
2023-02-16T00:00:00,20420,21470,20290,21130,3723184.292506
2023-02-16T04:00:00,21120,21150,20620,20800,1887976.761726
2023-02-16T08:00:00,20800,21120,20520,20600,1605428.443669
2023-02-16T12:00:00,20600,21000,20110,20840,2456612.038347
2023-02-16T16:00:00,20850,21000,20200,20290,1187024.191332
2023-02-16T20:00:00,20290,20310,18830,19010,2841995.66463
2023-02-17T00:00:00,19000,19580,18840,19320,2085318.782184
2023-02-17T04:00:00,19320,19390,18330,18530,2624981.239414
2023-02-17T08:00:00,18520,18970,18500,18840,1101106.96961
2023-02-17T12:00:00,18820,19080,18630,18860,1967602.991557
2023-02-17T16:00:00,18860,19140,18570,18990,1309717.652487
2023-02-17T20:00:00,19010,19290,18700,19000,1495010.959366
2023-02-18T00:00:00,19000,19370,18910,19130,1725085.995031
2023-02-18T04:00:00,19130,19200,18760,18830,999320.675391
2023-02-18T08:00:00,18840,18850,18350,18580,1437000.246319
2023-02-18T12:00:00,18570,18840,18530,18690,935901.4277
2023-02-18T16:00:00,18690,18950,18440,18490,489971.304999
2023-02-18T20:00:00,18480,18710,18360,18650,393331.234934
2023-02-19T00:00:00,18650,18810,18460,18520,911642.380575
2023-02-19T04:00:00,18520,18950,18500,18680,877225.868266
2023-02-19T08:00:00,18680,18730,18400,18570,726401.881182
2023-02-19T12:00:00,18570,18900,18540,18730,1231389.524517
2023-02-19T16:00:00,18730,19030,18260,18370,1543017.655176
2023-02-19T20:00:00,18370,18500,17950,18240,1187561.736263
2023-02-20T00:00:00,18230,18440,17680,18160,2075328.200346
2023-02-20T04:00:00,18160,18410,18150,18360,838705.967106
2023-02-20T08:00:00,18360,18530,18140,18270,1348716.018257
2023-02-20T12:00:00,18270,18370,18060,18250,1363139.732606
2023-02-20T16:00:00,18250,18260,17900,18100,525718.064818
2023-02-20T20:00:00,18100,18330,18090,18250,507224.07052
2023-02-21T00:00:00,18250,18310,17990,18010,1014946.353451
2023-02-21T04:00:00,18010,18200,17900,18100,667920.334964
2023-02-21T08:00:00,18100,18210,17550,17620,1327888.600013
2023-02-21T12:00:00,17610,17730,17300,17530,1183499.648002
2023-02-21T16:00:00,17530,17780,17350,17500,329298.628163
2023-02-21T20:00:00,17500,17580,17050,17470,501288.359042
2023-02-22T00:00:00,17460,17530,16810,17190,990120.086523
2023-02-22T04:00:00,17190,17210,16800,17030,606342.427379
2023-02-22T08:00:00,17030,17060,16630,16890,574615.595809
2023-02-22T12:00:00,16890,17750,16790,17680,1352103.698851
2023-02-22T16:00:00,17680,17930,17150,17790,1380582.015998
2023-02-22T20:00:00,17790,18360,17630,18190,1480940.277866
2023-02-23T00:00:00,18190,18500,17950,18060,1687929.437206
2023-02-23T04:00:00,18060,18150,17850,17960,574676.682125
2023-02-23T08:00:00,17970,18030,17460,17550,962885.682168
2023-02-23T12:00:00,17560,18100,17410,17790,1296929.627975
2023-02-23T16:00:00,17790,17810,17360,17660,345398.456015
2023-02-23T20:00:00,17670,17730,17510,17610,319781.190407
2023-02-24T00:00:00,17610,17820,17370,17450,880479.459145
2023-02-24T04:00:00,17450,17990,17320,17620,855082.476369
2023-02-24T08:00:00,17620,17840,17400,17500,732953.783129
2023-02-24T12:00:00,17500,17640,17070,17250,944093.43123
2023-02-24T16:00:00,17250,17250,16830,17100,535947.502513
2023-02-24T20:00:00,17100,17220,16810,17100,315957.101704
2023-02-25T00:00:00,17100,17150,16790,16910,527226.928212
2023-02-25T04:00:00,16910,16960,16660,16740,339018.70357
2023-02-25T08:00:00,16730,16860,16490,16500,463711.794369
2023-02-25T12:00:00,16500,16570,16140,16390,801638.065263
2023-02-25T16:00:00,16380,16520,15720,15880,468960.776206
2023-02-25T20:00:00,15880,16440,15430,16370,926748.32276
2023-02-26T00:00:00,16370,16680,16150,16560,717051.084551
2023-02-26T04:00:00,16560,16690,16480,16590,406990.733887
2023-02-26T08:00:00,16590,16900,16460,16650,700129.792906
2023-02-26T12:00:00,16660,16750,16360,16590,554389.086781
2023-02-26T16:00:00,16590,17100,16460,17100,309335.977883
2023-02-26T20:00:00,17100,17140,16600,16770,480412.217862
2023-02-27T00:00:00,16770,16810,16560,16630,478161.125576
2023-02-27T04:00:00,16640,16690,16480,16530,309559.131707
2023-02-27T08:00:00,16540,16670,16380,16590,392963.818891
2023-02-27T12:00:00,16600,17350,16510,16860,1462978.680238
2023-02-27T16:00:00,16870,16920,16200,16280,474778.49545
2023-02-27T20:00:00,16280,16560,16160,16460,290197.017786
2023-02-28T00:00:00,16460,16550,16260,16360,516537.132741
2023-02-28T04:00:00,16360,16370,15970,15990,511662.411892
2023-02-28T08:00:00,15990,16100,15890,15990,360882.553418
2023-02-28T12:00:00,15990,16370,15970,16170,490688.001416
2023-02-28T16:00:00,16170,16520,16000,16160,268693.761555
2023-02-28T20:00:00,16180,16190,15800,15950,366228.370481
2023-03-01T00:00:00,15950,16970,15820,16710,1982929.540341
2023-03-01T04:00:00,16710,17180,16670,16910,1379297.399606
2023-03-01T08:00:00,16910,17740,16900,17520,3161512.079273
2023-03-01T12:00:00,17520,17630,16980,17280,2310660.903394
2023-03-01T16:00:00,17280,17280,16930,17120,333420.996422
2023-03-01T20:00:00,17100,17780,17050,17740,946016.249042
2023-03-02T00:00:00,17730,18140,17250,17380,3026835.519838
2023-03-02T04:00:00,17370,17990,17150,17210,2915210.138214
2023-03-02T08:00:00,17210,17290,16830,17030,1287111.324378
2023-03-02T12:00:00,17040,17270,16720,16880,1112454.172917
2023-03-02T16:00:00,16870,17110,16690,16950,274826.7873
2023-03-02T20:00:00,16950,17170,16930,17030,351475.025844
2023-03-03T00:00:00,17020,17090,15340,15500,3549140.82839
2023-03-03T04:00:00,15490,15790,15480,15680,765004.328316
2023-03-03T08:00:00,15680,15860,15590,15660,537900.367093
2023-03-03T12:00:00,15680,15830,15500,15540,574617.47015
2023-03-03T16:00:00,15550,15690,15420,15600,217196.660922
2023-03-03T20:00:00,15590,15710,15410,15610,346994.189726
2023-03-04T00:00:00,15610,15750,15450,15510,527657.526174
2023-03-04T04:00:00,15520,15560,15220,15400,532761.321153
2023-03-04T08:00:00,15400,15410,15070,15310,363150.59053
2023-03-04T12:00:00,15310,15340,15070,15090,351195.860104
2023-03-04T16:00:00,15090,15200,14550,14630,588005.972508
2023-03-04T20:00:00,14630,15190,14290,15050,949334.700099
2023-03-05T00:00:00,15030,15350,14770,15050,1128540.731012
2023-03-05T04:00:00,15060,15300,14970,15010,299331.290793
2023-03-05T08:00:00,15000,15170,14810,15100,325000.206146
2023-03-05T12:00:00,15100,15230,14990,15130,363417.874642
2023-03-05T16:00:00,15130,15260,14910,14990,127644.490961
2023-03-05T20:00:00,14990,15200,14770,14930,335340.547592
2023-03-06T00:00:00,14920,15140,14630,14920,711757.569577
2023-03-06T04:00:00,14930,14960,14650,14800,383581.294916
2023-03-06T08:00:00,14810,14920,14690,14860,264419.775152
2023-03-06T12:00:00,14860,15320,14780,15300,555600.524018
2023-03-06T16:00:00,15300,15310,14920,14920,197385.251347
2023-03-06T20:00:00,14920,15060,14820,14980,168537.454571
2023-03-07T00:00:00,14980,15580,14890,15240,895038.214607
2023-03-07T04:00:00,15240,15300,15020,15130,420332.99479
2023-03-07T08:00:00,15120,15170,14710,14750,588840.870815
2023-03-07T12:00:00,14750,15010,14300,14830,1039376.714911
2023-03-07T16:00:00,14830,14930,14570,14580,225280.805311
2023-03-07T20:00:00,14580,14840,14460,14790,279917.753881
2023-03-08T00:00:00,14790,14900,14660,14750,326774.300085
2023-03-08T04:00:00,14750,14780,14350,14400,394729.478896
2023-03-08T08:00:00,14400,14600,14350,14470,286969.985783
2023-03-08T12:00:00,14470,14540,13920,14420,1114994.668257
2023-03-08T16:00:00,14410,14590,14070,14270,204976.02204
2023-03-08T20:00:00,14270,14450,13700,14070,546519.422143
2023-03-09T00:00:00,14060,14300,13900,14290,461815.938698
2023-03-09T04:00:00,14290,14360,14090,14150,283891.712631
2023-03-09T08:00:00,14160,14740,14110,14640,849558.487009
2023-03-09T12:00:00,14630,15330,14550,15070,1647514.367876
2023-03-09T16:00:00,15070,15380,14550,14770,867806.907273
2023-03-09T20:00:00,14780,15100,14340,15030,1908245.467833
2023-03-10T00:00:00,15040,15730,14530,15360,2635016.854652
2023-03-10T04:00:00,15350,15430,13570,13800,3243016.286743
2023-03-10T08:00:00,13800,13990,13280,13570,2478615.601427
2023-03-10T12:00:00,13580,14550,13510,14230,2993935.505887
2023-03-10T16:00:00,14230,14750,14030,14190,1197984.839442
2023-03-10T20:00:00,14210,14740,14030,14630,871484.017761
2023-03-11T00:00:00,14630,15110,14400,14470,1785947.590156
2023-03-11T04:00:00,14460,14500,13580,13740,1341625.498179
2023-03-11T08:00:00,13740,14010,13530,13710,1223696.827655
2023-03-11T12:00:00,13720,13900,13550,13640,737082.759334
2023-03-11T16:00:00,13640,14080,13570,13890,356275.078557
2023-03-11T20:00:00,13890,14200,13890,14130,431432.750714
2023-03-12T00:00:00,14130,14200,13790,13960,739707.875459
2023-03-12T04:00:00,13960,14060,13700,13820,346198.965648
2023-03-12T08:00:00,13820,14000,13780,13900,253150.913868
2023-03-12T12:00:00,13900,13960,13480,13600,547125.079498
2023-03-12T16:00:00,13590,14420,13520,13940,751225.39137
2023-03-12T20:00:00,13950,16000,13820,15770,2732703.525757
2023-03-13T00:00:00,15770,15980,15320,15420,1867007.977723
2023-03-13T04:00:00,15420,16080,15420,15860,984333.46029
2023-03-13T08:00:00,15860,15990,15100,15370,1100536.005606
2023-03-13T12:00:00,15380,16560,15160,16140,4121655.347564
2023-03-13T16:00:00,16140,16480,15970,16290,820066.18063
2023-03-13T20:00:00,16300,16690,16110,16200,884398.923408
2023-03-14T00:00:00,16200,16520,15970,16500,846662.731451
2023-03-14T04:00:00,16500,16920,15880,16000,1680191.545469
2023-03-14T08:00:00,15990,16280,15660,16210,832290.635284
2023-03-14T12:00:00,16200,19080,15830,18390,10833654.845835
2023-03-14T16:00:00,18390,18800,17560,18060,2530577.957509
2023-03-14T20:00:00,18050,18190,17210,17850,1328672.006343
2023-03-15T00:00:00,17850,18710,17460,18040,2536209.325493
2023-03-15T04:00:00,18040,18400,17920,18310,1158626.121882
2023-03-15T08:00:00,18310,18350,17300,17920,1833864.641591
2023-03-15T12:00:00,17920,18340,16520,16570,3807551.753925
2023-03-15T16:00:00,16560,16760,16100,16340,1640119.109495
2023-03-15T20:00:00,16350,16680,16260,16400,1129342.128443
2023-03-16T00:00:00,16400,16610,15900,16310,1203333.938602
2023-03-16T04:00:00,16310,16480,15810,16400,1000082.128534
2023-03-16T08:00:00,16410,16670,16080,16560,1150314.309213
2023-03-16T12:00:00,16560,16560,15900,16420,1115692.736808
2023-03-16T16:00:00,16400,16470,16040,16410,336573.399573
2023-03-16T20:00:00,16420,16550,16070,16440,465425.223286
2023-03-17T00:00:00,16440,17250,16200,16980,1808012.098661
2023-03-17T04:00:00,16990,17320,16960,17240,1231994.67478
2023-03-17T08:00:00,17240,17740,17020,17620,1662006.78569
2023-03-17T12:00:00,17620,17630,16520,16770,1546887.821177
2023-03-17T16:00:00,16780,17170,16670,17140,551766.045107
2023-03-17T20:00:00,17140,18000,16970,17850,1608597.322052
2023-03-18T00:00:00,17840,18690,17710,18330,3685511.589233
2023-03-18T04:00:00,18330,18840,18170,18700,1384407.23345
2023-03-18T08:00:00,18690,18720,18000,18490,1372309.331145
2023-03-18T12:00:00,18480,18510,17340,17500,1524018.056287
2023-03-18T16:00:00,17490,17750,16860,17470,1033757.301585
2023-03-18T20:00:00,17470,17710,16910,17030,706814.119155
2023-03-19T00:00:00,17030,17650,17020,17630,930083.881162
2023-03-19T04:00:00,17620,17690,17040,17350,663777.46827
2023-03-19T08:00:00,17350,17440,16720,17250,826618.280496
2023-03-19T12:00:00,17250,17490,17010,17380,674650.468772
2023-03-19T16:00:00,17360,17840,17300,17520,501860.644554
2023-03-19T20:00:00,17510,17810,17050,17330,623138.809899
2023-03-20T00:00:00,17330,17490,16630,16730,971532.81342
2023-03-20T04:00:00,16730,17190,16530,17140,517934.887534
2023-03-20T08:00:00,17140,17190,16870,16910,533570.316218
2023-03-20T12:00:00,16910,17050,16760,16810,441532.23582
2023-03-20T16:00:00,16810,16880,16180,16300,437187.159068
2023-03-20T20:00:00,16300,16560,16180,16300,397143.44015
2023-03-21T00:00:00,16300,16530,16140,16270,532094.614114
2023-03-21T04:00:00,16270,16350,15720,15830,595584.830348
2023-03-21T08:00:00,15800,16150,15560,16080,707792.72067
2023-03-21T12:00:00,16080,16590,16010,16310,714233.681444
2023-03-21T16:00:00,16310,16490,15860,16000,269972.577163
2023-03-21T20:00:00,16010,16290,15970,16240,250853.838916
2023-03-22T00:00:00,16230,16230,15690,15980,442867.232453
2023-03-22T04:00:00,15980,16100,15900,15970,191287.819309
2023-03-22T08:00:00,15960,16110,15820,15920,221532.369
2023-03-22T12:00:00,15920,16490,15860,16200,436628.019842
2023-03-22T16:00:00,16200,16660,15690,16260,763949.31259
2023-03-22T20:00:00,16250,17590,16020,17470,1833965.429033
2023-03-23T00:00:00,17470,17600,16410,16420,1378163.656892
2023-03-23T04:00:00,16420,16870,16350,16660,549015.264854
2023-03-23T08:00:00,16660,16810,16600,16770,404132.161896
2023-03-23T12:00:00,16770,17180,16460,16890,1253277.898156
2023-03-23T16:00:00,16890,17470,16820,17190,946590.205014
2023-03-23T20:00:00,17180,17550,17040,17510,597822.046744
2023-03-24T00:00:00,17510,17510,17020,17060,790802.740764
2023-03-24T04:00:00,17050,17330,17000,17130,414236.169793
2023-03-24T08:00:00,17140,17150,16630,16710,879708.05131
2023-03-24T12:00:00,16710,17020,16660,16740,559126.806862
2023-03-24T16:00:00,16740,16750,16240,16410,387905.265156
2023-03-24T20:00:00,16410,16440,16160,16360,389382.905665
2023-03-25T00:00:00,16350,16430,16150,16250,385391.733736
2023-03-25T04:00:00,16230,16300,15910,16020,570045.367644
2023-03-25T08:00:00,16020,16030,15800,15940,319535.130734
2023-03-25T12:00:00,15940,16020,15780,15910,351883.40475
2023-03-25T16:00:00,15910,15980,15360,15500,346225.839991
2023-03-25T20:00:00,15490,15610,15440,15540,240848.917611
2023-03-26T00:00:00,15540,15640,15220,15580,514155.34705
2023-03-26T04:00:00,15580,15760,15500,15670,327976.688468
2023-03-26T08:00:00,15670,15840,15580,15820,287724.957597
2023-03-26T12:00:00,15820,15970,15630,15700,556930.361491
2023-03-26T16:00:00,15700,15850,15610,15770,86890.588458
2023-03-26T20:00:00,15770,15850,15650,15740,124607.485528
2023-03-27T00:00:00,15750,16040,15620,15740,600936.789407
2023-03-27T04:00:00,15740,15780,15410,15430,309708.080168
2023-03-27T08:00:00,15430,15520,15360,15480,197815.288847
2023-03-27T12:00:00,15510,15530,14550,14810,1018105.445271
2023-03-27T16:00:00,14810,14980,14440,14490,300786.223183
2023-03-27T20:00:00,14480,14850,14480,14840,270981.982127
2023-03-28T00:00:00,14840,14880,14320,14440,435560.103948
2023-03-28T04:00:00,14450,14670,14430,14510,201547.378888
2023-03-28T08:00:00,14520,14680,14340,14620,239842.170989
2023-03-28T12:00:00,14620,14770,14500,14670,205196.988107
2023-03-28T16:00:00,14670,14940,14470,14870,163467.625186
2023-03-28T20:00:00,14870,14940,14690,14920,317326.192335
2023-03-29T00:00:00,14910,15100,14830,14910,369671.046122
2023-03-29T04:00:00,14910,15330,14890,15260,451591.234345
2023-03-29T08:00:00,15260,15550,15240,15350,539976.35271
2023-03-29T12:00:00,15350,15460,15120,15270,489991.273619
2023-03-29T16:00:00,15260,15410,15120,15390,83263.903805
2023-03-29T20:00:00,15390,15470,15210,15340,177666.556834
2023-03-30T00:00:00,15340,15590,14900,15140,714747.842044
2023-03-30T04:00:00,15140,15250,14960,15000,407853.664486
2023-03-30T08:00:00,14990,15030,14780,14940,316569.97094
2023-03-30T12:00:00,14940,14950,14580,14660,307688.725372
2023-03-30T16:00:00,14650,14750,14420,14650,169128.502414
2023-03-30T20:00:00,14650,14800,14620,14790,146502.320203
2023-03-31T00:00:00,14790,14850,14650,14670,199671.741016
2023-03-31T04:00:00,14670,15150,14600,14910,499852.61537
2023-03-31T08:00:00,14910,15170,14820,14880,486718.079969
2023-03-31T12:00:00,14880,15070,14830,14940,286300.614781
2023-03-31T16:00:00,14950,14960,14850,14900,42700.489019
2023-03-31T20:00:00,14900,15090,14890,15010,129551.779743
2023-04-01T00:00:00,15010,15190,14980,15020,255086.928582
2023-04-01T04:00:00,15020,15110,14800,14830,181924.772824
2023-04-01T08:00:00,14830,14890,14680,14820,179825.515869
2023-04-01T12:00:00,14820,14880,14760,14800,96276.760128
2023-04-01T16:00:00,14800,14950,14690,14850,70137.560593
2023-04-01T20:00:00,14880,14970,14830,14870,78255.058297
2023-04-02T00:00:00,14880,14910,14750,14840,143084.076802
2023-04-02T04:00:00,14840,15190,14790,15090,266121.665327
2023-04-02T08:00:00,15090,16280,15030,16130,4038500.302916
2023-04-02T12:00:00,16130,16660,15740,16040,4750894.226991
2023-04-02T16:00:00,16040,16590,15930,16030,811868.930476
2023-04-02T20:00:00,16030,16310,15810,16110,1013199.432863
2023-04-03T00:00:00,16100,16100,14970,15270,1512795.291997
2023-04-03T04:00:00,15280,15400,15120,15400,577943.102798
2023-04-03T08:00:00,15370,15520,15260,15300,761171.552866
2023-04-03T12:00:00,15300,15400,15120,15190,656503.273383
2023-04-03T16:00:00,15190,15390,15010,15250,428899.402398
2023-04-03T20:00:00,15250,15310,14680,15010,680800.400342
2023-04-04T00:00:00,15010,15060,14780,14820,484470.650005
2023-04-04T04:00:00,14820,15040,14740,14970,371846.344583
2023-04-04T08:00:00,14970,15260,14940,15190,620231.527455
2023-04-04T12:00:00,15190,15270,15040,15120,238642.865908
2023-04-04T16:00:00,15120,15190,15050,15140,55077.404111
2023-04-04T20:00:00,15160,15240,15080,15140,98352.496533
2023-04-05T00:00:00,15140,15360,15010,15310,360561.649082
2023-04-05T04:00:00,15320,15790,15300,15500,607825.777172
2023-04-05T08:00:00,15490,15570,15400,15530,211546.59426
2023-04-05T12:00:00,15520,15570,14900,14980,376983.86628
2023-04-05T16:00:00,14970,15300,14920,15230,103608.468783
2023-04-05T20:00:00,15230,15280,15120,15220,154139.449405
2023-04-06T00:00:00,15220,15240,14810,15080,299194.434928
2023-04-06T04:00:00,15070,15440,15000,15180,290999.180364
2023-04-06T08:00:00,15180,15460,15100,15400,372772.882642
2023-04-06T12:00:00,15390,15480,14980,15210,321519.604583
2023-04-06T16:00:00,15210,15370,15040,15240,55387.120585
2023-04-06T20:00:00,15270,15330,15080,15150,108367.910389
2023-04-07T00:00:00,15150,15270,14950,15010,235301.60295
2023-04-07T04:00:00,15010,15090,14780,14830,211573.49052
2023-04-07T08:00:00,14830,14910,14660,14720,166679.397062
2023-04-07T12:00:00,14720,14860,14650,14800,142500.112797
2023-04-07T16:00:00,14800,14800,14680,14740,40120.186706
2023-04-07T20:00:00,14740,14840,14700,14780,61409.727264
2023-04-08T00:00:00,14780,14970,14770,14940,188797.977654
2023-04-08T04:00:00,14940,14950,14830,14850,74749.961652
2023-04-08T08:00:00,14850,14900,14810,14860,62317.874459
2023-04-08T12:00:00,14860,14900,14800,14850,75169.184931
2023-04-08T16:00:00,14850,14880,14130,14380,213779.602747
2023-04-08T20:00:00,14380,14720,14370,14650,86330.46575
2023-04-09T00:00:00,14640,14750,14550,14570,115225.407978
2023-04-09T04:00:00,14550,14590,14410,14460,118082.841958
2023-04-09T08:00:00,14450,14580,14450,14510,65521.818621
2023-04-09T12:00:00,14500,14660,14480,14600,100862.028261
2023-04-09T16:00:00,14600,14650,14480,14600,27194.581425
2023-04-09T20:00:00,14620,14710,14540,14600,96127.940772
2023-04-10T00:00:00,14600,14660,14410,14540,146809.133729
2023-04-10T04:00:00,14540,14570,14460,14470,70740.272134
2023-04-10T08:00:00,14480,14580,14460,14570,61994.830202
2023-04-10T12:00:00,14570,14650,14460,14590,98333.055279
2023-04-10T16:00:00,14570,14880,14540,14770,105731.216754
2023-04-10T20:00:00,14780,15090,14690,15050,210849.375549
2023-04-11T00:00:00,15050,15060,14890,14960,259120.458599
2023-04-11T04:00:00,14950,15520,14940,15370,895555.512076
2023-04-11T08:00:00,15370,15570,15260,15360,385140.685716
2023-04-11T12:00:00,15350,15980,15230,15880,816018.744354
2023-04-11T16:00:00,15870,16000,15600,15630,245071.209248
2023-04-11T20:00:00,15630,15660,15500,15550,190083.803567
2023-04-12T00:00:00,15550,15940,14720,14930,1033133.397922
2023-04-12T04:00:00,14930,15280,14810,15160,389670.705981
2023-04-12T08:00:00,15160,15180,14910,14970,267550.908815
2023-04-12T12:00:00,14970,15290,14900,15080,442874.687861
2023-04-12T16:00:00,15090,15250,14910,15000,70542.290929
2023-04-12T20:00:00,15010,15120,15010,15060,90081.985925
2023-04-13T00:00:00,15060,15130,14950,15080,135470.200402
2023-04-13T04:00:00,15070,15460,15030,15450,189226.755909
2023-04-13T08:00:00,15450,15680,15350,15490,654296.749283
2023-04-13T12:00:00,15500,16420,15450,16320,1986614.849665
2023-04-13T16:00:00,16320,16470,16010,16180,448432.262987
2023-04-13T20:00:00,16180,16380,16020,16230,420655.653205
2023-04-14T00:00:00,16240,16800,16090,16540,1205828.811525
2023-04-14T04:00:00,16530,17650,16450,16700,2144008.084225
2023-04-14T08:00:00,16690,16900,16520,16760,668018.355218
2023-04-14T12:00:00,16750,16810,16030,16040,733157.249594
2023-04-14T16:00:00,16040,16730,16040,16620,238736.224896
2023-04-14T20:00:00,16600,16800,16520,16550,265104.686105
2023-04-15T00:00:00,16540,16720,16300,16600,424773.991115
2023-04-15T04:00:00,16600,16700,16410,16650,199941.710105
2023-04-15T08:00:00,16650,16900,16580,16680,302751.452679
2023-04-15T12:00:00,16680,16900,16560,16740,238254.234366
2023-04-15T16:00:00,16750,16810,16430,16620,106514.834538
2023-04-15T20:00:00,16630,16670,16510,16510,75006.866455
2023-04-16T00:00:00,16520,16530,16180,16300,210721.785844
2023-04-16T04:00:00,16300,16460,16280,16410,86760.03253
2023-04-16T08:00:00,16410,16430,16250,16290,101702.803688
2023-04-16T12:00:00,16290,16400,16190,16330,95486.337324
2023-04-16T16:00:00,16300,16530,16210,16320,65220.758776
2023-04-16T20:00:00,16320,16630,16180,16430,159002.839612
2023-04-17T00:00:00,16430,16880,16040,16590,590694.27797
2023-04-17T04:00:00,16600,16680,16230,16250,267966.702912
2023-04-17T08:00:00,16260,16420,16070,16190,201727.08578
2023-04-17T12:00:00,16170,16510,15920,16090,357325.823741
2023-04-17T16:00:00,16090,16270,16050,16250,58190.607398
2023-04-17T20:00:00,16260,16280,16100,16170,59477.667645
2023-04-18T00:00:00,16170,16300,15930,16180,198068.08687
2023-04-18T04:00:00,16180,16650,16170,16590,326299.769466
2023-04-18T08:00:00,16590,16700,16450,16620,216049.911618
2023-04-18T12:00:00,16630,16660,16280,16360,216815.419053
2023-04-18T16:00:00,16360,16430,16220,16280,50977.00228
2023-04-18T20:00:00,16290,16580,16270,16560,95409.318255
2023-04-19T00:00:00,16550,17280,16360,16520,1250094.517507
2023-04-19T04:00:00,16520,16520,16300,16310,151620.087492
2023-04-19T08:00:00,16320,16320,15200,15520,810391.344695
2023-04-19T12:00:00,15520,15670,15370,15500,275052.325485
2023-04-19T16:00:00,15490,15520,15260,15370,126117.378666
2023-04-19T20:00:00,15380,15420,14830,15060,378807.706513
2023-04-20T00:00:00,15060,15260,14820,15080,274525.300736
2023-04-20T04:00:00,15100,15170,14910,14920,149550.169849
2023-04-20T08:00:00,14920,15160,14800,14840,219092.526999
2023-04-20T12:00:00,14820,15210,14700,14760,336254.822858
2023-04-20T16:00:00,14760,14810,14470,14570,266032.270355
2023-04-20T20:00:00,14550,14820,14550,14730,108692.295345
2023-04-21T00:00:00,14730,14870,14610,14830,220677.767979
2023-04-21T04:00:00,14820,14920,14520,14710,193379.940012
2023-04-21T08:00:00,14730,14800,14500,14560,143000.768787
2023-04-21T12:00:00,14550,14720,14400,14420,160427.054277
2023-04-21T16:00:00,14420,14440,13570,13680,415159.196993
2023-04-21T20:00:00,13670,13770,13410,13550,454551.534747
2023-04-22T00:00:00,13550,13580,13230,13510,420391.822283
2023-04-22T04:00:00,13510,13620,13390,13460,193014.831283
2023-04-22T08:00:00,13460,13560,13380,13510,103525.47184
2023-04-22T12:00:00,13510,13880,13490,13770,253664.205709
2023-04-22T16:00:00,13760,13950,13580,13580,85154.188135
2023-04-22T20:00:00,13590,13860,13590,13830,153032.807511
2023-04-23T00:00:00,13830,13830,13430,13600,178842.877359
2023-04-23T04:00:00,13600,13680,13550,13660,94969.959467
2023-04-23T08:00:00,13650,13760,13570,13660,112242.794469
2023-04-23T12:00:00,13660,13890,13410,13480,143108.123917
2023-04-23T16:00:00,13470,13580,13360,13510,39887.730766
2023-04-23T20:00:00,13510,13660,13510,13630,35615.327835
2023-04-24T00:00:00,13620,13860,13420,13650,237391.560201
2023-04-24T04:00:00,13660,13690,13350,13480,141928.225786
2023-04-24T08:00:00,13470,13680,13310,13680,146577.76109
2023-04-24T12:00:00,13680,14000,13500,13550,666215.154675
2023-04-24T16:00:00,13550,13950,13440,13720,148656.58197
2023-04-24T20:00:00,13730,13780,13610,13660,63858.335361
2023-04-25T00:00:00,13660,13690,13210,13230,271607.193539
2023-04-25T04:00:00,13260,13400,13210,13240,122040.090494
2023-04-25T08:00:00,13250,13380,13200,13290,191225.978934
2023-04-25T12:00:00,13290,13480,13030,13160,295965.553426
2023-04-25T16:00:00,13170,13490,13120,13370,130490.512755
2023-04-25T20:00:00,13370,14030,13370,13860,319172.848288
2023-04-26T00:00:00,13860,13910,13670,13750,185840.759037
2023-04-26T04:00:00,13750,13820,13600,13670,108217.987173
2023-04-26T08:00:00,13670,14240,13660,14080,427587.142466
2023-04-26T12:00:00,14080,14450,14070,14260,579143.335383
2023-04-26T16:00:00,14260,14330,13180,13280,296194.796199
2023-04-26T20:00:00,13280,13590,12800,13420,450156.296363
2023-04-27T00:00:00,13420,13890,13330,13550,368601.553846
2023-04-27T04:00:00,13550,13700,13420,13540,135573.905614
2023-04-27T08:00:00,13540,13580,13420,13530,104953.161391
2023-04-27T12:00:00,13530,13690,13330,13580,141483.162023
2023-04-27T16:00:00,13590,13770,13490,13660,77054.923779
2023-04-27T20:00:00,13690,13730,13440,13560,105142.902993
2023-04-28T00:00:00,13580,13600,13390,13450,122981.24893
2023-04-28T04:00:00,13450,13580,13440,13540,72514.825758
2023-04-28T08:00:00,13550,13550,13370,13410,110800.258584
2023-04-28T12:00:00,13410,13520,13250,13370,120281.711249
2023-04-28T16:00:00,13370,13510,13340,13450,62426.123535
2023-04-28T20:00:00,13450,13660,13430,13550,99585.149512
2023-04-29T00:00:00,13560,14490,13470,14110,1180591.959469
2023-04-29T04:00:00,14100,14390,14020,14120,1399496.199764
2023-04-29T08:00:00,14120,14570,14030,14350,1509192.467344
2023-04-29T12:00:00,14360,14480,14160,14290,622575.224206
2023-04-29T16:00:00,14310,14420,14030,14280,252354.98717
2023-04-29T20:00:00,14280,14430,14260,14300,282519.903336
2023-04-30T00:00:00,14300,14640,14010,14060,1050341.25027
2023-04-30T04:00:00,14060,14330,14030,14170,267374.079412
2023-04-30T08:00:00,14170,14210,14080,14130,188973.431265
2023-04-30T12:00:00,14130,14280,14060,14100,301651.280142
2023-04-30T16:00:00,14110,14240,13940,14060,141852.900051
2023-04-30T20:00:00,14060,14090,13800,13810,196505.625744
2023-05-01T00:00:00,13830,13890,13400,13500,518192.978304
2023-05-01T04:00:00,13500,13710,13450,13670,134395.720274
2023-05-01T08:00:00,13670,13690,13540,13560,100899.6189
2023-05-01T12:00:00,13550,13580,13330,13430,194877.086653
2023-05-01T16:00:00,13440,13490,13190,13260,112596.601818
2023-05-01T20:00:00,13260,13410,13230,13340,80840.933784
2023-05-02T00:00:00,13340,13360,13160,13250,129537.502952
2023-05-02T04:00:00,13250,13300,13150,13280,107625.934741
2023-05-02T08:00:00,13290,13360,13190,13360,86057.913046
2023-05-02T12:00:00,13370,13410,13150,13300,177676.643191
2023-05-02T16:00:00,13300,13380,13220,13310,70417.900198
2023-05-02T20:00:00,13340,13410,13290,13310,78733.193454
2023-05-03T00:00:00,13320,13320,12900,13020,289988.566105
2023-05-03T04:00:00,13020,13100,12970,13060,127380.726772
2023-05-03T08:00:00,13070,13280,12960,13010,215868.529759
2023-05-03T12:00:00,13000,13000,12710,12810,426187.618172
2023-05-03T16:00:00,12810,13090,12750,12940,182313.686126
2023-05-03T20:00:00,12950,13540,12930,13350,318775.263738
2023-05-04T00:00:00,13360,13390,13190,13280,306647.697637
2023-05-04T04:00:00,13280,13340,13220,13240,91804.455097
2023-05-04T08:00:00,13240,13340,13180,13250,90922.816477
2023-05-04T12:00:00,13250,13270,13000,13010,172345.655947
2023-05-04T16:00:00,13020,13080,12850,12960,87376.809836
2023-05-04T20:00:00,12960,12990,12890,12940,64884.144679
2023-05-05T00:00:00,12950,13050,12820,12960,157529.34275
2023-05-05T04:00:00,12970,13010,12860,12930,61889.926884
2023-05-05T08:00:00,12930,12990,12880,12960,74444.434254
2023-05-05T12:00:00,12960,13090,12720,13030,171200.489687
2023-05-05T16:00:00,13030,13130,12950,13010,92481.967353
2023-05-05T20:00:00,13020,13110,12980,13030,55096.317525
2023-05-06T00:00:00,13030,13130,12770,12810,183830.148828
2023-05-06T04:00:00,12830,12850,12720,12730,175365.855473
2023-05-06T08:00:00,12730,12730,12440,12540,378904.093748
2023-05-06T12:00:00,12550,12550,12120,12190,792631.331194
2023-05-06T16:00:00,12190,12500,12170,12380,120905.200018
2023-05-06T20:00:00,12380,12450,12290,12340,66419.550356
2023-05-07T00:00:00,12340,12570,12280,12320,255527.240104
2023-05-07T04:00:00,12310,12450,12290,12410,86030.600546
2023-05-07T08:00:00,12410,12470,12340,12430,102711.197741
2023-05-07T12:00:00,12430,12560,12390,12400,172086.640156
2023-05-07T16:00:00,12400,12490,12300,12430,54540.744491
2023-05-07T20:00:00,12420,12450,12250,12320,101063.828374
2023-05-08T00:00:00,12330,12410,11410,11680,530814.228485
2023-05-08T04:00:00,11680,11740,11480,11630,224569.856639
2023-05-08T08:00:00,11620,11820,11510,11760,168843.411064
2023-05-08T12:00:00,11760,11820,11640,11740,109796.154986
2023-05-08T16:00:00,11740,11750,10870,10990,355049.642899
2023-05-08T20:00:00,10990,11220,10960,11190,269303.077478
2023-05-09T00:00:00,11180,11260,11010,11040,180237.775865
2023-05-09T04:00:00,11040,11160,10900,11160,214058.541899
2023-05-09T08:00:00,11150,11280,11030,11240,185518.690534
2023-05-09T12:00:00,11240,11300,11070,11110,200390.392388
2023-05-09T16:00:00,11100,11280,11080,11260,62004.673179
2023-05-09T20:00:00,11270,11300,11160,11220,71951.420086
2023-05-10T00:00:00,11220,11310,11120,11180,109904.198537
2023-05-10T04:00:00,11170,11290,11150,11250,113225.235598
2023-05-10T08:00:00,11260,11300,11150,11290,207801.564426
2023-05-10T12:00:00,11300,11660,11220,11520,357756.149957
2023-05-10T16:00:00,11540,11730,10960,11550,282598.658899
2023-05-10T20:00:00,11570,11750,11490,11550,134951.671795
2023-05-11T00:00:00,11530,11550,11190,11200,153051.256007
2023-05-11T04:00:00,11200,11260,11080,11160,90915.51538
2023-05-11T08:00:00,11160,11270,11070,11190,145784.346008
2023-05-11T12:00:00,11180,11400,10920,10980,217755.820406
2023-05-11T16:00:00,10980,11060,10730,10820,193534.295598
2023-05-11T20:00:00,10820,10930,10800,10880,171061.712075
2023-05-12T00:00:00,10880,10920,10480,10500,423948.300912
2023-05-12T04:00:00,10500,10830,10430,10760,249579.228754
2023-05-12T08:00:00,10750,10930,10750,10800,156802.225174
2023-05-12T12:00:00,10790,10970,10700,10760,176171.701316
2023-05-12T16:00:00,10760,11080,10680,11060,166525.174822
2023-05-12T20:00:00,11050,11300,11010,11250,211875.353656
2023-05-13T00:00:00,11250,11280,11060,11180,150416.412182
2023-05-13T04:00:00,11170,11220,11100,11200,41833.147149
2023-05-13T08:00:00,11200,11270,11150,11220,52456.784749
2023-05-13T12:00:00,11220,11240,11100,11170,77636.125643
2023-05-13T16:00:00,11170,11300,11140,11210,49751.192008
2023-05-13T20:00:00,11230,11350,11210,11240,51706.185975
2023-05-14T00:00:00,11240,11250,11020,11160,107048.011091
2023-05-14T04:00:00,11150,11490,11110,11370,139265.525009
2023-05-14T08:00:00,11370,11390,11260,11280,63143.120788
2023-05-14T12:00:00,11280,11790,11220,11580,194526.34921
2023-05-14T16:00:00,11590,11760,11390,11420,107182.053295
2023-05-14T20:00:00,11400,11530,11380,11450,68249.318668
2023-05-15T00:00:00,11450,11560,11230,11500,163526.009725
2023-05-15T04:00:00,11500,11740,11450,11740,134339.852602
2023-05-15T08:00:00,11740,12140,11690,11740,645177.788943
2023-05-15T12:00:00,11750,11790,11620,11730,223411.763399
2023-05-15T16:00:00,11730,11840,11620,11680,58496.477956
2023-05-15T20:00:00,11680,11710,11530,11570,93345.354715
2023-05-16T00:00:00,11560,11630,11420,11510,215635.344779
2023-05-16T04:00:00,11520,11680,11470,11660,72547.76367
2023-05-16T08:00:00,11670,11780,11560,11560,167449.809671
2023-05-16T12:00:00,11570,11610,11460,11590,100543.642621
2023-05-16T16:00:00,11590,11610,11450,11470,25162.346027
2023-05-16T20:00:00,11470,11590,11450,11490,58186.172033
2023-05-17T00:00:00,11490,11700,11360,11590,114083.003063
2023-05-17T04:00:00,11600,11640,11300,11320,116124.808415
2023-05-17T08:00:00,11320,11450,11260,11320,243025.746063
2023-05-17T12:00:00,11320,11430,11250,11360,114114.751405
2023-05-17T16:00:00,11380,11890,11310,11830,121257.298852
2023-05-17T20:00:00,11820,11900,11670,11670,109212.578941
2023-05-18T00:00:00,11680,11690,11560,11640,110562.560904
2023-05-18T04:00:00,11640,11660,11500,11640,91080.766218
2023-05-18T08:00:00,11640,11770,11590,11690,113559.533551
2023-05-18T12:00:00,11680,11690,11440,11580,93936.010922
2023-05-18T16:00:00,11550,11670,11280,11450,121326.285343
2023-05-18T20:00:00,11440,11650,11430,11510,57681.730831
2023-05-19T00:00:00,11510,11560,11360,11420,62735.158012
2023-05-19T04:00:00,11420,11490,11390,11430,32369.182658
2023-05-19T08:00:00,11420,11470,11320,11320,63302.754804
2023-05-19T12:00:00,11330,11470,11270,11440,112573.366965
2023-05-19T16:00:00,11440,11450,11290,11320,35960.220572
2023-05-19T20:00:00,11320,11370,11300,11350,19305.211213
2023-05-20T00:00:00,11360,11360,11240,11320,46024.905811
2023-05-20T04:00:00,11320,11340,11270,11310,25301.733646
2023-05-20T08:00:00,11310,11350,11310,11320,31625.491482
2023-05-20T12:00:00,11320,11440,11310,11400,25728.199475
2023-05-20T16:00:00,11400,11440,11310,11350,23252.783242
2023-05-20T20:00:00,11350,11360,11320,11350,13138.122249
2023-05-21T00:00:00,11350,11400,11310,11330,29381.928927
2023-05-21T04:00:00,11330,11350,11280,11310,31217.279187
2023-05-21T08:00:00,11290,11330,11100,11170,89496.977176
2023-05-21T12:00:00,11170,11230,11050,11080,86212.99086
2023-05-21T16:00:00,11080,11110,11000,11030,71960.133854
2023-05-21T20:00:00,11040,11070,10880,10990,97350.916875
2023-05-22T00:00:00,10990,11050,10730,10840,160346.831942
2023-05-22T04:00:00,10850,10900,10790,10870,54502.552501
2023-05-22T08:00:00,10860,10960,10850,10920,62657.376318
2023-05-22T12:00:00,10920,11010,10820,10940,113858.263382
2023-05-22T16:00:00,10940,11010,10850,10880,20773.239853
2023-05-22T20:00:00,10890,10920,10840,10850,50362.530502
2023-05-23T00:00:00,10850,11160,10700,11140,234030.622615
2023-05-23T04:00:00,11140,11150,11020,11090,132834.637968
2023-05-23T08:00:00,11100,11280,11060,11220,160276.212368
2023-05-23T12:00:00,11220,11280,11140,11200,189567.543067
2023-05-23T16:00:00,11230,11310,11140,11220,45476.407906
2023-05-23T20:00:00,11200,11420,11190,11350,175170.779666
2023-05-24T00:00:00,11350,11400,11000,11120,299128.377497
2023-05-24T04:00:00,11120,11160,11000,11000,141487.397428
2023-05-24T08:00:00,11000,11130,10990,11010,84631.912926
2023-05-24T12:00:00,11020,11030,10600,10810,368248.779034
2023-05-24T16:00:00,10810,10890,10770,10840,54107.260062
2023-05-24T20:00:00,10840,10980,10810,10870,91164.522659
2023-05-25T00:00:00,10880,10910,10450,10650,327583.129732
2023-05-25T04:00:00,10650,10700,10600,10610,77106.942982
2023-05-25T08:00:00,10610,10720,10600,10690,74733.540762
2023-05-25T12:00:00,10720,10800,10650,10690,146913.878736
2023-05-25T16:00:00,10680,10830,10680,10770,36053.844556
2023-05-25T20:00:00,10770,10770,10690,10690,49535.497459
2023-05-26T00:00:00,10690,10730,10580,10630,131800.602214
2023-05-26T04:00:00,10650,10670,10500,10660,71358.518118
2023-05-26T08:00:00,10660,10780,10660,10770,67394.917893
2023-05-26T12:00:00,10770,10930,10710,10860,228097.856543
2023-05-26T16:00:00,10860,10880,10730,10830,39485.447212
2023-05-26T20:00:00,10830,10870,10790,10800,31070.493546
2023-05-27T00:00:00,10790,10890,10760,10880,53767.755886
2023-05-27T04:00:00,10880,10940,10820,10840,94622.765358
2023-05-27T08:00:00,10840,10890,10810,10890,44178.752361
2023-05-27T12:00:00,10880,10960,10850,10920,48209.592943
2023-05-27T16:00:00,10920,10950,10870,10930,29545.012135
2023-05-27T20:00:00,10930,11010,10890,10970,38672.420104
2023-05-28T00:00:00,10980,11170,10940,11090,159316.592341
2023-05-28T04:00:00,11110,11240,11070,11210,72203.388201
2023-05-28T08:00:00,11210,11650,11170,11400,627351.437977
2023-05-28T12:00:00,11390,11420,11170,11210,160052.443562
2023-05-28T16:00:00,11220,11360,11160,11280,101189.747786
2023-05-28T20:00:00,11290,11460,11270,11320,166334.618823
2023-05-29T00:00:00,11330,11510,11130,11190,345415.300843
2023-05-29T04:00:00,11200,11340,11090,11300,110939.357376
2023-05-29T08:00:00,11300,11330,11210,11320,75526.936971
2023-05-29T12:00:00,11320,11330,11050,11050,134915.756902
2023-05-29T16:00:00,11060,11390,11000,11310,137077.842811
2023-05-29T20:00:00,11310,11440,11210,11330,222458.170894
2023-05-30T00:00:00,11330,11420,11180,11340,198046.327198
2023-05-30T04:00:00,11350,11380,11220,11230,137878.027816
2023-05-30T08:00:00,11220,11420,11200,11400,108100.718435
2023-05-30T12:00:00,11410,11460,11220,11280,119369.984702
2023-05-30T16:00:00,11280,11440,11220,11410,51751.793979
2023-05-30T20:00:00,11430,11440,11300,11320,64313.730954
2023-05-31T00:00:00,11310,11730,11280,11640,563401.205213
2023-05-31T04:00:00,11640,11640,11220,11390,694792.931527
2023-05-31T08:00:00,11390,11460,11080,11170,392623.080913
2023-05-31T12:00:00,11170,11190,10980,11070,210337.724903
2023-05-31T16:00:00,11070,11130,11000,11110,45666.046835
2023-05-31T20:00:00,11110,11240,11070,11170,83879.835583
2023-06-01T00:00:00,11170,11340,11090,11180,388872.317704
2023-06-01T04:00:00,11180,11340,11160,11220,252304.204623
2023-06-01T08:00:00,11220,11580,11200,11380,496482.012328
2023-06-01T12:00:00,11390,11530,11360,11460,171600.499728
2023-06-01T16:00:00,11460,11570,11330,11490,92587.860385
2023-06-01T20:00:00,11480,11500,11350,11420,81884.859439
2023-06-02T00:00:00,11420,11680,11200,11630,383378.493403
2023-06-02T04:00:00,11630,12030,11600,11850,619305.595027
2023-06-02T08:00:00,11850,12210,11850,12120,552389.654389
2023-06-02T12:00:00,12120,12160,11900,12040,434703.5629
2023-06-02T16:00:00,12050,12050,11820,11950,96082.871495
2023-06-02T20:00:00,11950,12080,11850,11980,146382.784129
2023-06-03T00:00:00,11970,12000,11760,11820,252630.078855
2023-06-03T04:00:00,11820,11890,11800,11870,77431.573069
2023-06-03T08:00:00,11870,12180,11850,12040,173068.618341
2023-06-03T12:00:00,12040,12060,11870,11980,121363.85192
2023-06-03T16:00:00,11980,11980,11790,11850,58126.623117
2023-06-03T20:00:00,11840,11980,11830,11890,50037.611073
2023-06-04T00:00:00,11890,11950,11720,11930,119813.291133
2023-06-04T04:00:00,11940,12120,11850,11850,106027.81017
2023-06-04T08:00:00,11850,12220,11830,12160,170699.059101
2023-06-04T12:00:00,12150,12390,12070,12290,334662.057593
2023-06-04T16:00:00,12290,12420,12210,12310,104544.744735
2023-06-04T20:00:00,12300,12310,12080,12140,143157.424481
2023-06-05T00:00:00,12140,12230,11720,11730,360862.29821
2023-06-05T04:00:00,11730,11840,11660,11840,178998.836365
2023-06-05T08:00:00,11840,11850,11500,11610,206721.217827
2023-06-05T12:00:00,11610,11630,10910,10910,594065.271231
2023-06-05T16:00:00,10910,11020,10600,10760,681521.742151
2023-06-05T20:00:00,10750,10880,10480,10800,385761.218099
2023-06-06T00:00:00,10800,10830,10560,10700,256520.537407
2023-06-06T04:00:00,10700,10770,10640,10650,98632.037219
2023-06-06T08:00:00,10650,10720,10580,10610,135384.213924
2023-06-06T12:00:00,10600,10730,10080,10640,727654.554214
2023-06-06T16:00:00,10630,11030,10610,11010,172313.81982
2023-06-06T20:00:00,11010,11010,10740,10840,177559.683094
2023-06-07T00:00:00,10870,10870,10560,10700,273142.884129
2023-06-07T04:00:00,10690,10820,10640,10710,119113.784216
2023-06-07T08:00:00,10710,10790,10480,10620,161338.475557
2023-06-07T12:00:00,10630,10640,10210,10330,290141.307333
2023-06-07T16:00:00,10300,10400,10210,10350,83435.247967
2023-06-07T20:00:00,10360,10380,10110,10220,133084.587069
2023-06-08T00:00:00,10220,10370,10020,10100,222452.138491
2023-06-08T04:00:00,10100,10250,10000,10220,169147.783857
2023-06-08T08:00:00,10210,10290,10160,10220,88752.104779
2023-06-08T12:00:00,10220,10340,10160,10230,166654.883501
2023-06-08T16:00:00,10250,10250,10010,10110,87984.785383
2023-06-08T20:00:00,10120,10170,10090,10150,50089.376864
2023-06-09T00:00:00,10150,10220,9980,10100,242633.367395
2023-06-09T04:00:00,10110,10140,9985,10020,91858.659182
2023-06-09T08:00:00,10030,10190,10000,10160,96383.103092
2023-06-09T12:00:00,10160,10220,10020,10040,108428.700284
2023-06-09T16:00:00,10060,10100,9625,9635,209625.492044
2023-06-09T20:00:00,9645,9790,9625,9785,132825.497267
2023-06-10T00:00:00,9790,9790,9065,9095,626798.28308
2023-06-10T04:00:00,9090,9180,7690,8025,1560064.17643
2023-06-10T08:00:00,8025,8120,7880,7975,525466.362211
2023-06-10T12:00:00,7975,7985,7655,7665,858052.969067
2023-06-10T16:00:00,7675,8040,7530,7835,737951.135173
2023-06-10T20:00:00,7835,8045,7770,7990,348638.23401
2023-06-11T00:00:00,7985,8005,7840,7890,354092.890472
2023-06-11T04:00:00,7890,7930,7770,7855,200966.55905
2023-06-11T08:00:00,7860,7970,7825,7950,213610.534755
2023-06-11T12:00:00,7955,8045,7825,7845,288847.165487
2023-06-11T16:00:00,7845,8695,7830,8640,476180.427542
2023-06-11T20:00:00,8640,8865,8235,8275,921140.008162
2023-06-12T00:00:00,8275,8335,8065,8225,836403.221609
2023-06-12T04:00:00,8225,8295,8100,8190,441933.258982
2023-06-12T08:00:00,8195,8500,8155,8345,862533.71914
2023-06-12T12:00:00,8345,8380,8185,8220,363168.56429
2023-06-12T16:00:00,8230,8265,8065,8105,172507.276004
2023-06-12T20:00:00,8110,8285,8105,8235,141847.516939
2023-06-13T00:00:00,8225,8355,8155,8310,317838.693158
2023-06-13T04:00:00,8310,8365,8185,8320,207231.345938
2023-06-13T08:00:00,8325,8445,8260,8335,358265.644423
2023-06-13T12:00:00,8335,8535,8000,8050,558013.069282
2023-06-13T16:00:00,8050,8145,8020,8120,98759.065433
2023-06-13T20:00:00,8115,8210,8100,8170,51264.585664
2023-06-14T00:00:00,8175,8390,8145,8325,536934.329555
2023-06-14T04:00:00,8330,8355,8145,8150,349615.523852
2023-06-14T08:00:00,8150,8325,8150,8310,110276.781016
2023-06-14T12:00:00,8315,8335,8210,8240,206021.708168
2023-06-14T16:00:00,8235,8385,8170,8275,145850.960954
2023-06-14T20:00:00,8275,8285,7775,7905,490314.862984
2023-06-15T00:00:00,7905,8085,7880,8050,229543.649874
2023-06-15T04:00:00,8055,8120,7900,7955,261102.65385
2023-06-15T08:00:00,7970,8000,7800,7965,288461.514451
2023-06-15T12:00:00,7965,8040,7885,7955,206007.733945
2023-06-15T16:00:00,7960,8150,7865,8105,93995.703353
2023-06-15T20:00:00,8120,8210,8035,8130,135559.044953
2023-06-16T00:00:00,8130,8150,8030,8145,124172.185461
2023-06-16T04:00:00,8140,8170,8075,8120,96820.937588
2023-06-16T08:00:00,8120,8180,7965,7990,138524.104103
2023-06-16T12:00:00,7990,8100,7915,8065,135071.339625
2023-06-16T16:00:00,8070,8300,8060,8220,181971.273371
2023-06-16T20:00:00,8225,8275,8180,8250,118983.723892
2023-06-17T00:00:00,8250,8255,8165,8255,107198.980291
2023-06-17T04:00:00,8255,8990,8210,8780,1533472.461293
2023-06-17T08:00:00,8775,8990,8735,8855,817574.009854
2023-06-17T12:00:00,8855,9295,8840,9085,2647038.390993
2023-06-17T16:00:00,9090,9250,9030,9070,602011.932874
2023-06-17T20:00:00,9065,9210,9030,9180,476591.999445
2023-06-18T00:00:00,9180,9235,8940,9140,1428407.984669
2023-06-18T04:00:00,9135,9525,9095,9315,1493383.292457
2023-06-18T08:00:00,9315,9390,9060,9110,998196.337582
2023-06-18T12:00:00,9115,9135,8985,9030,421725.621439
2023-06-18T16:00:00,9025,9110,8960,8985,137058.155863
2023-06-18T20:00:00,8990,8995,8600,8790,496000.069599
2023-06-19T00:00:00,8795,8855,8740,8775,310058.928889
2023-06-19T04:00:00,8775,8995,8765,8955,556777.714457
2023-06-19T08:00:00,8950,9115,8915,9065,713772.780128
2023-06-19T12:00:00,9065,9115,8940,8970,624709.513575
2023-06-19T16:00:00,8970,9205,8880,9065,469219.530111
2023-06-19T20:00:00,9070,9140,8960,9075,363370.698204
2023-06-20T00:00:00,9075,9300,9015,9085,1195135.269999
2023-06-20T04:00:00,9085,9095,8955,8995,545906.42999
2023-06-20T08:00:00,8995,8995,8850,8965,473019.748984
2023-06-20T12:00:00,8970,9000,8740,8915,462288.418444
2023-06-20T16:00:00,8910,9480,8880,9460,902894.762022
2023-06-20T20:00:00,9465,9535,9335,9420,584380.656416
2023-06-21T00:00:00,9420,9615,9345,9465,808200.336065
2023-06-21T04:00:00,9465,9605,9400,9530,589090.365401
2023-06-21T08:00:00,9530,9540,9330,9490,563336.269271
2023-06-21T12:00:00,9480,9625,9355,9535,610294.187094
2023-06-21T16:00:00,9535,9935,9510,9745,699572.977086
2023-06-21T20:00:00,9745,9835,9630,9745,330154.373663
2023-06-22T00:00:00,9745,10230,9705,10090,657205.840288
2023-06-22T04:00:00,10090,10170,9880,10040,358174.075956
2023-06-22T08:00:00,10040,10160,9520,9685,546275.85801
2023-06-22T12:00:00,9685,9940,9645,9865,416277.885966
2023-06-22T16:00:00,9865,10170,9835,9870,226763.323826
2023-06-22T20:00:00,9890,9890,9600,9630,249211.122823
2023-06-23T00:00:00,9635,9815,9625,9805,255344.741359
2023-06-23T04:00:00,9805,9900,9760,9830,212513.002278
2023-06-23T08:00:00,9825,9830,9650,9790,256078.694085
2023-06-23T12:00:00,9790,10200,9680,10120,524742.677243
2023-06-23T16:00:00,10120,10500,10080,10170,473982.203491
2023-06-23T20:00:00,10180,10300,10040,10150,167964.164121
2023-06-24T00:00:00,10150,10300,10020,10280,380200.29301
2023-06-24T04:00:00,10280,10300,10000,10030,237150.220232
2023-06-24T08:00:00,10030,10130,10010,10070,116913.064523
2023-06-24T12:00:00,10080,10160,9625,9685,490439.58596
2023-06-24T16:00:00,9685,9825,9530,9760,254693.55504
2023-06-24T20:00:00,9760,9880,9665,9785,128652.461402
2023-06-25T00:00:00,9790,10860,9750,10450,2295348.291594
2023-06-25T04:00:00,10450,10530,10170,10300,702816.556786
2023-06-25T08:00:00,10300,10380,10040,10170,256520.277589
2023-06-25T12:00:00,10170,10200,9900,10010,273694.101503
2023-06-25T16:00:00,10000,10140,9970,10050,70291.490575
2023-06-25T20:00:00,10050,10110,9980,9995,103059.287372
2023-06-26T00:00:00,9995,10020,9690,9790,338224.783263
2023-06-26T04:00:00,9790,10120,9630,9870,340689.611708
2023-06-26T08:00:00,9875,10220,9855,10100,375891.799309
2023-06-26T12:00:00,10090,10200,10000,10080,245551.50269
2023-06-26T16:00:00,10080,10110,9700,9830,146037.267239
2023-06-26T20:00:00,9830,9840,9530,9655,174610.426172
2023-06-27T00:00:00,9655,9885,9635,9835,221871.281942
2023-06-27T04:00:00,9835,9890,9665,9865,198469.923415
2023-06-27T08:00:00,9865,9970,9745,9950,220879.457103
2023-06-27T12:00:00,9940,9965,9620,9665,181100.79548
2023-06-27T16:00:00,9655,9840,9640,9795,61043.054788
2023-06-27T20:00:00,9795,9845,9780,9840,56394.240889
2023-06-28T00:00:00,9835,9840,9500,9610,191696.610514
2023-06-28T04:00:00,9605,9610,9240,9300,218392.354904
2023-06-28T08:00:00,9305,9415,9270,9365,107413.279042
2023-06-28T12:00:00,9370,9595,9245,9470,132687.030508
2023-06-28T16:00:00,9470,9475,9000,9155,107987.793161
2023-06-28T20:00:00,9165,9325,9085,9205,91846.602458
2023-06-29T00:00:00,9220,9290,9155,9265,93031.392776
2023-06-29T04:00:00,9265,9595,9265,9435,229282.143281
2023-06-29T08:00:00,9430,10100,9375,9905,1136296.894602
2023-06-29T12:00:00,9885,9965,9605,9625,668221.15661
2023-06-29T16:00:00,9625,9720,9515,9660,87235.541067
2023-06-29T20:00:00,9655,9655,9490,9535,102347.242283
2023-06-30T00:00:00,9535,9835,9410,9785,606028.748916
2023-06-30T04:00:00,9785,9960,9675,9735,342086.943641
2023-06-30T08:00:00,9725,9885,9725,9835,295064.022833
2023-06-30T12:00:00,9845,10010,8870,9360,768006.142587
2023-06-30T16:00:00,9360,9760,9345,9595,236627.245046
2023-06-30T20:00:00,9600,9755,9555,9645,134580.106248
2023-07-01T00:00:00,9645,9750,9555,9580,387078.914006
2023-07-01T04:00:00,9590,9620,9380,9600,141962.224348
2023-07-01T08:00:00,9600,9650,9545,9635,102027.060585
2023-07-01T12:00:00,9625,9750,9560,9630,219247.872418
2023-07-01T16:00:00,9625,9710,9615,9685,39893.934704
2023-07-01T20:00:00,9685,9850,9620,9845,89880.077053
2023-07-02T00:00:00,9855,9870,9520,9575,276737.793421
2023-07-02T04:00:00,9570,9900,9525,9780,254422.530433
2023-07-02T08:00:00,9785,9785,9660,9675,90479.153452
2023-07-02T12:00:00,9670,9740,9460,9620,216219.980392
2023-07-02T16:00:00,9620,9710,9490,9595,59738.052173
2023-07-02T20:00:00,9595,9740,9565,9735,84772.655901
2023-07-03T00:00:00,9715,9845,9705,9825,230494.548078
2023-07-03T04:00:00,9825,9855,9675,9810,141910.6206
2023-07-03T08:00:00,9810,10050,9745,9955,274956.15081
2023-07-03T12:00:00,9955,9995,9840,9980,242701.611997
2023-07-03T16:00:00,9985,10070,9850,9940,118226.899601
2023-07-03T20:00:00,9945,9970,9815,9925,99303.738618
2023-07-04T00:00:00,9930,10860,9895,10740,2247819.188567
2023-07-04T04:00:00,10740,11040,10580,10680,3047339.093112
2023-07-04T08:00:00,10690,10880,10590,10820,1128462.341734
2023-07-04T12:00:00,10820,10930,10400,10530,1105652.615594
2023-07-04T16:00:00,10530,10530,10080,10160,449654.333519
2023-07-04T20:00:00,10160,10300,10080,10120,335910.888444
2023-07-05T00:00:00,10120,10210,10030,10140,471959.056354
2023-07-05T04:00:00,10130,10470,10080,10410,651545.461903
2023-07-05T08:00:00,10410,10500,9730,9820,1051402.611553
2023-07-05T12:00:00,9820,9920,9660,9720,422233.227634
2023-07-05T16:00:00,9715,9865,9670,9695,111245.045064
2023-07-05T20:00:00,9685,9865,9635,9860,132941.880667
2023-07-06T00:00:00,9850,9930,9735,9815,223609.152743
2023-07-06T04:00:00,9820,10020,9710,9935,263278.636872
2023-07-06T08:00:00,9940,10170,9815,9860,349994.162561
2023-07-06T12:00:00,9860,9875,9450,9675,409795.207334
2023-07-06T16:00:00,9665,9780,9535,9600,94091.992984
2023-07-06T20:00:00,9625,9745,9470,9495,175347.194163
2023-07-07T00:00:00,9490,9700,9380,9615,192623.113539
2023-07-07T04:00:00,9615,9615,9470,9520,131419.051606
2023-07-07T08:00:00,9515,9555,9450,9460,84410.253329
2023-07-07T12:00:00,9460,9640,9395,9590,188631.497223
2023-07-07T16:00:00,9590,9600,9460,9555,36435.991486
2023-07-07T20:00:00,9540,9595,9475,9575,43859.168578
2023-07-08T00:00:00,9575,9615,9510,9530,90522.993127
2023-07-08T04:00:00,9520,9530,9415,9515,78305.850994
2023-07-08T08:00:00,9525,9610,9450,9500,94513.489431
2023-07-08T12:00:00,9500,9520,9430,9470,68693.305017
2023-07-08T16:00:00,9470,9525,9200,9210,76628.963435
2023-07-08T20:00:00,9220,9425,9155,9365,108270.015138
2023-07-09T00:00:00,9365,9580,9300,9425,133314.275777
2023-07-09T04:00:00,9430,9445,9280,9315,82301.513174
2023-07-09T08:00:00,9315,9420,9300,9390,63286.897174
2023-07-09T12:00:00,9390,9470,9330,9410,66345.990403
2023-07-09T16:00:00,9410,9420,9360,9370,16128.587528
2023-07-09T20:00:00,9385,9410,9280,9355,66759.081212
2023-07-10T00:00:00,9355,9360,9065,9180,237419.252081
2023-07-10T04:00:00,9190,9205,9100,9105,79678.956597
2023-07-10T08:00:00,9120,9185,9005,9180,102722.10918
2023-07-10T12:00:00,9180,9400,9175,9350,173426.792164
2023-07-10T16:00:00,9360,9465,9320,9435,53973.231983
2023-07-10T20:00:00,9435,9470,9305,9350,84611.956942
2023-07-11T00:00:00,9350,9380,9270,9310,111997.047252
2023-07-11T04:00:00,9310,9380,9300,9325,111046.031022
2023-07-11T08:00:00,9325,9325,9165,9195,144943.168216
2023-07-11T12:00:00,9195,9230,9110,9145,132136.014293
2023-07-11T16:00:00,9140,9190,9115,9170,7632.754033
2023-07-11T20:00:00,9165,9290,9085,9245,104050.57872
2023-07-12T00:00:00,9245,9310,9220,9240,106374.987611
2023-07-12T04:00:00,9235,9310,9210,9275,91560.107886
2023-07-12T08:00:00,9270,9275,9185,9230,113404.415894
2023-07-12T12:00:00,9230,9310,9100,9115,271939.035347
2023-07-12T16:00:00,9125,9160,9005,9055,74175.439563
2023-07-12T20:00:00,9055,9170,9045,9145,68021.940686
2023-07-13T00:00:00,9145,9175,9090,9105,131654.346536
2023-07-13T04:00:00,9105,9155,9015,9105,115910.480692
2023-07-13T08:00:00,9105,9190,9080,9130,104663.530936
2023-07-13T12:00:00,9135,9410,9100,9290,360336.54266
2023-07-13T16:00:00,9300,9775,9250,9600,946196.986736
2023-07-13T20:00:00,9600,9650,9385,9630,274278.56572
2023-07-14T00:00:00,9630,10260,9595,9785,1545116.965254
2023-07-14T04:00:00,9785,10060,9755,9820,383538.627776
2023-07-14T08:00:00,9815,9920,9735,9785,218146.319246
2023-07-14T12:00:00,9785,10000,9710,9955,209182.695866
2023-07-14T16:00:00,9960,10200,9090,9205,583912.24224
2023-07-14T20:00:00,9210,9515,9170,9510,123068.381418
2023-07-15T00:00:00,9510,9525,9275,9310,292794.297962
2023-07-15T04:00:00,9310,9565,9305,9515,115072.800638
2023-07-15T08:00:00,9510,9660,9430,9575,199880.029168
2023-07-15T12:00:00,9580,9625,9455,9515,106264.980664
2023-07-15T16:00:00,9515,9600,9470,9550,41560.029113
2023-07-15T20:00:00,9545,9590,9475,9590,34370.120686
2023-07-16T00:00:00,9585,9630,9405,9505,102893.113703
2023-07-16T04:00:00,9500,9550,9490,9545,50417.573193
2023-07-16T08:00:00,9535,9805,9530,9680,144633.255755
2023-07-16T12:00:00,9670,9825,9665,9705,153972.305138
2023-07-16T16:00:00,9705,9705,9520,9565,47511.084532
2023-07-16T20:00:00,9565,9640,9490,9545,50320.774154
2023-07-17T00:00:00,9545,9820,9490,9715,486833.583856
2023-07-17T04:00:00,9715,9990,9710,9870,343862.621356
2023-07-17T08:00:00,9870,9980,9550,9790,268159.260612
2023-07-17T12:00:00,9775,10130,9610,9820,711656.699329
2023-07-17T16:00:00,9820,9875,9620,9855,159270.340818
2023-07-17T20:00:00,9850,10240,9810,10050,568993.329882
2023-07-18T00:00:00,10050,10540,9930,9970,1403519.409427
2023-07-18T04:00:00,9970,9970,9690,9805,309774.89792
2023-07-18T08:00:00,9820,9955,9695,9730,213076.442864
2023-07-18T12:00:00,9730,9805,9645,9725,209506.87506
2023-07-18T16:00:00,9720,9830,9520,9745,75706.867767
2023-07-18T20:00:00,9730,9795,9695,9765,69700.2954
2023-07-19T00:00:00,9765,9910,9705,9780,187567.513907
2023-07-19T04:00:00,9780,9830,9660,9670,137555.513066
2023-07-19T08:00:00,9670,9710,9545,9700,103326.134625
2023-07-19T12:00:00,9700,9740,9605,9730,109384.203864
2023-07-19T16:00:00,9730,9800,9650,9760,38107.536999
2023-07-19T20:00:00,9760,9795,9665,9675,68733.326632
2023-07-20T00:00:00,9680,9760,9620,9650,118273.825005
2023-07-20T04:00:00,9650,9795,9635,9760,78646.525902
2023-07-20T08:00:00,9765,9865,9755,9815,143452.788061
2023-07-20T12:00:00,9815,9830,9555,9645,203735.486752
2023-07-20T16:00:00,9635,9675,9560,9590,61146.370458
2023-07-20T20:00:00,9585,9650,9510,9625,50675.122919
2023-07-21T00:00:00,9625,9720,9540,9695,151614.091791
2023-07-21T04:00:00,9695,9695,9585,9590,114738.095
2023-07-21T08:00:00,9590,9680,9585,9650,52252.713184
2023-07-21T12:00:00,9655,9885,9655,9745,381948.892016
2023-07-21T16:00:00,9745,9815,9700,9775,45713.752511
2023-07-21T20:00:00,9770,9800,9740,9800,45830.030599
2023-07-22T00:00:00,9800,10030,9790,9900,564611.947801
2023-07-22T04:00:00,9885,9915,9800,9880,103504.414111
2023-07-22T08:00:00,9870,9905,9795,9900,86602.206762
2023-07-22T12:00:00,9905,9980,9860,9950,161001.091732
2023-07-22T16:00:00,9955,10000,9895,10000,31531.971552
2023-07-22T20:00:00,10000,10090,9870,9995,270440.251781
2023-07-23T00:00:00,9985,10120,9790,9995,194693.588378
2023-07-23T04:00:00,9995,10030,9865,9885,157694.892206
2023-07-23T08:00:00,9900,9915,9850,9880,51382.008089
2023-07-23T12:00:00,9880,9890,9820,9855,77063.203379
2023-07-23T16:00:00,9855,9915,9800,9835,39430.943913
2023-07-23T20:00:00,9840,9870,9750,9820,69651.534637
2023-07-24T00:00:00,9815,9830,9660,9665,131450.678929
2023-07-24T04:00:00,9670,9715,9610,9665,86881.144053
2023-07-24T08:00:00,9670,9690,9300,9420,224182.424151
2023-07-24T12:00:00,9420,9460,9240,9245,113674.52052
2023-07-24T16:00:00,9245,9285,9125,9170,61845.025162
2023-07-24T20:00:00,9170,9235,9115,9170,83531.653893
2023-07-25T00:00:00,9170,9205,9080,9120,109489.23493
2023-07-25T04:00:00,9120,9120,8875,8910,189190.114819
2023-07-25T08:00:00,8910,9115,8905,9040,88646.509002
2023-07-25T12:00:00,9045,9160,8990,9060,115001.235284
2023-07-25T16:00:00,9060,9095,8970,9025,31082.08614
2023-07-25T20:00:00,9030,9065,8985,9055,55723.478632
2023-07-26T00:00:00,9055,9100,8875,9020,151816.961571
2023-07-26T04:00:00,9020,9040,8950,8975,48391.766463
2023-07-26T08:00:00,8970,9025,8955,8980,42719.902399
2023-07-26T12:00:00,8975,9120,8970,9085,101981.585406
2023-07-26T16:00:00,9085,9165,8955,9135,64417.066321
2023-07-26T20:00:00,9135,9200,9060,9085,72215.930332
2023-07-27T00:00:00,9085,9155,9000,9110,131672.783278
2023-07-27T04:00:00,9115,9210,9115,9160,75969.553452
2023-07-27T08:00:00,9165,9250,9140,9190,72232.259009
2023-07-27T12:00:00,9190,9200,9015,9090,89745.987559
2023-07-27T16:00:00,9090,9135,9005,9090,34874.202044
2023-07-27T20:00:00,9100,9190,9055,9185,39766.884231
2023-07-28T00:00:00,9185,9210,9135,9170,87596.59889
2023-07-28T04:00:00,9155,9175,9050,9110,56793.662456
2023-07-28T08:00:00,9110,9150,9080,9125,54151.683572
2023-07-28T12:00:00,9130,9185,9115,9135,64971.255577
2023-07-28T16:00:00,9135,9135,9070,9115,33978.811345
2023-07-28T20:00:00,9115,9170,9095,9160,23891.275347
2023-07-29T00:00:00,9160,9190,9130,9170,53696.258827
2023-07-29T04:00:00,9170,9210,9155,9180,70689.700399
2023-07-29T08:00:00,9180,9195,9135,9145,46673.420766
2023-07-29T12:00:00,9145,9190,9140,9185,30749.864037
2023-07-29T16:00:00,9185,9230,9175,9215,25728.700226
2023-07-29T20:00:00,9215,9230,9200,9225,32196.210485
2023-07-30T00:00:00,9225,9285,9200,9250,66472.030009
2023-07-30T04:00:00,9250,9260,9145,9165,56260.189533
2023-07-30T08:00:00,9160,9190,9105,9140,79138.28101
2023-07-30T12:00:00,9145,9225,9120,9155,113062.838907
2023-07-30T16:00:00,9155,9210,9000,9045,41504.640474
2023-07-30T20:00:00,9040,9115,8915,9075,72782.832106
2023-07-31T00:00:00,9075,9170,9050,9130,39635.504055
2023-07-31T04:00:00,9135,9155,9080,9085,32249.762262
2023-07-31T08:00:00,9085,9145,9075,9125,46765.953641
2023-07-31T12:00:00,9125,9155,9040,9050,53367.254844
2023-07-31T16:00:00,9045,9150,9035,9055,27664.071629
2023-07-31T20:00:00,9090,9175,9020,9140,28530.955211
2023-08-01T00:00:00,9140,9175,8880,8920,138633.512327
2023-08-01T04:00:00,8920,9015,8900,9005,40368.240451
2023-08-01T08:00:00,9005,9050,8975,8995,42162.356758
2023-08-01T12:00:00,8995,9125,8980,9110,40124.797762
2023-08-01T16:00:00,9115,9155,9085,9125,20624.677598
2023-08-01T20:00:00,9125,9210,9090,9200,42341.117768
2023-08-02T00:00:00,9195,9235,9160,9170,72949.975333
2023-08-02T04:00:00,9170,9180,9095,9100,32536.414337
2023-08-02T08:00:00,9100,9140,9085,9115,31825.841947
2023-08-02T12:00:00,9120,9130,9040,9080,72597.5826
2023-08-02T16:00:00,9080,9100,8985,9060,40480.877965
2023-08-02T20:00:00,9060,9085,9010,9025,24779.822308
2023-08-03T00:00:00,9025,9100,9020,9065,52911.680226
2023-08-03T04:00:00,9060,9095,9000,9015,46763.586498
2023-08-03T08:00:00,9015,9030,8950,9030,59270.972524
2023-08-03T12:00:00,9030,9105,8985,9070,26858.403439
2023-08-03T16:00:00,9070,9075,8985,9010,19398.504848
2023-08-03T20:00:00,9010,9020,8880,8935,73381.32826
2023-08-04T00:00:00,8935,8980,8900,8945,42970.143404
2023-08-04T04:00:00,8960,8980,8900,8930,49191.426042
2023-08-04T08:00:00,8930,8965,8910,8955,23887.527813
2023-08-04T12:00:00,8955,9040,8950,9000,38739.410437
2023-08-04T16:00:00,9000,9025,8850,8855,38033.755529
2023-08-04T20:00:00,8865,8895,8765,8870,64525.385069
2023-08-05T00:00:00,8870,8875,8775,8815,72101.003709
2023-08-05T04:00:00,8830,8855,8765,8850,49330.751875
2023-08-05T08:00:00,8850,8890,8845,8870,44307.392354
2023-08-05T12:00:00,8870,8895,8825,8860,30199.172329
2023-08-05T16:00:00,8855,8895,8840,8880,10080.698497
2023-08-05T20:00:00,8875,8910,8830,8885,13327.065648
2023-08-06T00:00:00,8895,9010,8885,8965,49834.628126
2023-08-06T04:00:00,8965,9025,8965,8985,22855.842047
2023-08-06T08:00:00,8985,9035,8970,9020,55346.654972
2023-08-06T12:00:00,9020,9025,8885,8910,42925.583387
2023-08-06T16:00:00,8910,8965,8905,8945,17016.977307
2023-08-06T20:00:00,8955,8995,8905,8910,21161.182948
2023-08-07T00:00:00,8925,8980,8880,8905,47712.738164
2023-08-07T04:00:00,8905,8925,8830,8860,62265.138007
2023-08-07T08:00:00,8865,8915,8835,8905,45262.963443
2023-08-07T12:00:00,8910,8930,8710,8740,73110.080065
2023-08-07T16:00:00,8740,8785,8565,8725,92624.126551
2023-08-07T20:00:00,8735,8820,8720,8820,13734.639
2023-08-08T00:00:00,8820,8840,8780,8810,34178.965284
2023-08-08T04:00:00,8810,8860,8790,8830,28534.77908
2023-08-08T08:00:00,8825,8895,8770,8895,53336.577261
2023-08-08T12:00:00,8895,8930,8825,8880,41441.106062
2023-08-08T16:00:00,8880,8920,8860,8890,3352.468343
2023-08-08T20:00:00,8890,8930,8855,8880,41004.040442
2023-08-09T00:00:00,8880,8930,8845,8870,51069.802126
2023-08-09T04:00:00,8875,8890,8825,8870,37930.242702
2023-08-09T08:00:00,8875,8935,8860,8920,35355.332206
2023-08-09T12:00:00,8915,10790,8910,9780,11557318.729831
2023-08-09T16:00:00,9780,9980,9645,9870,1060325.574192
2023-08-09T20:00:00,9885,9970,9625,9850,1073573.034176
2023-08-10T00:00:00,9850,10190,9675,9750,4363455.44569
2023-08-10T04:00:00,9750,9890,9615,9690,1397558.946383
2023-08-10T08:00:00,9670,9900,9595,9745,1252366.905249
2023-08-10T12:00:00,9740,9905,9695,9725,1060786.169651
2023-08-10T16:00:00,9725,9755,9655,9725,149949.055129
2023-08-10T20:00:00,9730,9755,9445,9520,791666.002594
2023-08-11T00:00:00,9520,9525,9350,9405,835984.25032
2023-08-11T04:00:00,9405,9465,9365,9405,293438.026904
2023-08-11T08:00:00,9410,9470,9350,9470,266603.192696
2023-08-11T12:00:00,9465,9510,9400,9455,280081.358278
2023-08-11T16:00:00,9455,9515,9310,9395,113107.913699
2023-08-11T20:00:00,9395,9510,9395,9455,104987.566292
2023-08-12T00:00:00,9460,9635,9425,9565,763264.587466
2023-08-12T04:00:00,9565,9680,9525,9530,344252.662958
2023-08-12T08:00:00,9530,9570,9500,9510,158217.33493
2023-08-12T12:00:00,9510,9535,9430,9475,209291.822901
2023-08-12T16:00:00,9470,9590,9455,9515,67580.320562
2023-08-12T20:00:00,9515,9620,9515,9600,75298.866758
2023-08-13T00:00:00,9600,9650,9525,9580,182720.618955
2023-08-13T04:00:00,9585,9610,9520,9590,73170.350153
2023-08-13T08:00:00,9585,9665,9570,9625,151813.544613
2023-08-13T12:00:00,9625,9625,9500,9540,100495.492323
2023-08-13T16:00:00,9535,9555,9435,9555,42137.886077
2023-08-13T20:00:00,9555,9560,9400,9415,115897.77993
2023-08-14T00:00:00,9415,9430,9330,9395,231997.92758
2023-08-14T04:00:00,9400,9470,9395,9440,88567.293703
2023-08-14T08:00:00,9440,9490,9425,9440,83833.140656
2023-08-14T12:00:00,9440,9535,9415,9495,64593.128026
2023-08-14T16:00:00,9495,9530,9385,9445,44360.161809
2023-08-14T20:00:00,9445,9470,9420,9440,42425.3103
2023-08-15T00:00:00,9440,9455,9390,9405,101545.660567
2023-08-15T04:00:00,9405,9420,9250,9330,237590.598553
2023-08-15T08:00:00,9330,9380,9280,9295,104031.539214
2023-08-15T12:00:00,9295,9360,9280,9305,58932.519546
2023-08-15T16:00:00,9305,9330,8390,8880,298797.967995
2023-08-15T20:00:00,8880,8915,8750,8825,273389.176372
2023-08-16T00:00:00,8820,8835,8665,8705,347378.919858
2023-08-16T04:00:00,8700,8725,8610,8680,264164.649134
2023-08-16T08:00:00,8680,8690,8525,8595,206527.387989
2023-08-16T12:00:00,8585,8680,8440,8670,373855.574304
2023-08-16T16:00:00,8665,8750,8560,8560,158055.729379
2023-08-16T20:00:00,8585,8600,8170,8385,256719.961985
2023-08-17T00:00:00,8385,8585,8280,8555,207726.295095
2023-08-17T04:00:00,8545,8570,8500,8555,95930.478864
2023-08-17T08:00:00,8555,8595,8455,8475,135817.710321
2023-08-17T12:00:00,8465,8555,8335,8430,121435.782259
2023-08-17T16:00:00,8410,8560,8375,8475,52197.118296
2023-08-17T20:00:00,8475,8480,7390,7820,682199.120176
2023-08-18T00:00:00,7815,7915,7470,7555,244962.413203
2023-08-18T04:00:00,7560,7950,7545,7910,151955.127486
2023-08-18T08:00:00,7910,8010,7860,7995,78431.408095
2023-08-18T12:00:00,8000,8025,7820,7900,146624.837053
2023-08-18T16:00:00,7905,8100,7835,7980,57367.967158
2023-08-18T20:00:00,7980,8055,7970,8015,24388.033465
2023-08-19T00:00:00,8015,8145,8005,8140,53322.896655
2023-08-19T04:00:00,8140,8190,8110,8160,67407.452423
2023-08-19T08:00:00,8165,8375,8150,8275,188917.337185
2023-08-19T12:00:00,8280,8285,8175,8285,56211.787937
2023-08-19T16:00:00,8285,8395,8225,8345,73310.154285
2023-08-19T20:00:00,8345,8360,8245,8315,25548.980652
2023-08-20T00:00:00,8320,8380,8300,8305,44200.387226
2023-08-20T04:00:00,8305,8330,8225,8280,51081.673935
2023-08-20T08:00:00,8285,8340,8255,8315,46453.805361
2023-08-20T12:00:00,8315,8325,8150,8200,64116.121239
2023-08-20T16:00:00,8225,8500,8170,8295,45589.19989
2023-08-20T20:00:00,8310,8390,8310,8330,17429.708819
2023-08-21T00:00:00,8325,8360,8175,8190,48159.910434
2023-08-21T04:00:00,8190,8240,8135,8165,52335.012049
2023-08-21T08:00:00,8165,8195,8040,8145,72857.532883
2023-08-21T12:00:00,8145,8180,7945,8025,63570.862166
2023-08-21T16:00:00,8025,8190,8010,8135,16028.874135
2023-08-21T20:00:00,8135,8170,8125,8145,27183.026565
2023-08-22T00:00:00,8145,8195,8130,8155,35930.224226
2023-08-22T04:00:00,8160,8165,8040,8085,48399.90891
2023-08-22T08:00:00,8090,8090,8000,8015,35815.061157
2023-08-22T12:00:00,8015,8085,7945,7960,49715.266864
2023-08-22T16:00:00,7960,8040,7820,7855,62152.942072
2023-08-22T20:00:00,7870,8060,7750,8015,86669.50611
2023-08-23T00:00:00,8010,8080,7985,8055,72985.848035
2023-08-23T04:00:00,8050,8125,8020,8095,41859.407709
2023-08-23T08:00:00,8090,8115,8020,8025,33631.65248
2023-08-23T12:00:00,8025,8155,7960,8140,72150.839847
2023-08-23T16:00:00,8150,8330,8135,8270,49433.519541
2023-08-23T20:00:00,8245,8275,8115,8175,42021.743071
2023-08-24T00:00:00,8175,8205,8125,8185,74795.98891
2023-08-24T04:00:00,8190,8195,8110,8140,30009.061214
2023-08-24T08:00:00,8140,8140,8080,8085,28103.749752
2023-08-24T12:00:00,8085,8090,7875,7910,97753.691934
2023-08-24T16:00:00,7900,7950,7865,7890,18829.665266
2023-08-24T20:00:00,7890,7945,7800,7915,63951.104572
2023-08-25T00:00:00,7915,7925,7695,7740,96363.884868
2023-08-25T04:00:00,7740,7740,7610,7670,94079.439631
2023-08-25T08:00:00,7670,7720,7645,7685,56235.213521
2023-08-25T12:00:00,7685,7775,7610,7675,139907.755281
2023-08-25T16:00:00,7675,7710,7635,7650,28464.75219
2023-08-25T20:00:00,7650,7765,7635,7750,23405.270312
2023-08-26T00:00:00,7750,7835,7715,7810,95224.969795
2023-08-26T04:00:00,7810,7810,7755,7790,55057.579064
2023-08-26T08:00:00,7790,7875,7790,7845,57727.564742
2023-08-26T12:00:00,7845,7855,7780,7795,50924.331944
2023-08-26T16:00:00,7800,7810,7755,7810,14507.735997
2023-08-26T20:00:00,7815,7835,7790,7800,14796.189925
2023-08-27T00:00:00,7795,7805,7715,7745,60026.900001
2023-08-27T04:00:00,7745,7780,7740,7740,27077.560308
2023-08-27T08:00:00,7740,7795,7720,7760,21792.48177
2023-08-27T12:00:00,7755,7840,7725,7770,39111.648289
2023-08-27T16:00:00,7755,7760,7710,7735,39243.080226
2023-08-27T20:00:00,7735,7740,7680,7730,37295.646719
2023-08-28T00:00:00,7730,7740,7510,7595,152085.531906
2023-08-28T04:00:00,7595,7615,7510,7600,50444.054318
2023-08-28T08:00:00,7600,7640,7530,7640,49504.558794
2023-08-28T12:00:00,7640,7790,7630,7740,84707.734594
2023-08-28T16:00:00,7740,7755,7685,7725,11479.769795
2023-08-28T20:00:00,7725,7775,7695,7740,40006.061049
2023-08-29T00:00:00,7735,7785,7640,7660,54145.146563
2023-08-29T04:00:00,7670,7675,7610,7630,35327.011189
2023-08-29T08:00:00,7630,7640,7565,7605,51146.175483
2023-08-29T12:00:00,7605,8060,7590,7915,301687.867991
2023-08-29T16:00:00,7925,8060,7920,7985,134314.415621
2023-08-29T20:00:00,7995,8020,7925,7985,112457.927936
2023-08-30T00:00:00,7985,8160,7860,7905,184316.283804
2023-08-30T04:00:00,7900,8020,7885,8005,72580.222881
2023-08-30T08:00:00,8005,8050,7950,7985,127031.105613
2023-08-30T12:00:00,7985,8020,7750,7860,167768.339911
2023-08-30T16:00:00,7860,7905,7855,7890,19074.402342
2023-08-30T20:00:00,7890,7890,7850,7860,25499.891703
2023-08-31T00:00:00,7865,7865,7730,7800,79121.39156
2023-08-31T04:00:00,7800,7860,7780,7845,28402.262434
2023-08-31T08:00:00,7845,7905,7800,7875,48948.134969
2023-08-31T12:00:00,7875,7875,7700,7740,66918.465258
2023-08-31T16:00:00,7735,7735,7505,7600,125158.194004
2023-08-31T20:00:00,7600,7600,7475,7545,81788.616858
2023-09-01T00:00:00,7545,7590,7500,7535,84663.684738
2023-09-01T04:00:00,7535,7560,7515,7525,33618.71251
2023-09-01T08:00:00,7535,7580,7530,7575,46131.4214
2023-09-01T12:00:00,7575,7595,7485,7565,87263.26448
2023-09-01T16:00:00,7555,7575,7410,7470,69651.736881
2023-09-01T20:00:00,7485,7600,7460,7540,48088.751644
2023-09-02T00:00:00,7555,7600,7540,7595,33721.280588
2023-09-02T04:00:00,7585,7765,7585,7745,78346.347559
2023-09-02T08:00:00,7740,7770,7605,7605,161213.23665
2023-09-02T12:00:00,7615,7690,7580,7600,138946.182499
2023-09-02T16:00:00,7585,7610,7480,7535,42186.316381
2023-09-02T20:00:00,7535,7600,7510,7585,27030.253323
2023-09-03T00:00:00,7575,7605,7545,7560,37221.483356
2023-09-03T04:00:00,7560,7570,7525,7550,20687.034885
2023-09-03T08:00:00,7545,7555,7515,7550,15627.613702
2023-09-03T12:00:00,7550,7570,7465,7485,49655.974977
2023-09-03T16:00:00,7485,7505,7390,7450,52940.313133
2023-09-03T20:00:00,7455,7470,7410,7435,27762.949251
2023-09-04T00:00:00,7430,7550,7415,7510,63028.824308
2023-09-04T04:00:00,7525,7545,7485,7530,28823.105438
2023-09-04T08:00:00,7525,7555,7470,7475,42611.546259
2023-09-04T12:00:00,7475,7490,7390,7425,102748.114348
2023-09-04T16:00:00,7440,7545,7440,7500,26647.300989
2023-09-04T20:00:00,7505,7515,7390,7465,44978.558877
2023-09-05T00:00:00,7470,7505,7345,7390,72749.742054
2023-09-05T04:00:00,7390,7465,7390,7445,28676.584218
2023-09-05T08:00:00,7445,7500,7415,7485,41786.262361
2023-09-05T12:00:00,7485,7555,7420,7515,85182.11057
2023-09-05T16:00:00,7515,7545,7485,7485,23266.620657
2023-09-05T20:00:00,7485,7520,7455,7515,14640.337777
2023-09-06T00:00:00,7510,7570,7495,7495,51000.619228
2023-09-06T04:00:00,7495,7505,7375,7415,74551.026402
2023-09-06T08:00:00,7415,7480,7415,7465,25944.668646
2023-09-06T12:00:00,7460,7480,7390,7430,39642.919678
2023-09-06T16:00:00,7430,7595,7380,7500,36993.524778
2023-09-06T20:00:00,7500,7555,7500,7520,16518.408643
2023-09-07T00:00:00,7520,7620,7515,7610,42624.118625
2023-09-07T04:00:00,7615,7695,7550,7585,91353.463826
2023-09-07T08:00:00,7585,7600,7480,7510,58032.316232
2023-09-07T12:00:00,7505,7620,7465,7590,67392.051982
2023-09-07T16:00:00,7590,7655,7570,7615,20687.963052
2023-09-07T20:00:00,7610,7680,7590,7660,42084.190211
2023-09-08T00:00:00,7660,7685,7560,7595,48068.809482
2023-09-08T04:00:00,7595,7685,7560,7630,52167.525731
2023-09-08T08:00:00,7630,7630,7425,7485,79036.555319
2023-09-08T12:00:00,7470,7525,7465,7500,45938.766342
2023-09-08T16:00:00,7500,7525,7480,7510,10412.718848
2023-09-08T20:00:00,7510,7525,7480,7520,12167.771457
2023-09-09T00:00:00,7510,7530,7465,7500,29238.45686
2023-09-09T04:00:00,7495,7505,7470,7500,12406.792748
2023-09-09T08:00:00,7505,7505,7470,7485,12528.204339
2023-09-09T12:00:00,7485,7490,7435,7460,35302.220537
2023-09-09T16:00:00,7475,7505,7450,7460,5872.874634
2023-09-09T20:00:00,7475,7510,7465,7470,8817.799376
2023-09-10T00:00:00,7470,7470,7350,7360,122677.255404
2023-09-10T04:00:00,7355,7360,7130,7215,185940.750114
2023-09-10T08:00:00,7210,7225,7170,7180,54260.011853
2023-09-10T12:00:00,7180,7215,7040,7085,105964.958028
2023-09-10T16:00:00,7085,7095,7010,7075,32866.783406
2023-09-10T20:00:00,7075,7180,7045,7055,48935.950576
2023-09-11T00:00:00,7060,7065,6940,7015,159616.242891
2023-09-11T04:00:00,7010,7050,6935,6975,60622.998805
2023-09-11T08:00:00,6975,6985,6705,6775,182252.511578
2023-09-11T12:00:00,6770,6875,6705,6850,78653.105563
2023-09-11T16:00:00,6850,6860,6710,6735,34439.842787
2023-09-11T20:00:00,6715,6840,6710,6835,31589.093156
2023-09-12T00:00:00,6830,7045,6805,6960,77512.354388
2023-09-12T04:00:00,6960,6985,6850,6850,77785.006649
2023-09-12T08:00:00,6850,7050,6810,6970,122413.27898
2023-09-12T12:00:00,6970,6995,6865,6885,66502.773241
2023-09-12T16:00:00,6870,6955,6760,6830,48054.936116
2023-09-12T20:00:00,6830,7095,6815,6840,57337.039605
2023-09-13T00:00:00,6840,6940,6825,6890,70087.446891
2023-09-13T04:00:00,6890,7155,6855,6955,136013.560388
2023-09-13T08:00:00,6945,7105,6945,7100,67894.900796
2023-09-13T12:00:00,7100,7250,7030,7130,251629.884436
2023-09-13T16:00:00,7125,7155,6970,7085,56322.566311
2023-09-13T20:00:00,7085,7090,7015,7025,44510.600819
2023-09-14T00:00:00,7020,7205,7020,7035,154858.717557
2023-09-14T04:00:00,7040,7060,6955,7030,88278.598004
2023-09-14T08:00:00,7025,7065,6980,7055,73780.390603
2023-09-14T12:00:00,7045,7145,7025,7055,210361.398039
2023-09-14T16:00:00,7055,7060,6990,7045,69723.518989
2023-09-14T20:00:00,7045,7090,7025,7055,78144.184076
2023-09-15T00:00:00,7065,7145,7005,7075,158300.307284
2023-09-15T04:00:00,7080,7095,6975,6990,107015.375691
2023-09-15T08:00:00,6995,7060,6985,6985,66183.626132
2023-09-15T12:00:00,6985,7030,6925,7030,112606.263976
2023-09-15T16:00:00,7035,7085,7015,7065,16384.410427
2023-09-15T20:00:00,7065,7150,7055,7100,63382.249431
2023-09-16T00:00:00,7110,7230,7095,7170,137105.225002
2023-09-16T04:00:00,7155,7210,7135,7180,98350.844465
2023-09-16T08:00:00,7175,7215,7155,7210,53923.694326
2023-09-16T12:00:00,7210,7225,7100,7135,94991.507965
2023-09-16T16:00:00,7135,7210,7115,7160,41404.692149
2023-09-16T20:00:00,7160,7215,7160,7200,37678.547805
2023-09-17T00:00:00,7200,7200,7000,7100,112690.812941
2023-09-17T04:00:00,7095,7095,6995,7000,69880.302091
2023-09-17T08:00:00,7000,7140,6990,7090,39452.603598
2023-09-17T12:00:00,7090,7175,7090,7135,45850.102725
2023-09-17T16:00:00,7135,7145,7040,7065,16571.778494
2023-09-17T20:00:00,7080,7080,6975,7050,89022.912264
2023-09-18T00:00:00,7050,7145,6955,7105,102030.97717
2023-09-18T04:00:00,7105,7135,7045,7060,58367.003163
2023-09-18T08:00:00,7070,7200,7055,7180,97177.274951
2023-09-18T12:00:00,7185,7210,7115,7115,108922.899994
2023-09-18T16:00:00,7125,7130,6950,6975,87688.453223
2023-09-18T20:00:00,6975,7015,6955,6980,98083.170637
2023-09-19T00:00:00,6980,6980,6905,6975,121497.911395
2023-09-19T04:00:00,6980,7005,6955,6970,58642.553289
2023-09-19T08:00:00,6970,7070,6960,6995,130450.802598
2023-09-19T12:00:00,6985,7000,6900,6975,213213.340086
2023-09-19T16:00:00,6975,6995,6930,6960,43895.524006
2023-09-19T20:00:00,6955,7015,6925,7005,83801.994702
2023-09-20T00:00:00,7005,7050,6945,6950,135534.798671
2023-09-20T04:00:00,6950,6980,6910,6955,89579.37946
2023-09-20T08:00:00,6960,6975,6885,6935,99014.369288
2023-09-20T12:00:00,6935,6945,6880,6915,92323.823791
2023-09-20T16:00:00,6920,6965,6850,6910,64578.645546
2023-09-20T20:00:00,6910,6980,6905,6960,59188.861941
2023-09-21T00:00:00,6960,7100,6950,7075,423244.483262
2023-09-21T04:00:00,7075,7080,6960,6990,134546.829594
2023-09-21T08:00:00,6985,6985,6810,6865,191613.527634
2023-09-21T12:00:00,6865,6925,6840,6905,67976.291706
2023-09-21T16:00:00,6910,6920,6860,6920,38196.504484
2023-09-21T20:00:00,6920,6920,6860,6910,23573.548218
2023-09-22T00:00:00,6915,6935,6855,6925,66844.737889
2023-09-22T04:00:00,6925,6960,6900,6930,43018.249878
2023-09-22T08:00:00,6930,6950,6920,6945,24990.278882
2023-09-22T12:00:00,6945,6960,6900,6935,61682.338955
2023-09-22T16:00:00,6935,6955,6900,6940,30918.257753
2023-09-22T20:00:00,6945,6960,6925,6940,20939.414729
2023-09-23T00:00:00,6950,7005,6950,6990,83347.070298
2023-09-23T04:00:00,7000,7020,6950,6970,49126.995774
2023-09-23T08:00:00,6975,6975,6915,6935,40438.701385
2023-09-23T12:00:00,6940,6945,6880,6890,52940.256825
2023-09-23T16:00:00,6895,6940,6875,6930,11397.754658
2023-09-23T20:00:00,6935,6980,6915,6970,22800.917574
2023-09-24T00:00:00,6970,6970,6920,6940,79140.93661
2023-09-24T04:00:00,6930,6980,6895,6950,160329.019056
2023-09-24T08:00:00,6945,8345,6945,8330,1706937.786805
2023-09-24T12:00:00,8325,9465,7105,7150,20563114.870045
2023-09-24T16:00:00,7150,7215,7130,7150,497143.13737
2023-09-24T20:00:00,7150,7450,7135,7205,2051037.043934
2023-09-25T00:00:00,7205,7740,7150,7305,7125021.627413
2023-09-25T04:00:00,7305,7490,7270,7455,1418365.135803
2023-09-25T08:00:00,7455,7900,7400,7630,4777136.681296
2023-09-25T12:00:00,7635,7685,7380,7445,1448648.532342
2023-09-25T16:00:00,7445,7620,7435,7590,1530997.469157
2023-09-25T20:00:00,7590,7670,7490,7510,1226650.98718
2023-09-26T00:00:00,7510,7650,7370,7570,2354450.410617
2023-09-26T04:00:00,7570,7590,7435,7450,709732.555041
2023-09-26T08:00:00,7450,7490,7350,7405,581826.756406
2023-09-26T12:00:00,7405,7410,7295,7320,464650.958113
2023-09-26T16:00:00,7315,7390,7230,7265,154836.237795
2023-09-26T20:00:00,7270,7295,7060,7215,528432.325456
2023-09-27T00:00:00,7220,7235,7125,7170,510786.361623
2023-09-27T04:00:00,7175,7180,7100,7125,312359.712002
2023-09-27T08:00:00,7125,7265,7100,7225,465720.847196
2023-09-27T12:00:00,7230,7265,7115,7160,281583.302327
2023-09-27T16:00:00,7160,7230,7145,7185,58996.238948
2023-09-27T20:00:00,7195,7265,7160,7250,117873.383296
2023-09-28T00:00:00,7260,7330,7215,7280,318239.585485
2023-09-28T04:00:00,7280,7345,7230,7315,118183.777376
2023-09-28T08:00:00,7315,7335,7220,7235,202831.899706
2023-09-28T12:00:00,7235,7295,7195,7280,307220.909744
2023-09-28T16:00:00,7280,7340,7220,7275,153346.29352
2023-09-28T20:00:00,7285,7285,7195,7230,159743.246255
2023-09-29T00:00:00,7225,7390,7205,7375,737255.739538
2023-09-29T04:00:00,7375,7385,7310,7380,224744.780276
2023-09-29T08:00:00,7375,7630,7320,7570,948247.169338
2023-09-29T12:00:00,7570,7595,7305,7425,863889.188694
2023-09-29T16:00:00,7410,7415,7260,7295,91020.679714
2023-09-29T20:00:00,7305,7350,7295,7315,86241.143962
2023-09-30T00:00:00,7315,7330,7220,7240,236119.900782
2023-09-30T04:00:00,7245,7355,7240,7345,87686.724697
2023-09-30T08:00:00,7340,7430,7255,7265,237631.037451
2023-09-30T12:00:00,7275,7400,7260,7370,132171.64273
2023-09-30T16:00:00,7370,7475,7355,7400,90350.66617
2023-09-30T20:00:00,7400,7460,7385,7440,81896.006626
2023-10-01T00:00:00,7440,7475,7380,7400,166785.397228
2023-10-01T04:00:00,7400,7460,7375,7420,102229.181556
2023-10-01T08:00:00,7415,7550,7400,7485,178622.366553
2023-10-01T12:00:00,7490,7615,7470,7545,202394.301349
2023-10-01T16:00:00,7540,7540,7455,7485,32607.531272
2023-10-01T20:00:00,7485,7670,7460,7660,152540.219628
2023-10-02T00:00:00,7660,7770,7565,7740,251516.538578
2023-10-02T04:00:00,7730,7780,7655,7750,157658.665249
2023-10-02T08:00:00,7760,7800,7650,7650,173785.005494
2023-10-02T12:00:00,7650,7675,7400,7455,278686.766196
2023-10-02T16:00:00,7450,7560,7300,7450,100163.540846
2023-10-02T20:00:00,7450,7450,7300,7405,99246.00429
2023-10-03T00:00:00,7410,7455,7365,7380,158394.661787
2023-10-03T04:00:00,7385,7415,7300,7370,154582.562108
2023-10-03T08:00:00,7370,7410,7320,7345,66076.828839
2023-10-03T12:00:00,7340,7400,7250,7290,166577.197532
2023-10-03T16:00:00,7285,7355,7265,7300,18746.42071
2023-10-03T20:00:00,7320,7335,7205,7240,124372.403092
2023-10-04T00:00:00,7240,7260,6960,7115,246693.165139
2023-10-04T04:00:00,7110,7170,7080,7170,70126.848221
2023-10-04T08:00:00,7170,7255,7160,7195,77548.467075
2023-10-04T12:00:00,7195,7220,7125,7140,32085.923578
2023-10-04T16:00:00,7140,7225,7130,7200,8958.018338
2023-10-04T20:00:00,7195,7245,7190,7215,41407.153608
2023-10-05T00:00:00,7215,7260,7145,7170,50168.733572
2023-10-05T04:00:00,7180,7245,7170,7215,48271.304667
2023-10-05T08:00:00,7225,7240,7195,7195,47304.759195
2023-10-05T12:00:00,7195,7245,7100,7145,83212.423876
2023-10-05T16:00:00,7145,7170,7080,7110,41558.238763
2023-10-05T20:00:00,7110,7150,7095,7095,34197.830588
2023-10-06T00:00:00,7105,7150,7095,7145,47246.556653
2023-10-06T04:00:00,7140,7150,7090,7140,42115.306525
2023-10-06T08:00:00,7140,7175,7110,7130,59359.819795
2023-10-06T12:00:00,7135,7210,7095,7180,67237.505643
2023-10-06T16:00:00,7180,7240,7170,7235,24985.967996
2023-10-06T20:00:00,7235,7245,7195,7215,36440.868488
2023-10-07T00:00:00,7215,7255,7185,7185,75823.142311
2023-10-07T04:00:00,7195,7250,7150,7155,61637.359782
2023-10-07T08:00:00,7160,7210,7145,7185,44425.757447
2023-10-07T12:00:00,7185,7185,7150,7165,22518.704808
2023-10-07T16:00:00,7170,7170,7115,7120,22925.552185
2023-10-07T20:00:00,7125,7160,7115,7155,11701.521775
2023-10-08T00:00:00,7155,7185,7130,7180,45210.556947
2023-10-08T04:00:00,7180,7185,7110,7125,43346.475289
2023-10-08T08:00:00,7135,7155,7055,7075,46257.773595
2023-10-08T12:00:00,7075,7135,7065,7105,23695.174271
2023-10-08T16:00:00,7115,7130,7055,7090,29079.679807
2023-10-08T20:00:00,7090,7115,7060,7070,37928.527674
2023-10-09T00:00:00,7070,7085,7000,7080,77536.730681
2023-10-09T04:00:00,7080,7110,7040,7055,52483.591297
2023-10-09T08:00:00,7070,7070,6720,6745,274212.647351
2023-10-09T12:00:00,6740,6810,6710,6795,110751.308171
2023-10-09T16:00:00,6795,6825,6640,6810,59936.819758
2023-10-09T20:00:00,6810,6825,6750,6765,31105.978597
2023-10-10T00:00:00,6775,6790,6675,6720,86237.181025
2023-10-10T04:00:00,6720,6805,6685,6795,40899.114401
2023-10-10T08:00:00,6800,6825,6710,6715,65546.066364
2023-10-10T12:00:00,6715,6750,6670,6685,59738.888437
2023-10-10T16:00:00,6690,6710,6625,6660,37059.839848
2023-10-10T20:00:00,6660,6735,6580,6700,46464.395048
2023-10-11T00:00:00,6695,6715,6450,6525,120497.426639
2023-10-11T04:00:00,6535,6585,6520,6550,69424.350772
2023-10-11T08:00:00,6550,6680,6535,6615,54066.382092
2023-10-11T12:00:00,6600,6615,6510,6535,52657.803923
2023-10-11T16:00:00,6525,6540,6470,6525,37831.735122
2023-10-11T20:00:00,6520,6620,6520,6600,16428.90221
2023-10-12T00:00:00,6605,6605,6500,6545,54150.396742
2023-10-12T04:00:00,6550,6600,6535,6590,24232.236244
2023-10-12T08:00:00,6590,6600,6475,6580,33328.028111
2023-10-12T12:00:00,6585,6775,6565,6695,149170.329672
2023-10-12T16:00:00,6695,6790,6590,6600,106114.719874
2023-10-12T20:00:00,6600,6660,6580,6645,36549.54116
2023-10-13T00:00:00,6645,6695,6615,6650,82185.181721
2023-10-13T04:00:00,6655,6695,6610,6645,50829.801723
2023-10-13T08:00:00,6645,6680,6620,6665,52185.279311
2023-10-13T12:00:00,6665,6695,6640,6670,38591.50778
2023-10-13T16:00:00,6680,6740,6675,6680,29473.84396
2023-10-13T20:00:00,6680,6875,6680,6740,78247.468376
2023-10-14T00:00:00,6740,6790,6725,6775,55604.070323
2023-10-14T04:00:00,6775,6820,6765,6820,26674.587557
2023-10-14T08:00:00,6825,6840,6780,6780,49258.397139
2023-10-14T12:00:00,6780,6790,6735,6790,54855.565882
2023-10-14T16:00:00,6785,6805,6750,6805,9272.82223
2023-10-14T20:00:00,6795,6810,6765,6770,10028.763575
2023-10-15T00:00:00,6790,6795,6705,6715,88070.80503
2023-10-15T04:00:00,6715,6730,6685,6715,61946.021566
2023-10-15T08:00:00,6720,6755,6700,6700,48710.25164
2023-10-15T12:00:00,6700,6715,6615,6680,101061.764114
2023-10-15T16:00:00,6680,6715,6670,6705,18229.237795
2023-10-15T20:00:00,6705,6750,6685,6740,39419.552665
2023-10-16T00:00:00,6740,6770,6695,6750,114040.441463
2023-10-16T04:00:00,6750,6850,6730,6800,110913.722168
2023-10-16T08:00:00,6800,6920,6790,6910,105008.293459
2023-10-16T12:00:00,6915,7140,6750,6765,476681.549228
2023-10-16T16:00:00,6765,6870,6760,6830,33200.770132
2023-10-16T20:00:00,6825,6900,6810,6885,47423.915657
2023-10-17T00:00:00,6885,7255,6820,7075,737716.636192
2023-10-17T04:00:00,7075,7950,6965,7030,3759979.542666
2023-10-17T08:00:00,7035,7485,7035,7155,1567634.683475
2023-10-17T12:00:00,7155,7330,7055,7130,716987.295313
2023-10-17T16:00:00,7120,7155,7055,7115,55016.630825
2023-10-17T20:00:00,7100,7120,7025,7090,175639.285467
2023-10-18T00:00:00,7075,7345,6760,6835,730650.489679
2023-10-18T04:00:00,6835,6920,6810,6845,149376.416544
2023-10-18T08:00:00,6845,6875,6790,6815,158464.866711
2023-10-18T12:00:00,6820,6825,6695,6715,183004.288344
2023-10-18T16:00:00,6710,6760,6705,6755,55296.467418
2023-10-18T20:00:00,6750,6765,6690,6755,100285.532059
2023-10-19T00:00:00,6755,7165,6590,6810,963245.314977
2023-10-19T04:00:00,6790,6885,6740,6840,190044.644164
2023-10-19T08:00:00,6845,6970,6795,6815,279712.319189
2023-10-19T12:00:00,6815,6945,6760,6870,228714.100132
2023-10-19T16:00:00,6870,6885,6760,6795,58226.058191
2023-10-19T20:00:00,6800,6865,6670,6740,103035.378788
2023-10-20T00:00:00,6740,6850,6635,6840,202808.32621
2023-10-20T04:00:00,6850,6975,6810,6860,216914.726543
2023-10-20T08:00:00,6870,7030,6870,6935,355280.649018
2023-10-20T12:00:00,6940,7035,6850,6870,245979.549817
2023-10-20T16:00:00,6870,6915,6840,6860,30532.444037
2023-10-20T20:00:00,6860,6900,6835,6860,95204.908994
2023-10-21T00:00:00,6865,7090,6845,6885,707347.185558
2023-10-21T04:00:00,6885,6985,6860,6980,157757.163704
2023-10-21T08:00:00,6980,7090,6930,7070,158153.769185
2023-10-21T12:00:00,7075,7925,7030,7820,6007755.175314
2023-10-21T16:00:00,7815,7920,7630,7725,779242.377791
2023-10-21T20:00:00,7720,7735,7445,7485,623661.260352
2023-10-22T00:00:00,7485,7610,7355,7500,922936.866545
2023-10-22T04:00:00,7500,8495,7495,8155,4682788.732895
2023-10-22T08:00:00,8150,8490,7850,8195,3915858.579633
2023-10-22T12:00:00,8200,8370,7885,8040,2929720.904977
2023-10-22T16:00:00,8040,8200,7975,8055,936999.382566
2023-10-22T20:00:00,8045,8290,7940,8285,827356.363045
2023-10-23T00:00:00,8280,8675,8115,8250,2787309.248705
2023-10-23T04:00:00,8245,8420,8050,8180,991886.882744
2023-10-23T08:00:00,8165,8190,7935,8015,676120.58556
2023-10-23T12:00:00,8025,8050,7800,8020,546676.026317
2023-10-23T16:00:00,8020,8125,7955,8115,103949.411864
2023-10-23T20:00:00,8115,8425,7995,8285,518782.744393
2023-10-24T00:00:00,8285,8930,8140,8280,1557682.634504
2023-10-24T04:00:00,8280,8520,8050,8125,585585.248014
2023-10-24T08:00:00,8125,8545,8110,8425,374467.973574
2023-10-24T12:00:00,8445,8605,7960,8105,611082.10174
2023-10-24T16:00:00,8100,8405,8020,8355,104655.025991
2023-10-24T20:00:00,8345,8495,8190,8465,147629.947161
2023-10-25T00:00:00,8475,8990,8405,8590,931594.579385
2023-10-25T04:00:00,8590,8875,8460,8585,420554.113789
2023-10-25T08:00:00,8585,8750,8515,8585,206896.009901
2023-10-25T12:00:00,8585,9090,8585,8900,1280882.752331
2023-10-25T16:00:00,8915,9150,8700,9020,289861.156561
2023-10-25T20:00:00,9020,9500,8905,9330,798469.861005
2023-10-26T00:00:00,9330,9420,9090,9200,442385.962025
2023-10-26T04:00:00,9200,9270,8930,9145,320992.048538
2023-10-26T08:00:00,9140,9185,8755,8840,272485.05206
2023-10-26T12:00:00,8840,8955,8465,8600,267213.659888
2023-10-26T16:00:00,8600,8710,8560,8695,72263.257325
2023-10-26T20:00:00,8690,8910,8660,8815,125795.216531
2023-10-27T00:00:00,8830,8840,8520,8660,190561.652072
2023-10-27T04:00:00,8670,8725,8510,8540,138106.364369
2023-10-27T08:00:00,8530,8780,8530,8700,71723.733535
2023-10-27T12:00:00,8705,9040,8655,9020,183308.8259
2023-10-27T16:00:00,9030,9160,8640,8815,175370.202039
2023-10-27T20:00:00,8825,8970,8805,8910,56664.951726
2023-10-28T00:00:00,8915,9340,8875,9200,785085.707657
2023-10-28T04:00:00,9190,9270,9115,9230,144446.139759
2023-10-28T08:00:00,9230,9240,9030,9115,122411.28775
2023-10-28T12:00:00,9115,9320,8965,9230,210055.992722
2023-10-28T16:00:00,9235,9330,9165,9230,64080.301414
2023-10-28T20:00:00,9230,9315,9210,9290,54098.722514
2023-10-29T00:00:00,9305,9385,9085,9220,200844.437699
2023-10-29T04:00:00,9230,9305,9185,9210,55718.244501
2023-10-29T08:00:00,9215,9250,9075,9095,74656.860423
2023-10-29T12:00:00,9095,9260,9065,9205,123212.804086
2023-10-29T16:00:00,9205,9280,9155,9190,28473.978232
2023-10-29T20:00:00,9190,9340,9120,9140,95002.057103
2023-10-30T00:00:00,9145,9500,9100,9140,760057.270775
2023-10-30T04:00:00,9140,9240,9090,9100,107136.575999
2023-10-30T08:00:00,9100,9465,9085,9310,268160.078328
2023-10-30T12:00:00,9315,9380,9145,9225,93897.098341
2023-10-30T16:00:00,9225,9370,9110,9325,55091.609185
2023-10-30T20:00:00,9325,9365,9280,9310,42107.407426
2023-10-31T00:00:00,9310,10370,9300,9790,3150834.700825
2023-10-31T04:00:00,9785,9845,9650,9705,527819.7916
2023-10-31T08:00:00,9705,9775,9510,9685,389785.115759
2023-10-31T12:00:00,9685,9770,9130,9295,435685.881782
2023-10-31T16:00:00,9295,9495,9240,9370,110682.846284
2023-10-31T20:00:00,9380,9600,9250,9590,188346.788529
2023-11-01T00:00:00,9590,9850,9475,9515,287076.126191
2023-11-01T04:00:00,9525,9680,9325,9400,126733.110853
2023-11-01T08:00:00,9405,9665,9325,9365,344771.051643
2023-11-01T12:00:00,9365,9590,9180,9190,255347.399795
2023-11-01T16:00:00,9190,9930,9135,9725,266383.335719
2023-11-01T20:00:00,9725,9900,9540,9660,161667.938107
2023-11-02T00:00:00,9655,9770,9550,9710,205692.233497
2023-11-02T04:00:00,9700,9735,9405,9530,163145.207379
2023-11-02T08:00:00,9530,9575,9425,9525,118466.863481
2023-11-02T12:00:00,9510,9545,9075,9105,286962.026028
2023-11-02T16:00:00,9095,9200,8850,9200,134206.195295
2023-11-02T20:00:00,9200,9200,9030,9110,124756.136346
2023-11-03T00:00:00,9115,9115,8625,8725,319712.689858
2023-11-03T04:00:00,8725,8905,8595,8880,106443.616779
2023-11-03T08:00:00,8885,8990,8770,8845,101802.086918
2023-11-03T12:00:00,8845,9010,8725,8985,95802.829395
2023-11-03T16:00:00,8985,9015,8810,9000,44207.718013
2023-11-03T20:00:00,9000,9055,8940,9005,32497.379886
2023-11-04T00:00:00,9015,9105,8950,9050,137217.930861
2023-11-04T04:00:00,9050,9230,8980,9200,129650.062123
2023-11-04T08:00:00,9200,9410,9165,9270,135834.824471
2023-11-04T12:00:00,9270,9385,9205,9305,119992.956462
2023-11-04T16:00:00,9305,9400,9275,9360,26185.413142
2023-11-04T20:00:00,9360,9535,9325,9340,83922.327416
2023-11-05T00:00:00,9340,9560,9235,9555,183008.700877
2023-11-05T04:00:00,9545,9590,9440,9560,93572.576551
2023-11-05T08:00:00,9560,9620,9465,9510,187459.512371
2023-11-05T12:00:00,9510,9560,9100,9230,237035.544787
2023-11-05T16:00:00,9220,9350,9205,9280,24517.853267
2023-11-05T20:00:00,9280,9335,9090,9230,49737.336637
2023-11-06T00:00:00,9250,9450,9140,9385,228504.178832
2023-11-06T04:00:00,9385,9425,9115,9280,145717.360999
2023-11-06T08:00:00,9275,9515,9200,9435,150376.600476
2023-11-06T12:00:00,9435,9955,9395,9745,556203.557408
2023-11-06T16:00:00,9750,9870,9600,9860,110240.750201
2023-11-06T20:00:00,9865,9970,9800,9900,231996.541735
2023-11-07T00:00:00,9900,10770,9790,9970,1854089.777359
2023-11-07T04:00:00,9975,9975,9765,9800,234418.495779
2023-11-07T08:00:00,9800,9845,9500,9580,265700.94939
2023-11-07T12:00:00,9580,9715,9435,9495,164051.905427
2023-11-07T16:00:00,9510,9765,9445,9720,87421.888509
2023-11-07T20:00:00,9715,9785,9655,9725,77984.201074
2023-11-08T00:00:00,9720,9740,9525,9540,291399.083405
2023-11-08T04:00:00,9540,9620,9490,9620,104310.71037
2023-11-08T08:00:00,9615,9835,9590,9610,137665.780895
2023-11-08T12:00:00,9610,9740,9560,9650,157275.122857
2023-11-08T16:00:00,9645,9860,9620,9760,77470.439894
2023-11-08T20:00:00,9760,9995,9740,9880,142426.506357
2023-11-09T00:00:00,9880,10030,9805,10010,205015.842625
2023-11-09T04:00:00,10010,10130,9850,9870,166027.519296
2023-11-09T08:00:00,9870,10130,9865,10020,324588.90317
2023-11-09T12:00:00,10020,10250,9870,9890,404058.066561
2023-11-09T16:00:00,9870,9955,8865,9350,395346.653314
2023-11-09T20:00:00,9350,9875,9240,9820,104869.732191
2023-11-10T00:00:00,9820,10240,9770,10020,627758.355465
2023-11-10T04:00:00,10020,10140,9825,9875,193193.169871
2023-11-10T08:00:00,9875,10020,9700,9985,236631.072375
2023-11-10T12:00:00,9985,10000,9550,9650,264543.856866
2023-11-10T16:00:00,9650,9975,9640,9815,119378.815526
2023-11-10T20:00:00,9815,10120,9780,10060,217673.573221
2023-11-11T00:00:00,10060,10600,9930,9930,819213.385811
2023-11-11T04:00:00,9930,9960,9675,9820,235204.542503
2023-11-11T08:00:00,9795,9875,9705,9795,128554.810971
2023-11-11T12:00:00,9775,10250,9715,10080,286502.749439
2023-11-11T16:00:00,10080,10440,10070,10420,105360.097276
2023-11-11T20:00:00,10390,10400,10070,10240,183895.72514
2023-11-12T00:00:00,10240,10260,9685,10120,327501.453025
2023-11-12T04:00:00,10140,10740,9930,10670,361888.626945
2023-11-12T08:00:00,10670,11300,10590,10870,1649477.521457
2023-11-12T12:00:00,10870,10970,10560,10680,390605.477715
2023-11-12T16:00:00,10680,10790,10430,10530,78462.498567
2023-11-12T20:00:00,10530,10600,10280,10420,130404.70528
2023-11-13T00:00:00,10410,10690,10190,10220,282116.649209
2023-11-13T04:00:00,10220,10340,10090,10220,150199.448443
2023-11-13T08:00:00,10220,10430,10050,10120,170569.294086
2023-11-13T12:00:00,10130,10370,9995,10270,161055.061252
2023-11-13T16:00:00,10300,10320,10080,10290,45427.238043
2023-11-13T20:00:00,10300,10300,9850,9885,178023.504645
2023-11-14T00:00:00,9890,9920,9620,9685,249159.566244
2023-11-14T04:00:00,9685,9790,9655,9750,125777.351754
2023-11-14T08:00:00,9750,9865,9540,9605,191676.826031
2023-11-14T12:00:00,9600,9950,9580,9790,174986.886824
2023-11-14T16:00:00,9790,9860,9420,9525,102709.699564
2023-11-14T20:00:00,9525,9670,9510,9610,79647.881127
2023-11-15T00:00:00,9630,9700,9405,9425,98723.461235
2023-11-15T04:00:00,9410,9750,9410,9705,106093.288166
2023-11-15T08:00:00,9705,10280,9705,10150,240750.684756
2023-11-15T12:00:00,10150,10220,9950,10150,199103.340855
2023-11-15T16:00:00,10150,10330,10100,10320,108463.296749
2023-11-15T20:00:00,10310,10330,10180,10260,94805.619862
2023-11-16T00:00:00,10260,10470,10200,10340,178328.563961
2023-11-16T04:00:00,10350,11160,10300,10560,1038752.119101
2023-11-16T08:00:00,10570,10660,10200,10290,551140.219304
2023-11-16T12:00:00,10290,10340,9950,10080,251590.949107
2023-11-16T16:00:00,10110,10180,9780,9940,89271.972391
2023-11-16T20:00:00,9940,10010,9750,9840,112848.965356
2023-11-17T00:00:00,9850,10190,9810,10090,257574.58142
2023-11-17T04:00:00,10090,10290,10010,10060,158871.264028
2023-11-17T08:00:00,10050,10160,9750,9910,168049.753155
2023-11-17T12:00:00,9910,9965,9415,9455,222565.696944
2023-11-17T16:00:00,9455,9825,9440,9680,60226.377013
2023-11-17T20:00:00,9680,9870,9620,9810,71311.910419
2023-11-18T00:00:00,9810,9810,9355,9385,262121.143195
2023-11-18T04:00:00,9385,9475,9050,9340,181124.963177
2023-11-18T08:00:00,9340,9395,9275,9320,49819.248896
2023-11-18T12:00:00,9320,9480,9160,9480,47098.875481
2023-11-18T16:00:00,9480,9535,9415,9480,30683.39051
2023-11-18T20:00:00,9480,9520,9400,9510,22477.744943
2023-11-19T00:00:00,9510,9515,9205,9385,72735.816908
2023-11-19T04:00:00,9385,9510,9330,9465,48006.74672
2023-11-19T08:00:00,9465,9550,9350,9415,69634.909088
2023-11-19T12:00:00,9395,9515,9340,9455,44669.62525
2023-11-19T16:00:00,9460,9595,9405,9580,16440.782293
2023-11-19T20:00:00,9595,9655,9505,9610,50448.571219
2023-11-20T00:00:00,9615,9730,9525,9550,112952.239923
2023-11-20T04:00:00,9550,9745,9525,9725,66900.48198
2023-11-20T08:00:00,9725,9980,9645,9775,228362.402383
2023-11-20T12:00:00,9775,10200,9700,9910,998007.839111
2023-11-20T16:00:00,9910,9940,9710,9770,108064.800124
2023-11-20T20:00:00,9790,9835,9600,9645,90784.061414
2023-11-21T00:00:00,9645,10030,9600,9745,660451.871644
2023-11-21T04:00:00,9745,10050,9690,9715,251432.617851
2023-11-21T08:00:00,9715,9925,9700,9750,172691.233365
2023-11-21T12:00:00,9750,9830,9360,9605,281635.114509
2023-11-21T16:00:00,9605,9760,9345,9555,122385.223185
2023-11-21T20:00:00,9535,9715,9160,9175,158595.880622
2023-11-22T00:00:00,9185,9575,9160,9565,107846.370537
2023-11-22T04:00:00,9565,9695,9505,9600,90483.767202
2023-11-22T08:00:00,9620,9745,9600,9640,56593.109959
2023-11-22T12:00:00,9625,9760,9565,9640,72172.428933
2023-11-22T16:00:00,9645,9935,9595,9860,68005.220529
2023-11-22T20:00:00,9860,9955,9770,9800,72451.060329
2023-11-23T00:00:00,9800,9840,9680,9720,145097.205615
2023-11-23T04:00:00,9720,9795,9715,9740,37439.777783
2023-11-23T08:00:00,9740,9910,9695,9785,79041.643405
2023-11-23T12:00:00,9785,9800,9580,9625,75939.577136
2023-11-23T16:00:00,9600,9800,9600,9650,17155.646218
2023-11-23T20:00:00,9650,9725,9630,9680,32565.212825
2023-11-24T00:00:00,9695,9840,9660,9765,73259.144652
2023-11-24T04:00:00,9765,9800,9710,9790,62115.727666
2023-11-24T08:00:00,9790,9950,9760,9860,113203.533833
2023-11-24T12:00:00,9860,9965,9750,9920,117697.076389
2023-11-24T16:00:00,9915,9965,9775,9870,50848.43468
2023-11-24T20:00:00,9870,10050,9835,9990,58544.812072
2023-11-25T00:00:00,9985,10220,9920,10110,198839.125177
2023-11-25T04:00:00,10120,10130,9955,10000,167890.720378
2023-11-25T08:00:00,10010,10030,9785,9830,130965.794406
2023-11-25T12:00:00,9830,9890,9810,9875,63375.955979
2023-11-25T16:00:00,9875,9905,9845,9870,21124.029824
2023-11-25T20:00:00,9870,9915,9825,9915,41986.020602
2023-11-26T00:00:00,9910,9920,9790,9820,88106.321675
2023-11-26T04:00:00,9820,10030,9800,9875,89606.852203
2023-11-26T08:00:00,9875,9895,9795,9810,91659.501201
2023-11-26T12:00:00,9810,9850,9700,9740,157008.674573
2023-11-26T16:00:00,9740,9765,9520,9700,93368.045236
2023-11-26T20:00:00,9690,9835,9680,9765,53025.75659
2023-11-27T00:00:00,9760,9910,9550,9630,235258.532622
2023-11-27T04:00:00,9630,9700,9485,9565,84631.799055
2023-11-27T08:00:00,9565,9595,9335,9430,119133.714517
2023-11-27T12:00:00,9430,9455,9260,9270,83964.867386
2023-11-27T16:00:00,9270,9425,9260,9320,17163.351178
2023-11-27T20:00:00,9315,9425,9270,9400,33407.162828
2023-11-28T00:00:00,9405,9440,9250,9260,78396.155755
2023-11-28T04:00:00,9265,9265,9055,9145,141843.075816
2023-11-28T08:00:00,9145,9275,9100,9275,46755.018966
2023-11-28T12:00:00,9275,9325,9210,9315,51587.156032
2023-11-28T16:00:00,9315,9450,9310,9425,40231.615473
2023-11-28T20:00:00,9410,9445,9335,9400,50795.25702
2023-11-29T00:00:00,9410,9435,9340,9370,44435.627787
2023-11-29T04:00:00,9365,9460,9360,9410,38741.064329
2023-11-29T08:00:00,9415,9550,9360,9395,60147.137634
2023-11-29T12:00:00,9395,9405,9230,9310,94463.58442
2023-11-29T16:00:00,9310,9400,9260,9385,20020.890453
2023-11-29T20:00:00,9370,9445,9350,9405,28024.366084
2023-11-30T00:00:00,9415,9455,9330,9425,63386.900465
2023-11-30T04:00:00,9425,9470,9380,9390,72249.321522
2023-11-30T08:00:00,9395,9540,9305,9485,81241.650769
2023-11-30T12:00:00,9490,9520,9350,9400,38661.958214
2023-11-30T16:00:00,9395,9420,9320,9320,26409.426863
2023-11-30T20:00:00,9320,9375,9315,9360,19655.715179
2023-12-01T00:00:00,9365,9435,9275,9420,81110.864311
2023-12-01T04:00:00,9420,9455,9395,9415,33153.153362
2023-12-01T08:00:00,9430,9495,9395,9435,65420.913947
2023-12-01T12:00:00,9435,9455,9365,9425,35480.997185
2023-12-01T16:00:00,9425,9485,9390,9445,22566.980082
2023-12-01T20:00:00,9445,9470,9425,9455,20104.976509
2023-12-02T00:00:00,9455,9525,9415,9520,46807.931958
2023-12-02T04:00:00,9520,9605,9475,9580,56593.653591
2023-12-02T08:00:00,9580,9715,9565,9605,67603.258515
2023-12-02T12:00:00,9605,9790,9575,9725,91335.786747
2023-12-02T16:00:00,9725,9795,9680,9785,64344.743058
2023-12-02T20:00:00,9785,9835,9735,9800,36628.93609
2023-12-03T00:00:00,9800,10060,9760,9945,206689.588115
2023-12-03T04:00:00,9950,9965,9795,9825,70177.590825
2023-12-03T08:00:00,9835,9850,9750,9825,45069.9783
2023-12-03T12:00:00,9820,9840,9670,9745,96395.60331
2023-12-03T16:00:00,9782.5,9872.5,9680,9787.5,74086.274942
2023-12-03T20:00:00,9745,9905,9690,9830,51776.946574
2023-12-04T00:00:00,9830,10020,9765,9960,128692.76732
2023-12-04T04:00:00,9955,10220,9945,10130,215423.758598
2023-12-04T08:00:00,10130,10210,9460,9770,285958.302161
2023-12-04T12:00:00,9770,10020,9715,9835,213753.20944
2023-12-04T16:00:00,9830,10340,9820,10130,148153.151584
2023-12-04T20:00:00,10120,10690,10080,10510,373200.738044
2023-12-05T00:00:00,10520,10700,10190,10420,553571.637009
2023-12-05T04:00:00,10420,10420,10030,10130,199423.089623
2023-12-05T08:00:00,10130,10180,10020,10130,126854.781764
2023-12-05T12:00:00,10120,10250,10050,10210,164455.989521
2023-12-05T16:00:00,10200,10530,10130,10460,164725.724845
2023-12-05T20:00:00,10460,10600,10380,10520,153632.934345
2023-12-06T00:00:00,10530,10840,10340,10400,648620.19268
2023-12-06T04:00:00,10400,10480,10230,10400,132410.534397
2023-12-06T08:00:00,10400,10670,10170,10420,369972.249904
2023-12-06T12:00:00,10420,10580,10310,10370,123328.069838
2023-12-06T16:00:00,10370,10480,10330,10450,48875.03192
2023-12-06T20:00:00,10450,10470,10170,10210,217143.017183
2023-12-07T00:00:00,10210,10350,10170,10290,103689.356082
2023-12-07T04:00:00,10290,10630,10290,10470,283617.433427
2023-12-07T08:00:00,10470,10600,10080,10470,428623.419029
2023-12-07T12:00:00,10470,10750,10280,10660,323315.450992
2023-12-07T16:00:00,10660,11200,10610,10750,533999.742288
2023-12-07T20:00:00,10760,10980,10650,10860,224087.658389
2023-12-08T00:00:00,10880,11030,10630,10980,238020.115794
2023-12-08T04:00:00,10980,11370,10950,11060,552733.638912
2023-12-08T08:00:00,11060,11660,11040,11550,565469.816155
2023-12-08T12:00:00,11550,11640,11390,11480,386905.028109
2023-12-08T16:00:00,11480,11780,11420,11540,169858.152692
2023-12-08T20:00:00,11540,11600,11390,11550,104774.0875
2023-12-09T00:00:00,11570,11980,11550,11730,469531.399649
2023-12-09T04:00:00,11710,11810,11600,11740,204395.876006
2023-12-09T08:00:00,11740,11980,11470,11780,240793.658895
2023-12-09T12:00:00,11790,11940,11600,11720,162358.266297
2023-12-09T16:00:00,11720,11720,11470,11610,81632.979372
2023-12-09T20:00:00,11600,11630,11230,11330,115962.374323
2023-12-10T00:00:00,11340,11530,11330,11430,184905.425091
2023-12-10T04:00:00,11420,11460,11130,11270,140679.997326
2023-12-10T08:00:00,11270,11270,10920,11190,174388.111301
2023-12-10T12:00:00,11180,11230,11060,11130,80577.150822
2023-12-10T16:00:00,11130,11500,11110,11470,43305.570339
2023-12-10T20:00:00,11470,11610,11430,11510,134405.101806
2023-12-11T00:00:00,11530,11540,10380,10880,431383.401421
2023-12-11T04:00:00,10870,10940,10680,10720,118299.173397
2023-12-11T08:00:00,10700,10890,10600,10850,99643.340402
2023-12-11T12:00:00,10850,10930,10480,10680,129410.758334
2023-12-11T16:00:00,10660,10730,10350,10560,93445.054474
2023-12-11T20:00:00,10540,10840,10450,10740,67169.096089
2023-12-12T00:00:00,10740,11260,10740,11060,169325.593258
2023-12-12T04:00:00,11060,11580,10780,11500,270227.952843
2023-12-12T08:00:00,11500,11590,10980,11050,249254.128565
2023-12-12T12:00:00,11050,12690,11000,12500,3460743.329034
2023-12-12T16:00:00,12500,12520,12020,12260,562898.748109
2023-12-12T20:00:00,12260,12780,12130,12630,516631.733354
2023-12-13T00:00:00,12650,12680,11920,12100,725913.676087
2023-12-13T04:00:00,12100,12150,11480,11560,410393.8116
2023-12-13T08:00:00,11560,11700,11360,11410,540060.114934
2023-12-13T12:00:00,11410,11840,11380,11600,846411.598285
2023-12-13T16:00:00,11630,11870,11430,11840,398903.860911
2023-12-13T20:00:00,11840,12030,11690,11840,519411.52856
2023-12-14T00:00:00,11840,11920,11560,11630,397844.795291
2023-12-14T04:00:00,11650,11660,11380,11600,240975.922654
2023-12-14T08:00:00,11590,11750,11460,11750,144580.930388
2023-12-14T12:00:00,11750,11780,11210,11350,513836.073165
2023-12-14T16:00:00,11340,11600,11300,11370,94852.85766
2023-12-14T20:00:00,11370,11580,11300,11490,116545.362202
2023-12-15T00:00:00,11490,11490,11300,11300,139134.531492
2023-12-15T04:00:00,11330,11360,11170,11210,138849.45588
2023-12-15T08:00:00,11210,11310,11160,11250,92865.384219
2023-12-15T12:00:00,11250,11590,11110,11440,269667.248965
2023-12-15T16:00:00,11470,11520,11260,11390,84882.669504
2023-12-15T20:00:00,11380,11560,11220,11380,99375.936773
2023-12-16T00:00:00,11380,11550,11170,11500,272794.819906
2023-12-16T04:00:00,11500,11700,11310,11380,155926.505856
2023-12-16T08:00:00,11380,11460,11290,11430,110261.167807
2023-12-16T12:00:00,11410,11540,11380,11510,108070.384575
2023-12-16T16:00:00,11510,11650,11360,11400,59549.716582
2023-12-16T20:00:00,11460,11510,11190,11210,109830.172147
2023-12-17T00:00:00,11210,11380,11130,11220,237460.473328
2023-12-17T04:00:00,11220,11300,11070,11100,93676.301972
2023-12-17T08:00:00,11090,11270,11090,11220,66131.468981
2023-12-17T12:00:00,11220,11240,10890,11140,142697.169749
2023-12-17T16:00:00,11120,11430,11100,11350,56645.456136
2023-12-17T20:00:00,11360,11400,10960,11020,108695.704636
2023-12-18T00:00:00,11020,11080,10550,10770,186736.437524
2023-12-18T04:00:00,10770,10800,10570,10620,141380.855189
2023-12-18T08:00:00,10620,10770,10150,10520,285878.707416
2023-12-18T12:00:00,10520,10700,10340,10530,125380.222098
2023-12-18T16:00:00,10540,10680,10500,10580,54033.359777
2023-12-18T20:00:00,10580,10820,10500,10750,107923.086207
2023-12-19T00:00:00,10750,10880,10670,10760,99630.822488
2023-12-19T04:00:00,10760,10830,10700,10800,63388.643715
2023-12-19T08:00:00,10800,10850,10610,10740,113337.052685
2023-12-19T12:00:00,10740,10890,10570,10720,125563.994814
2023-12-19T16:00:00,10700,10930,10500,10790,191543.360358
2023-12-19T20:00:00,10790,11110,10770,11080,121411.454621
2023-12-20T00:00:00,11090,11150,10810,10880,192697.772619
2023-12-20T04:00:00,10870,11320,10850,11290,272098.625967
2023-12-20T08:00:00,11280,11290,11050,11150,228283.664996
2023-12-20T12:00:00,11150,11250,11070,11160,275622.210571
2023-12-20T16:00:00,11200,11250,11070,11070,130778.967101
2023-12-20T20:00:00,11070,11090,10870,11050,175329.38571
2023-12-21T00:00:00,11050,11090,10910,11040,151260.830506
2023-12-21T04:00:00,11040,11190,11030,11180,111837.178379
2023-12-21T08:00:00,11180,11500,11130,11430,280338.160887
2023-12-21T12:00:00,11430,11680,11260,11530,508795.47206
2023-12-21T16:00:00,11530,11640,11430,11620,149433.128987
2023-12-21T20:00:00,11620,11790,11540,11570,210204.614544
2023-12-22T00:00:00,11550,11780,11500,11610,318037.151892
2023-12-22T04:00:00,11610,11630,11270,11350,291462.994873
2023-12-22T08:00:00,11350,11890,11340,11700,345068.556333
2023-12-22T12:00:00,11700,12160,11570,11940,414434.19411
2023-12-22T16:00:00,11940,11940,11670,11760,82396.065019
2023-12-22T20:00:00,11760,12780,11760,12550,583405.520512
2023-12-23T00:00:00,12530,13790,12490,12880,3618527.943277
2023-12-23T04:00:00,12900,12910,12500,12530,578505.26452
2023-12-23T08:00:00,12530,12850,12500,12750,323731.153711
2023-12-23T12:00:00,12750,12820,12500,12520,249978.221732
2023-12-23T16:00:00,12540,12650,12300,12350,138224.133325
2023-12-23T20:00:00,12360,12620,12200,12590,233027.113655
2023-12-24T00:00:00,12600,12690,12350,12580,378348.101396
2023-12-24T04:00:00,12580,13090,12560,12850,542260.733479
2023-12-24T08:00:00,12830,13370,12680,12800,627094.231245
2023-12-24T12:00:00,12780,13080,12610,12610,266468.698501
2023-12-24T16:00:00,12620,12950,12620,12780,97116.474605
2023-12-24T20:00:00,12800,12820,12300,12540,207073.27442
2023-12-25T00:00:00,12550,12680,12260,12400,259084.034166
2023-12-25T04:00:00,12410,12780,12390,12600,168723.262461
2023-12-25T08:00:00,12600,12740,12350,12730,183074.122376
2023-12-25T12:00:00,12730,14100,12670,13710,2322238.39269
2023-12-25T16:00:00,13710,14200,13560,14180,364707.486249
2023-12-25T20:00:00,14180,14180,13680,13860,227088.116457
2023-12-26T00:00:00,13850,14110,13610,13730,488326.5361
2023-12-26T04:00:00,13710,14020,13350,13550,420969.264147
2023-12-26T08:00:00,13550,13650,13290,13550,190464.016834
2023-12-26T12:00:00,13540,13660,13190,13280,190180.178681
2023-12-26T16:00:00,13300,14100,12400,14000,310095.424879
2023-12-26T20:00:00,14000,14690,13860,14410,440679.918439
2023-12-27T00:00:00,14400,14680,13650,13860,413309.008688
2023-12-27T04:00:00,13860,13930,13480,13550,270895.633343
2023-12-27T08:00:00,13560,13800,13510,13600,269638.882736
2023-12-27T12:00:00,13600,13870,13490,13680,300421.519942
2023-12-27T16:00:00,13670,13710,13500,13610,100201.780648
2023-12-27T20:00:00,13610,13670,13360,13530,141607.644947
2023-12-28T00:00:00,13540,13820,13320,13500,213825.064483
2023-12-28T04:00:00,13470,13550,13180,13370,186889.114694
2023-12-28T08:00:00,13370,13400,13220,13310,69322.034875
2023-12-28T12:00:00,13310,13320,12750,13020,259748.046973
2023-12-28T16:00:00,13020,13150,12880,13040,86568.239291
2023-12-28T20:00:00,13040,13040,12780,12870,87183.847243
2023-12-29T00:00:00,12880,13250,12550,13120,296039.05789
2023-12-29T04:00:00,13120,13320,12980,13010,162292.340622
2023-12-29T08:00:00,13010,13450,13010,13330,124415.387512
2023-12-29T12:00:00,13360,13400,12940,13060,119321.14602
2023-12-29T16:00:00,13060,13170,12820,13000,126249.903976
2023-12-29T20:00:00,13000,13050,12720,13000,63905.342246
2023-12-30T00:00:00,13000,13160,12930,12970,88590.374529
2023-12-30T04:00:00,12990,13090,12870,12910,79307.721282
2023-12-30T08:00:00,12930,12930,12740,12840,67893.046318
2023-12-30T12:00:00,12840,12980,12700,12830,55518.364414
2023-12-30T16:00:00,12830,12900,12640,12750,47673.574445
2023-12-30T20:00:00,12750,12800,12600,12630,34258.370338
2023-12-31T00:00:00,12630,12760,12500,12590,163880.113078
2023-12-31T04:00:00,12590,12890,12570,12890,61018.345058
2023-12-31T08:00:00,12890,12980,12750,12790,73114.85803
2023-12-31T12:00:00,12760,13040,12760,12880,62362.718467
2023-12-31T16:00:00,12880,13040,12850,12930,14895.91387
2023-12-31T20:00:00,12930,12960,12440,12680,87134.554866
2024-01-01T00:00:00,12680,12810,12600,12620,71032.600805
2024-01-01T04:00:00,12620,12670,12500,12570,68184.746495
2024-01-01T08:00:00,12580,12760,12560,12710,67039.042869
2024-01-01T12:00:00,12720,13010,12700,12950,69107.827392
2024-01-01T16:00:00,12950,13340,12950,13310,71676.720822
2024-01-01T20:00:00,13320,13380,13140,13240,51969.740023
2024-01-02T00:00:00,13240,13440,13170,13290,142388.804574
2024-01-02T04:00:00,13290,13600,13230,13550,159722.402421
2024-01-02T08:00:00,13550,13790,13390,13670,209477.017682
2024-01-02T12:00:00,13660,13790,13380,13550,184403.365307
2024-01-02T16:00:00,13550,13780,13450,13530,52344.62441
2024-01-02T20:00:00,13590,13770,13480,13740,82069.737787
2024-01-03T00:00:00,13740,13900,13520,13530,155576.066117
2024-01-03T04:00:00,13550,13690,13420,13480,65965.058194
2024-01-03T08:00:00,13460,13590,12790,12910,246721.155565
2024-01-03T12:00:00,12930,12930,10300,12400,832974.078397
2024-01-03T16:00:00,12380,12480,12020,12170,112265.430423
2024-01-03T20:00:00,12190,12590,12180,12390,106638.852884
2024-01-04T00:00:00,12390,12520,11830,12270,241216.634609
2024-01-04T04:00:00,12280,13060,12150,12650,514467.299384
2024-01-04T08:00:00,12660,14680,12500,13770,3278567.54874
2024-01-04T12:00:00,13760,14850,13520,14670,4830993.547713
2024-01-04T16:00:00,14690,14780,14210,14480,815981.234855
2024-01-04T20:00:00,14470,14900,13830,13900,1011718.147414
2024-01-05T00:00:00,13900,14780,13540,14180,2376490.257163
2024-01-05T04:00:00,14170,14480,13900,14170,1096235.661606
2024-01-05T08:00:00,14190,14590,13670,14000,1235142.246888
2024-01-05T12:00:00,14000,14630,13700,13730,1479545.862926
2024-01-05T16:00:00,13730,13920,12830,12900,901634.14959
2024-01-05T20:00:00,12900,13030,12710,12970,345544.821909
2024-01-06T00:00:00,12970,13090,12530,12630,538742.746188
2024-01-06T04:00:00,12630,12650,11960,12320,475145.553991
2024-01-06T08:00:00,12320,12530,12200,12310,145385.999446
2024-01-06T12:00:00,12310,12490,12190,12360,255940.828211
2024-01-06T16:00:00,12350,12450,12090,12190,134363.854488
2024-01-06T20:00:00,12190,12280,12080,12220,107609.543637
2024-01-07T00:00:00,12220,12440,12150,12290,239340.163764
2024-01-07T04:00:00,12310,12590,12260,12390,169739.403375
2024-01-07T08:00:00,12380,12500,11970,12050,301291.602488
2024-01-07T12:00:00,12050,12370,11820,11910,177964.018999
2024-01-07T16:00:00,11910,12050,11700,11940,55432.05325
2024-01-07T20:00:00,11940,11950,11250,11400,210614.948307
2024-01-08T00:00:00,11400,11480,10400,10720,437823.633405
2024-01-08T04:00:00,10740,11220,10670,11070,175240.352907
2024-01-08T08:00:00,11050,11270,11000,11250,138960.389059
2024-01-08T12:00:00,11260,11690,11260,11570,329582.555461
2024-01-08T16:00:00,11610,11870,11300,11850,269900.007435
2024-01-08T20:00:00,11850,11900,11610,11840,215130.236521
2024-01-09T00:00:00,11840,11890,11410,11560,280750.572887
2024-01-09T04:00:00,11570,11740,11500,11520,128230.643199
2024-01-09T08:00:00,11520,11540,11090,11290,186675.624879
2024-01-09T12:00:00,11290,11340,10780,10960,336232.400859
2024-01-09T16:00:00,10960,11040,10800,10880,61209.719031
2024-01-09T20:00:00,10880,11200,10680,11150,203619.166225
2024-01-10T00:00:00,11140,11580,11060,11190,296034.42168
2024-01-10T04:00:00,11200,11280,11030,11090,132145.737388
2024-01-10T08:00:00,11110,11530,11040,11220,162400.014636
2024-01-10T12:00:00,11210,11250,10750,11190,210456.685852
2024-01-10T16:00:00,11200,11340,11030,11250,73698.901539
2024-01-10T20:00:00,11230,12400,10940,12120,785565.188542
2024-01-11T00:00:00,12120,12580,11850,12500,436849.82234
2024-01-11T04:00:00,12500,12760,12100,12730,299561.228046
2024-01-11T08:00:00,12730,13290,12590,12830,1053906.287951
2024-01-11T12:00:00,12830,12980,12400,12570,604111.089983
2024-01-11T16:00:00,12560,12840,12290,12840,132507.44056
2024-01-11T20:00:00,12840,13150,12680,12940,231529.983579
2024-01-12T00:00:00,12970,13300,12770,13000,529905.113744
2024-01-12T04:00:00,12990,13660,12960,13170,563709.825157
2024-01-12T08:00:00,13170,13310,12980,13070,421299.717446
2024-01-12T12:00:00,13110,13590,13030,13110,404857.205176
2024-01-12T16:00:00,13090,13510,12500,12990,423569.241173
2024-01-12T20:00:00,13090,13110,11870,12500,388765.67156
2024-01-13T00:00:00,12520,12600,11800,12120,350387.662419
2024-01-13T04:00:00,12120,12870,12100,12640,282617.568972
2024-01-13T08:00:00,12640,13250,12630,13170,727911.761148
2024-01-13T12:00:00,13160,14400,13160,14180,3950045.165325
2024-01-13T16:00:00,14180,14330,13720,13860,761980.208174
2024-01-13T20:00:00,13860,13890,13660,13760,284703.474554
2024-01-14T00:00:00,13760,13850,13100,13440,799341.235367
2024-01-14T04:00:00,13420,13430,13050,13300,437026.057822
2024-01-14T08:00:00,13300,13510,13130,13210,337946.625526
2024-01-14T12:00:00,13200,13770,13160,13690,367778.239021
2024-01-14T16:00:00,13690,13790,13330,13350,158375.281194
2024-01-14T20:00:00,13340,13750,13180,13280,313965.866104
2024-01-15T00:00:00,13280,14000,13200,13810,414773.539521
2024-01-15T04:00:00,13810,14210,13660,13960,572293.463508
2024-01-15T08:00:00,13960,14270,13830,14070,603197.256065
2024-01-15T12:00:00,14060,14090,13360,13410,476834.649527
2024-01-15T16:00:00,13410,13570,13300,13330,107389.950272
2024-01-15T20:00:00,13330,13380,12920,13080,335196.932594
2024-01-16T00:00:00,13080,13230,13000,13150,311215.964782
2024-01-16T04:00:00,13150,13200,12870,13070,232105.630844
2024-01-16T08:00:00,13060,13130,12890,12930,175371.137084
2024-01-16T12:00:00,12930,13020,12610,12870,349331.637701
2024-01-16T16:00:00,12870,12920,12700,12780,55634.084603
2024-01-16T20:00:00,12750,13020,12740,12950,135166.718186
2024-01-17T00:00:00,12950,13000,12790,12790,167164.328531
2024-01-17T04:00:00,12800,12910,12520,12570,153007.640145
2024-01-17T08:00:00,12570,12850,12530,12850,92185.252337
2024-01-17T12:00:00,12850,12890,12630,12730,98023.614948
2024-01-17T16:00:00,12700,12870,12620,12800,41306.937123
2024-01-17T20:00:00,12810,12920,12720,12840,58983.999135
2024-01-18T00:00:00,12840,12860,12600,12630,80831.992501
2024-01-18T04:00:00,12630,12940,12510,12880,134299.11865
2024-01-18T08:00:00,12880,13060,12620,12670,175240.304053
2024-01-18T12:00:00,12680,12680,12360,12580,156775.73149
2024-01-18T16:00:00,12570,12580,12070,12150,157402.272637
2024-01-18T20:00:00,12150,12330,12060,12100,114256.83028
2024-01-19T00:00:00,12090,12150,11530,11760,314693.258819
2024-01-19T04:00:00,11750,11990,11730,11850,99022.717665
2024-01-19T08:00:00,11850,12030,11790,11920,65560.645033
2024-01-19T12:00:00,11940,11950,11630,11650,80992.101962
2024-01-19T16:00:00,11650,11840,11200,11820,137083.183003
2024-01-19T20:00:00,11830,11910,11770,11910,43753.271516
2024-01-20T00:00:00,11890,11930,11660,11820,68946.478742
2024-01-20T04:00:00,11820,11870,11690,11770,67898.993652
2024-01-20T08:00:00,11760,11830,11670,11730,38931.618546
2024-01-20T12:00:00,11730,11750,11540,11580,52257.35327
2024-01-20T16:00:00,11570,11650,11530,11650,15169.123504
2024-01-20T20:00:00,11640,11830,11640,11820,37131.080302
2024-01-21T00:00:00,11830,11890,11710,11890,83347.2898
2024-01-21T04:00:00,11880,11880,11730,11790,51513.757139
2024-01-21T08:00:00,11770,11930,11740,11820,89176.445106
2024-01-21T12:00:00,11810,12020,11810,11890,53652.707624
2024-01-21T16:00:00,11900,11910,11780,11850,16591.700091
2024-01-21T20:00:00,11850,11850,11630,11670,70680.704689
2024-01-22T00:00:00,11640,11980,11350,11480,197862.104648
2024-01-22T04:00:00,11490,11620,11340,11490,57818.499361
2024-01-22T08:00:00,11490,11500,11140,11260,102474.314018
2024-01-22T12:00:00,11240,11450,11020,11260,91315.446416
2024-01-22T16:00:00,11260,11370,11020,11200,41399.793482
2024-01-22T20:00:00,11200,11400,11060,11120,58140.28646
2024-01-23T00:00:00,11120,11540,11110,11430,140397.414873
2024-01-23T04:00:00,11430,11530,11150,11200,86597.429234
2024-01-23T08:00:00,11210,11260,10530,10660,371672.690619
2024-01-23T12:00:00,10650,10800,10400,10750,191754.820571
2024-01-23T16:00:00,10770,11820,10670,11620,269337.155919
2024-01-23T20:00:00,11630,12230,11550,12140,482694.31914
2024-01-24T00:00:00,12140,12170,11730,11800,218948.834658
2024-01-24T04:00:00,11790,12000,11750,11850,81714.132378
2024-01-24T08:00:00,11850,11970,11620,11800,227517.656126
2024-01-24T12:00:00,11810,11980,11650,11690,186315.980902
2024-01-24T16:00:00,11690,11960,11580,11770,98628.714274
2024-01-24T20:00:00,11750,11850,11630,11820,58402.438489
2024-01-25T00:00:00,11820,11920,11490,11550,148233.013341
2024-01-25T04:00:00,11550,11630,11320,11530,150427.087314
2024-01-25T08:00:00,11530,11660,11400,11600,66326.454504
2024-01-25T12:00:00,11600,11730,11340,11420,92092.213423
2024-01-25T16:00:00,11420,11660,11410,11570,35934.972291
2024-01-25T20:00:00,11570,11680,11450,11480,44345.052602
2024-01-26T00:00:00,11480,11840,11380,11740,136100.966231
2024-01-26T04:00:00,11760,11770,11600,11640,72078.013816
2024-01-26T08:00:00,11660,12050,11610,11950,141134.43411
2024-01-26T12:00:00,11960,11980,11760,11920,143892.979693
2024-01-26T16:00:00,11910,12210,11900,12210,77637.253115
2024-01-26T20:00:00,12190,12220,11870,12020,63228.520614
2024-01-27T00:00:00,12020,12150,11980,12140,134191.528758
2024-01-27T04:00:00,12140,12250,11990,12230,109379.926432
2024-01-27T08:00:00,12210,12550,11980,12390,325437.904393
2024-01-27T12:00:00,12390,12640,12370,12550,354695.362508
2024-01-27T16:00:00,12550,12600,12370,12500,43743.430864
2024-01-27T20:00:00,12500,12880,12490,12580,156631.513107
2024-01-28T00:00:00,12580,12640,12470,12570,134235.283679
2024-01-28T04:00:00,12590,12710,12430,12450,118971.818857
2024-01-28T08:00:00,12460,12650,12390,12430,122918.099521
2024-01-28T12:00:00,12430,12460,12230,12230,83086.457552
2024-01-28T16:00:00,12230,12310,12070,12120,39278.002194
2024-01-28T20:00:00,12120,12240,12030,12190,59141.172329
2024-01-29T00:00:00,12190,12750,12140,12500,453345.951054
2024-01-29T04:00:00,12510,12860,12430,12590,295136.729129
2024-01-29T08:00:00,12590,12610,12420,12450,189232.748233
2024-01-29T12:00:00,12470,12500,12250,12480,158823.319775
2024-01-29T16:00:00,12480,12900,12420,12610,147649.924273
2024-01-29T20:00:00,12600,12650,12550,12600,77352.453995
2024-01-30T00:00:00,12590,12650,12480,12500,160384.556078
2024-01-30T04:00:00,12500,12530,12370,12500,109974.121652
2024-01-30T08:00:00,12500,12660,12420,12640,108079.372584
2024-01-30T12:00:00,12640,12840,12380,12830,175163.250751
2024-01-30T16:00:00,12820,12980,12660,12850,124030.173781
2024-01-30T20:00:00,12840,12850,12350,12460,118673.361567
2024-01-31T00:00:00,12460,12470,12110,12300,149351.266653
2024-01-31T04:00:00,12300,12370,12200,12370,56977.802996
2024-01-31T08:00:00,12370,12490,12180,12280,102919.378479
2024-01-31T12:00:00,12280,12330,12000,12290,122102.595706
2024-01-31T16:00:00,12290,12600,12240,12470,56183.064742
2024-01-31T20:00:00,12490,12510,12120,12210,76701.306306
2024-02-01T00:00:00,12260,12380,11850,12050,127177.76802
2024-02-01T04:00:00,12050,12490,11990,12370,88859.232844
2024-02-01T08:00:00,12370,12720,12310,12490,285291.269527
2024-02-01T12:00:00,12490,12650,12420,12500,164633.618377
2024-02-01T16:00:00,12510,12600,12360,12560,70253.087595
2024-02-01T20:00:00,12560,12700,12510,12690,95456.451876
2024-02-02T00:00:00,12700,13080,12650,12820,726080.223326
2024-02-02T04:00:00,12820,13050,12760,12850,276849.587175
2024-02-02T08:00:00,12860,12880,12730,12770,148521.572862
2024-02-02T12:00:00,12760,12940,12550,12880,284535.863693
2024-02-02T16:00:00,12900,13050,12700,12770,346979.684152
2024-02-02T20:00:00,12770,12990,12700,12940,121263.735242
2024-02-03T00:00:00,12940,13390,12920,13110,799596.064432
2024-02-03T04:00:00,13110,13340,13050,13240,294565.924554
2024-02-03T08:00:00,13240,13260,13030,13190,256819.075475
2024-02-03T12:00:00,13190,13360,13000,13050,272523.561209
2024-02-03T16:00:00,13050,13050,12830,12870,102066.00068
2024-02-03T20:00:00,12880,12890,12590,12620,127983.970694
2024-02-04T00:00:00,12620,12670,12370,12460,340836.295702
2024-02-04T04:00:00,12450,12460,12200,12310,215790.710489
2024-02-04T08:00:00,12310,12440,12260,12420,95625.749274
2024-02-04T12:00:00,12400,12480,12370,12450,79263.8899
2024-02-04T16:00:00,12450,12450,12250,12360,35871.974895
2024-02-04T20:00:00,12340,12380,12170,12190,120266.703726
2024-02-05T00:00:00,12190,12440,11990,12340,294803.082232
2024-02-05T04:00:00,12350,12380,12200,12270,93572.071034
2024-02-05T08:00:00,12280,12500,12270,12360,185197.241047
2024-02-05T12:00:00,12360,12420,11990,12040,398482.36304
2024-02-05T16:00:00,12040,12120,11950,11990,105448.581993
2024-02-05T20:00:00,11980,12050,11810,11960,168543.062555
2024-02-06T00:00:00,11960,12010,11820,11900,144953.727429
2024-02-06T04:00:00,11900,11970,11820,11890,85655.927045
2024-02-06T08:00:00,11890,11970,11670,11800,125459.797027
2024-02-06T12:00:00,11790,11870,11700,11830,89329.134887
2024-02-06T16:00:00,11830,11860,11750,11830,17304.936426
2024-02-06T20:00:00,11840,11870,11770,11780,44375.264023
2024-02-07T00:00:00,11780,11910,11750,11820,79063.808696
2024-02-07T04:00:00,11800,11820,11680,11730,133515.101697
2024-02-07T08:00:00,11730,11850,11650,11770,101696.683887
2024-02-07T12:00:00,11770,11880,11720,11820,60788.587169
2024-02-07T16:00:00,11820,11940,11810,11890,26943.595933
2024-02-07T20:00:00,11890,12050,11890,11950,89147.764337
2024-02-08T00:00:00,11970,12180,11940,12100,112175.487757
2024-02-08T04:00:00,12110,12180,12040,12050,69440.083012
2024-02-08T08:00:00,12050,12130,12030,12040,64411.936367
2024-02-08T12:00:00,12040,12150,11940,12130,104601.364484
2024-02-08T16:00:00,12130,12150,11910,12000,83905.008908
2024-02-08T20:00:00,11990,12060,11980,12000,43114.530028
2024-02-09T00:00:00,12000,12200,11940,12120,137720.413452
2024-02-09T04:00:00,12120,12200,12010,12160,68820.74151
2024-02-09T08:00:00,12170,12220,12070,12160,83623.12407
2024-02-09T12:00:00,12180,12370,12030,12170,195865.907138
2024-02-09T16:00:00,12170,12390,12110,12320,95146.96786
2024-02-09T20:00:00,12320,12390,12260,12280,65303.357966
2024-02-10T00:00:00,12300,12540,12210,12500,205146.241714
2024-02-10T04:00:00,12510,12540,12350,12420,103430.042414
2024-02-10T08:00:00,12420,12470,12070,12300,243937.77372
2024-02-10T12:00:00,12290,12400,12260,12300,120506.50194
2024-02-10T16:00:00,12290,12410,12200,12350,26334.322352
2024-02-10T20:00:00,12360,12370,12240,12280,64819.066086
2024-02-11T00:00:00,12280,12510,12230,12430,243538.229808
2024-02-11T04:00:00,12440,12500,12300,12370,130540.391494
2024-02-11T08:00:00,12370,12480,12270,12350,135726.828359
2024-02-11T12:00:00,12340,12400,12110,12260,185882.455705
2024-02-11T16:00:00,12260,12320,12170,12260,39579.29927
2024-02-11T20:00:00,12280,12280,12140,12260,44232.577957
2024-02-12T00:00:00,12260,12480,12120,12310,303183.158625
2024-02-12T04:00:00,12310,12440,12140,12220,192561.262875
2024-02-12T08:00:00,12220,12230,11920,11970,181893.032417
2024-02-12T12:00:00,11970,12300,11910,12270,148791.276987
2024-02-12T16:00:00,12280,12450,12200,12230,199000.798995
2024-02-12T20:00:00,12240,12350,12190,12300,174228.473949
2024-02-13T00:00:00,12290,12430,12030,12080,253391.206851
2024-02-13T04:00:00,12080,12290,12080,12280,91360.61884
2024-02-13T08:00:00,12270,12520,12250,12400,233220.387379
2024-02-13T12:00:00,12390,12500,12070,12390,370665.064378
2024-02-13T16:00:00,12390,12420,12260,12320,57189.843246
2024-02-13T20:00:00,12310,12510,12310,12480,102946.548461
2024-02-14T00:00:00,12480,12490,12280,12400,145212.550701
2024-02-14T04:00:00,12400,12790,12350,12660,254851.600369
2024-02-14T08:00:00,12680,12850,12650,12810,285099.369462
2024-02-14T12:00:00,12810,12850,12610,12790,240726.063092
2024-02-14T16:00:00,12790,12820,12620,12790,58013.986268
2024-02-14T20:00:00,12790,12950,12730,12810,87200.564991
2024-02-15T00:00:00,12810,13990,12780,13710,1326941.425638
2024-02-15T04:00:00,13710,13780,13220,13620,639570.515925
2024-02-15T08:00:00,13620,14160,13400,14120,878871.402778
2024-02-15T12:00:00,14120,14810,13880,14580,2080512.959201
2024-02-15T16:00:00,14580,14710,14170,14240,377391.783685
2024-02-15T20:00:00,14240,14340,13810,13980,354711.560779
2024-02-16T00:00:00,13980,14260,13760,13960,438490.426539
2024-02-16T04:00:00,13950,14170,13790,13800,247752.759904
2024-02-16T08:00:00,13800,13950,13680,13860,199703.475585
2024-02-16T12:00:00,13860,14000,13400,13680,356248.836416
2024-02-16T16:00:00,13680,13750,13510,13510,60666.676643
2024-02-16T20:00:00,13530,13610,13410,13590,107878.239732
2024-02-17T00:00:00,13590,13610,13220,13430,234251.508849
2024-02-17T04:00:00,13410,13460,13340,13440,58431.607802
2024-02-17T08:00:00,13450,13490,13110,13220,132235.823399
2024-02-17T12:00:00,13220,13240,12740,13000,365430.392145
2024-02-17T16:00:00,13000,13190,12920,13190,47887.001445
2024-02-17T20:00:00,13190,13460,13160,13420,68746.702727
2024-02-18T00:00:00,13410,13510,13120,13160,129393.707734
2024-02-18T04:00:00,13160,13490,13160,13460,65556.266176
2024-02-18T08:00:00,13460,13500,13290,13360,81049.663833
2024-02-18T12:00:00,13360,13410,13140,13260,94854.582038
2024-02-18T16:00:00,13250,13460,13170,13260,83430.224317
2024-02-18T20:00:00,13300,13480,13180,13390,115523.410655
2024-02-19T00:00:00,13400,13630,13380,13590,282820.456024
2024-02-19T04:00:00,13580,13820,13460,13790,262131.524904
2024-02-19T08:00:00,13800,14040,13570,14040,415354.262493
2024-02-19T12:00:00,14040,14130,13650,13740,460458.435928
2024-02-19T16:00:00,13720,13810,13520,13790,151649.895765
2024-02-19T20:00:00,13790,14090,13740,14040,187487.315873
2024-02-20T00:00:00,14040,14110,13560,13570,365683.652456
2024-02-20T04:00:00,13580,13930,13500,13820,149264.999695
2024-02-20T08:00:00,13820,13840,13390,13650,278111.336466
2024-02-20T12:00:00,13640,13800,13010,13170,561489.099398
2024-02-20T16:00:00,13170,13230,12880,13210,251962.956395
2024-02-20T20:00:00,13210,13440,13160,13330,155130.371812
2024-02-21T00:00:00,13330,14200,13030,13090,1673409.95172
2024-02-21T04:00:00,13090,13120,12780,12830,518481.581663
2024-02-21T08:00:00,12830,12950,12600,12740,388090.856927
2024-02-21T12:00:00,12750,12970,12630,12780,260122.674945
2024-02-21T16:00:00,12770,12890,12510,12700,94542.48884
2024-02-21T20:00:00,12690,12950,12620,12900,130640.778569
2024-02-22T00:00:00,12910,12930,12500,12650,248143.193763
2024-02-22T04:00:00,12650,12910,12590,12870,158825.850354
2024-02-22T08:00:00,12890,13080,12870,12990,171353.921052
2024-02-22T12:00:00,12990,13070,12750,13060,171468.665655
2024-02-22T16:00:00,13060,13100,12870,13040,60508.02556
2024-02-22T20:00:00,13040,13160,12830,12890,152504.726097
2024-02-23T00:00:00,12890,13040,12700,12770,154566.907364
2024-02-23T04:00:00,12770,12940,12650,12760,101067.402905
2024-02-23T08:00:00,12760,12830,12660,12800,103659.141916
2024-02-23T12:00:00,12800,12830,12610,12700,171793.746681
2024-02-23T16:00:00,12700,12840,12530,12780,93610.243528
2024-02-23T20:00:00,12790,12880,12590,12710,59029.635569
2024-02-24T00:00:00,12730,12990,12610,12910,256721.819059
2024-02-24T04:00:00,12920,13130,12900,13130,184913.034087
2024-02-24T08:00:00,13130,13210,12970,13040,196645.556477
2024-02-24T12:00:00,13040,13060,12890,12930,93179.906969
2024-02-24T16:00:00,12950,13100,12930,13070,72103.357835
2024-02-24T20:00:00,13070,13140,13000,13060,61557.798958
2024-02-25T00:00:00,13080,13150,12890,12990,123325.647275
2024-02-25T04:00:00,12990,13040,12900,13010,67369.220212
2024-02-25T08:00:00,13010,13120,12830,13040,96567.139978
2024-02-25T12:00:00,13040,13380,13040,13210,240369.125272
2024-02-25T16:00:00,13210,13340,13190,13310,46252.752849
2024-02-25T20:00:00,13310,13350,13200,13320,50122.794866
2024-02-26T00:00:00,13320,13340,13130,13290,129441.098603
2024-02-26T04:00:00,13290,13380,13120,13190,238500.587017
2024-02-26T08:00:00,13190,13290,12500,13040,373294.378611
2024-02-26T12:00:00,13040,14050,12870,13740,564958.8328
2024-02-26T16:00:00,13730,13870,13500,13860,196537.348046
2024-02-26T20:00:00,13860,14200,13760,13910,217079.439924
2024-02-27T00:00:00,13910,14290,13710,13880,374403.339261
2024-02-27T04:00:00,13890,14050,13670,13700,200625.594668
2024-02-27T08:00:00,13700,13890,13660,13870,315919.519173
2024-02-27T12:00:00,13870,13890,13560,13630,237151.510115
2024-02-27T16:00:00,13630,13710,13480,13640,51117.432019
2024-02-27T20:00:00,13630,13830,13540,13710,93704.497934
2024-02-28T00:00:00,13710,13870,13560,13770,203297.844135
2024-02-28T04:00:00,13770,14150,13760,14130,248693.029295
2024-02-28T08:00:00,14130,17270,13970,16630,7402223.567512
2024-02-28T12:00:00,16640,17460,15530,15730,4916643.146175
2024-02-28T16:00:00,15730,18080,14950,16880,4819672.933553
2024-02-28T20:00:00,16880,17440,16600,17380,938114.285666
2024-02-29T00:00:00,17370,18730,16660,17490,4700515.836754
2024-02-29T04:00:00,17490,17590,16840,17050,1297146.475795
2024-02-29T08:00:00,17040,17270,16620,16620,993611.294331
2024-02-29T12:00:00,16630,16840,16410,16660,872539.945457
2024-02-29T16:00:00,16660,17420,16240,17290,629165.840528
2024-02-29T20:00:00,17290,17700,16220,16480,656898.984786
2024-03-01T00:00:00,16480,16800,16390,16700,540537.937779
2024-03-01T04:00:00,16700,16800,16400,16470,445640.374914
2024-03-01T08:00:00,16480,16700,16230,16290,430586.826416
2024-03-01T12:00:00,16290,16600,16240,16340,735795.265307
2024-03-01T16:00:00,16360,16460,16210,16420,190705.550668
2024-03-01T20:00:00,16400,16810,16290,16630,332706.48342
2024-03-02T00:00:00,16650,16910,16210,16620,529663.515683
2024-03-02T04:00:00,16620,16940,16330,16920,364450.578738
2024-03-02T08:00:00,16900,16930,16440,16760,331254.528194
2024-03-02T12:00:00,16760,17150,16690,16940,472271.988547
2024-03-02T16:00:00,16950,17020,16650,16710,119851.692555
2024-03-02T20:00:00,16750,16940,16530,16880,157806.73919
2024-03-03T00:00:00,16900,17390,16700,16990,900250.707653
2024-03-03T04:00:00,16990,17060,15130,15860,731600.747326
2024-03-03T08:00:00,15860,16090,15640,15990,288845.945249
2024-03-03T12:00:00,15980,16430,15950,16350,179805.69707
2024-03-03T16:00:00,16370,16560,16240,16270,72709.052869
2024-03-03T20:00:00,16280,16370,16110,16200,95064.936613
2024-03-04T00:00:00,16180,16410,15970,16130,311646.062848
2024-03-04T04:00:00,16150,16650,15990,16550,277180.234508
2024-03-04T08:00:00,16560,17240,16440,17200,677566.322318
2024-03-04T12:00:00,17190,17650,16520,16640,613749.09919
2024-03-04T16:00:00,16670,16980,16170,16730,336711.64652
2024-03-04T20:00:00,16780,17060,16720,16940,196814.38133
2024-03-05T00:00:00,16940,17570,16730,17200,1053901.717946
2024-03-05T04:00:00,17200,18300,16550,17180,1638168.751376
2024-03-05T08:00:00,17160,17510,16990,17450,379914.9828
2024-03-05T12:00:00,17450,18420,17390,18020,972182.733211
2024-03-05T16:00:00,17970,19550,17270,18390,2153600.511525
2024-03-05T20:00:00,18430,20000,18000,19580,1839454.901808
2024-03-06T00:00:00,19610,20080,18090,18350,919526.194582
2024-03-06T04:00:00,18350,20480,18280,20150,882187.262831
2024-03-06T08:00:00,20120,20180,19170,19240,643910.445623
2024-03-06T12:00:00,19240,19260,18380,18940,690151.057302
2024-03-06T16:00:00,18950,18980,18570,18790,106591.307148
2024-03-06T20:00:00,18790,19490,18660,19340,228360.631711
2024-03-07T00:00:00,19340,19640,18890,19170,415850.149139
2024-03-07T04:00:00,19170,19320,18600,18760,233748.678139
2024-03-07T08:00:00,18760,19480,18740,19160,175830.640866
2024-03-07T12:00:00,19130,19610,18960,19020,233937.01016
2024-03-07T16:00:00,19020,19380,18500,18710,177538.101581
2024-03-07T20:00:00,18730,18820,18550,18640,191729.792131
2024-03-08T00:00:00,18680,19140,18640,18920,245283.705766
2024-03-08T04:00:00,18900,18950,18560,18570,173390.478543
2024-03-08T08:00:00,18570,18880,18380,18640,199867.140469
2024-03-08T12:00:00,18650,18870,17860,18180,417819.788694
2024-03-08T16:00:00,18180,18410,17940,18340,119868.599557
2024-03-08T20:00:00,18360,18810,18320,18680,86437.345588
2024-03-09T00:00:00,18700,19380,18610,19200,313999.203282
2024-03-09T04:00:00,19200,19420,19000,19020,217628.406908
2024-03-09T08:00:00,19020,19270,18700,18940,229046.821974
2024-03-09T12:00:00,18940,19020,18640,18690,119695.053232
2024-03-09T16:00:00,18710,18760,18240,18330,116478.061327
2024-03-09T20:00:00,18350,18590,18350,18490,85913.783315
2024-03-10T00:00:00,18490,18690,18300,18520,175221.789071
2024-03-10T04:00:00,18530,18840,18420,18800,170471.329362
2024-03-10T08:00:00,18800,18820,18130,18390,288275.999664
2024-03-10T12:00:00,18390,18390,17660,17910,278637.778711
2024-03-10T16:00:00,17910,18010,17830,17950,52060.411652
2024-03-10T20:00:00,17920,18090,17680,18070,167208.003542
2024-03-11T00:00:00,18060,18170,17000,18150,375473.334377
2024-03-11T04:00:00,18150,18670,17890,18560,288685.7647
2024-03-11T08:00:00,18560,18930,18470,18640,330216.536321
2024-03-11T12:00:00,18660,18850,18380,18380,303977.635554
2024-03-11T16:00:00,18380,18820,18160,18580,126471.203534
2024-03-11T20:00:00,18620,18810,18510,18740,92964.181083
2024-03-12T00:00:00,18740,19300,18740,18990,341393.169384
2024-03-12T04:00:00,18950,19190,18610,18770,196823.814883
2024-03-12T08:00:00,18770,18830,18360,18430,128788.992375
2024-03-12T12:00:00,18470,18780,18240,18420,159694.182036
2024-03-12T16:00:00,18420,18710,17950,18710,147702.170903
2024-03-12T20:00:00,18710,19000,18490,18990,74446.377726
2024-03-13T00:00:00,18990,18990,18670,18710,194575.837553
2024-03-13T04:00:00,18710,19420,18620,19350,228394.255531
2024-03-13T08:00:00,19350,19460,18820,18830,221733.22524
2024-03-13T12:00:00,18840,18900,18370,18530,267494.379316
2024-03-13T16:00:00,18530,18670,18440,18550,53212.974191
2024-03-13T20:00:00,18570,18840,18520,18740,148554.164226
2024-03-14T00:00:00,18740,19590,18710,18910,797771.720778
2024-03-14T04:00:00,18910,18970,18690,18910,237251.677886
2024-03-14T08:00:00,18880,21280,18850,20280,2512459.611695
2024-03-14T12:00:00,20280,20350,18550,19460,1184591.388996
2024-03-14T16:00:00,19460,20500,19110,20230,544262.015677
2024-03-14T20:00:00,20230,20760,19910,20530,659476.41206
2024-03-15T00:00:00,20530,21300,18820,19750,1145296.582053
2024-03-15T04:00:00,19840,19860,18790,19320,509169.412551
2024-03-15T08:00:00,19280,19370,17630,18130,726570.868942
2024-03-15T12:00:00,18140,18940,18070,18650,399137.281362
2024-03-15T16:00:00,18620,19960,18430,19560,172200.12833
2024-03-15T20:00:00,19590,22120,19320,21990,1249284.316516
2024-03-16T00:00:00,22000,22690,21330,22440,1029115.612315
2024-03-16T04:00:00,22430,22450,21250,21580,517850.379827
2024-03-16T08:00:00,21580,22580,21490,21850,535713.168225
2024-03-16T12:00:00,21850,21990,20730,21370,366714.738066
2024-03-16T16:00:00,21370,21410,19520,19600,258717.58616
2024-03-16T20:00:00,19550,19900,18980,19680,384244.280297
2024-03-17T00:00:00,19710,20430,19250,20260,624846.617155
2024-03-17T04:00:00,20310,20850,19280,20220,683537.332154
2024-03-17T08:00:00,20200,22760,20130,20560,3006421.010679
2024-03-17T12:00:00,20550,20730,19740,20210,669290.737339
2024-03-17T16:00:00,20210,20610,20000,20300,181264.8195
2024-03-17T20:00:00,20300,20790,20120,20530,291161.464185
2024-03-18T00:00:00,20520,21330,19960,21000,951627.76925
2024-03-18T04:00:00,21000,21760,20760,21460,699677.553438
2024-03-18T08:00:00,21470,22030,20660,21700,917688.963001
2024-03-18T12:00:00,21700,22340,20950,22290,918092.66444
2024-03-18T16:00:00,22290,22650,21280,21740,583837.772335
2024-03-18T20:00:00,21780,22190,20890,21140,443324.558746
2024-03-19T00:00:00,21130,22120,19830,21670,1515168.537362
2024-03-19T04:00:00,21670,22500,20600,22470,1716455.342464
2024-03-19T08:00:00,22470,23050,21060,23000,3399725.858694
2024-03-19T12:00:00,23000,24510,22600,24330,3068465.353657
2024-03-19T16:00:00,24340,24630,23550,24480,786180.030034
2024-03-19T20:00:00,24490,24490,22330,23040,934736.939037
2024-03-20T00:00:00,23030,23630,21580,21830,1125303.835374
2024-03-20T04:00:00,21830,22330,20760,22030,865748.851886
2024-03-20T08:00:00,22010,22780,21660,22190,503402.175452
2024-03-20T12:00:00,22190,22530,21440,21620,708449.675316
2024-03-20T16:00:00,21640,22640,21360,22300,399961.928319
2024-03-20T20:00:00,22330,23780,22280,23040,1387934.382011
2024-03-21T00:00:00,23040,25670,22200,22310,3161261.509127
2024-03-21T04:00:00,22300,22450,21780,22210,585652.878027
2024-03-21T08:00:00,22230,22850,21880,21910,391880.668084
2024-03-21T12:00:00,21940,22170,21600,21780,323382.47939
2024-03-21T16:00:00,21770,22490,21640,22000,140133.983831
2024-03-21T20:00:00,22000,22270,21600,21870,170766.660715
2024-03-22T00:00:00,21920,22630,21400,22450,673469.540742
2024-03-22T04:00:00,22450,23100,22450,22980,775997.939128
2024-03-22T08:00:00,22990,23490,22720,22880,651784.896955
2024-03-22T12:00:00,22910,24390,22770,24110,1242131.956408
2024-03-22T16:00:00,24080,24890,23320,24670,449628.417353
2024-03-22T20:00:00,24670,24800,23290,23880,581044.957253
2024-03-23T00:00:00,23880,23920,22670,22730,424032.762529
2024-03-23T04:00:00,22720,23440,22620,23010,355773.371409
2024-03-23T08:00:00,23010,23350,22730,23110,247583.858264
2024-03-23T12:00:00,23090,23280,22910,23000,192969.777234
2024-03-23T16:00:00,23020,23320,22830,23230,143630.035743
2024-03-23T20:00:00,23230,23730,23100,23530,147793.456608
2024-03-24T00:00:00,23530,23820,22900,23540,474097.258012
2024-03-24T04:00:00,23580,24300,23200,24060,368362.136384
2024-03-24T08:00:00,24060,24440,23770,23950,323106.079854
2024-03-24T12:00:00,23950,24200,23320,23350,285877.448525
2024-03-24T16:00:00,23360,23600,23030,23380,88100.520709
2024-03-24T20:00:00,23370,23670,23240,23530,163710.234571
2024-03-25T00:00:00,23530,23700,23170,23520,189147.311338
2024-03-25T04:00:00,23520,23580,23140,23210,127485.689712
2024-03-25T08:00:00,23180,23540,22950,22990,198304.670808
2024-03-25T12:00:00,22990,23620,22700,23610,377092.458747
2024-03-25T16:00:00,23610,23690,22990,23150,186282.101191
2024-03-25T20:00:00,23150,24690,23080,24620,547249.321949
2024-03-26T00:00:00,24620,24890,24120,24410,372669.888455
2024-03-26T04:00:00,24400,25500,24390,25390,365295.99305
2024-03-26T08:00:00,25410,26280,25220,25950,405642.857455
2024-03-26T12:00:00,25950,27480,25660,26740,1423330.183071
2024-03-26T16:00:00,26740,27740,26320,26840,371079.060394
2024-03-26T20:00:00,26880,27050,25730,25820,298678.065208
2024-03-27T00:00:00,25820,26840,25610,26660,400572.597907
2024-03-27T04:00:00,26650,26950,26120,26550,320557.689136
2024-03-27T08:00:00,26590,26900,25500,25820,529294.93892
2024-03-27T12:00:00,25820,26050,25000,25320,384955.370401
2024-03-27T16:00:00,25250,25960,25180,25660,81546.822207
2024-03-27T20:00:00,25670,26160,25410,25480,116880.964023
2024-03-28T00:00:00,25480,25980,24900,25830,310381.222122
2024-03-28T04:00:00,25820,26270,25550,25880,261188.684916
2024-03-28T08:00:00,25880,25940,25390,25470,172766.697083
2024-03-28T12:00:00,25510,25550,25000,25000,161207.741852
2024-03-28T16:00:00,25000,25060,24100,24220,133623.305953
2024-03-28T20:00:00,24220,24850,24120,24820,136816.138721
2024-03-29T00:00:00,24820,24820,24290,24420,192950.766107
2024-03-29T04:00:00,24420,24540,24040,24150,144742.714351
2024-03-29T08:00:00,24150,24670,24150,24510,110033.943791
2024-03-29T12:00:00,24480,24740,24190,24320,129746.948345
2024-03-29T16:00:00,24360,24500,24000,24130,60398.603896
2024-03-29T20:00:00,24130,24750,24090,24600,74778.368014
2024-03-30T00:00:00,24600,25350,24450,25210,342459.030125
2024-03-30T04:00:00,25220,25230,24190,24310,188946.567215
2024-03-30T08:00:00,24350,24400,24080,24290,93549.942143
2024-03-30T12:00:00,24290,24350,24080,24140,86450.569937
2024-03-30T16:00:00,24140,24260,24070,24230,47480.991713
2024-03-30T20:00:00,24210,24380,23800,23880,86480.3882
2024-03-31T00:00:00,23880,23880,23460,23580,172386.663637
2024-03-31T04:00:00,23580,23920,23530,23610,71410.179971
2024-03-31T08:00:00,23600,23640,23360,23440,84130.547557
2024-03-31T12:00:00,23440,26000,23410,24860,1285918.015326
2024-03-31T16:00:00,24860,25300,24590,24970,137673.185171
2024-03-31T20:00:00,25010,25180,23900,24170,319761.869951
2024-04-01T00:00:00,24170,24990,23750,24570,466596.308844
2024-04-01T04:00:00,24570,25600,23620,25200,822358.251399
2024-04-01T08:00:00,25210,25740,24550,25180,1377048.915252
2024-04-01T12:00:00,25160,25740,24150,25060,740509.551936
2024-04-01T16:00:00,25060,25300,23770,24100,351310.147754
2024-04-01T20:00:00,24110,24340,23900,24040,252688.342375
2024-04-02T00:00:00,24040,24050,22430,22860,530563.59607
2024-04-02T04:00:00,22860,23020,22430,22570,274416.52364
2024-04-02T08:00:00,22560,22620,21600,22140,415350.445065
2024-04-02T12:00:00,22120,22400,21800,21960,281147.561383
2024-04-02T16:00:00,21960,22250,21810,21990,58773.740772
2024-04-02T20:00:00,21980,22100,21500,21630,136136.276647
2024-04-03T00:00:00,21610,21620,20050,20660,811532.764299
2024-04-03T04:00:00,20680,21750,20660,21390,589362.481981
2024-04-03T08:00:00,21380,21690,21100,21230,258625.794357
2024-04-03T12:00:00,21230,21260,20700,20900,215924.20411
2024-04-03T16:00:00,20880,21160,20550,20570,78959.080783
2024-04-03T20:00:00,20600,20790,20300,20690,100624.594408
2024-04-04T00:00:00,20700,21030,20340,20440,163435.372594
2024-04-04T04:00:00,20430,20860,20280,20670,128981.333406
2024-04-04T08:00:00,20670,20900,20610,20750,129791.473236
2024-04-04T12:00:00,20750,21200,20720,21010,218991.370291
2024-04-04T16:00:00,21000,21290,20780,20790,98021.996915
2024-04-04T20:00:00,20790,20800,20300,20580,178527.464032
2024-04-05T00:00:00,20580,20610,19850,20030,293692.464538
2024-04-05T04:00:00,20030,20030,18990,19010,722261.579675
2024-04-05T08:00:00,19020,19310,18470,18600,719128.073458
2024-04-05T12:00:00,18610,19310,18520,19230,540092.048488
2024-04-05T16:00:00,19230,19270,19010,19100,90408.862999
2024-04-05T20:00:00,19100,19280,19030,19100,133492.283583
2024-04-06T00:00:00,19100,19350,18900,19190,217499.439522
2024-04-06T04:00:00,19190,19410,19040,19150,117661.429082
2024-04-06T08:00:00,19150,19520,19150,19180,179931.20076
2024-04-06T12:00:00,19180,19180,18660,18890,270549.665324
2024-04-06T16:00:00,18890,19110,18750,18910,90087.14047
2024-04-06T20:00:00,18920,19290,18900,19030,116130.674148
2024-04-07T00:00:00,19030,19840,18860,19810,510530.58237
2024-04-07T04:00:00,19810,19880,19400,19520,342740.854296
2024-04-07T08:00:00,19500,19790,19460,19770,145799.790429
2024-04-07T12:00:00,19780,19860,19450,19490,180395.339394
2024-04-07T16:00:00,19500,19660,19240,19280,83553.091657
2024-04-07T20:00:00,19260,19560,19230,19530,88451.45643
2024-04-08T00:00:00,19530,19560,19030,19200,205596.483555
2024-04-08T04:00:00,19200,19600,19090,19410,150690.330958
2024-04-08T08:00:00,19420,20120,19420,20070,377955.358158
2024-04-08T12:00:00,20070,20390,19920,20050,291445.512464
2024-04-08T16:00:00,20030,20190,19920,20060,39160.111288
2024-04-08T20:00:00,20100,20500,20040,20280,109457.363929
2024-04-09T00:00:00,20320,20380,19840,19890,160944.972036
2024-04-09T04:00:00,19870,20110,19460,19610,165836.609492
2024-04-09T08:00:00,19610,19860,19350,19820,123198.359027
2024-04-09T12:00:00,19800,19850,18720,19010,246605.569095
2024-04-09T16:00:00,18980,19010,18540,18760,134774.579127
2024-04-09T20:00:00,18780,18870,18260,18330,282940.897887
2024-04-10T00:00:00,18340,18430,17590,17970,537702.387446
2024-04-10T04:00:00,17970,18130,17480,17580,279803.719047
2024-04-10T08:00:00,17600,17700,17350,17500,202734.525097
2024-04-10T12:00:00,17480,17510,16780,17290,664160.570273
2024-04-10T16:00:00,17290,17700,17210,17560,186599.847192
2024-04-10T20:00:00,17530,17760,17400,17420,172097.619174
2024-04-11T00:00:00,17420,17480,17210,17420,198286.46899
2024-04-11T04:00:00,17420,17790,17230,17620,191235.404165
2024-04-11T08:00:00,17590,17830,17310,17350,156533.462493
2024-04-11T12:00:00,17350,17700,17050,17340,223449.172236
2024-04-11T16:00:00,17320,17400,16830,17080,108158.357464
2024-04-11T20:00:00,17080,17200,16910,17030,117297.824845
2024-04-12T00:00:00,17050,17450,17010,17370,166719.281101
2024-04-12T04:00:00,17330,17400,17060,17070,108588.935519
2024-04-12T08:00:00,17070,17140,16900,17060,145977.52553
2024-04-12T12:00:00,17030,17150,16130,16340,490112.651628
2024-04-12T16:00:00,16340,16370,13850,14390,1047768.59428
2024-04-12T20:00:00,14360,14930,14320,14560,507120.967052
2024-04-13T00:00:00,14560,14570,13530,14240,977058.011425
2024-04-13T04:00:00,14240,14990,14200,14550,469066.81434
2024-04-13T08:00:00,14550,15670,14470,15020,729014.298974
2024-04-13T12:00:00,15030,15190,14610,14640,424107.309112
2024-04-13T16:00:00,14650,14690,13000,13260,612645.718235
2024-04-13T20:00:00,13260,13550,11780,13340,1382452.789638
2024-04-14T00:00:00,13370,13620,12810,13530,545865.201501
2024-04-14T04:00:00,13550,14290,13420,14260,537212.503312
2024-04-14T08:00:00,14260,14270,13530,13700,340125.213443
2024-04-14T12:00:00,13700,14090,13580,13900,271133.272056
2024-04-14T16:00:00,13860,14290,13550,14000,192832.49391
2024-04-14T20:00:00,14000,14740,13760,14460,231040.347939
2024-04-15T00:00:00,14470,14520,13810,13860,322765.285398
2024-04-15T04:00:00,13880,14920,13700,14500,396352.912073
2024-04-15T08:00:00,14490,14680,14300,14510,263886.028989
2024-04-15T12:00:00,14540,14750,13950,14240,366735.50259
2024-04-15T16:00:00,14210,14300,13430,13900,176539.177759
2024-04-15T20:00:00,13890,14060,13700,13890,128163.318895
2024-04-16T00:00:00,13880,14030,13400,13520,265392.502313
2024-04-16T04:00:00,13530,13830,12990,13740,335364.682398
2024-04-16T08:00:00,13740,13790,13140,13730,302423.804104
2024-04-16T12:00:00,13740,13750,13180,13200,163936.363901
2024-04-16T16:00:00,13200,13760,13140,13630,82809.333106
2024-04-16T20:00:00,13630,14110,13590,13900,163855.754915
2024-04-17T00:00:00,13890,14190,13630,13700,147792.576483
2024-04-17T04:00:00,13700,14010,13630,13890,130966.86198
2024-04-17T08:00:00,13900,13980,13480,13490,150943.778257
2024-04-17T12:00:00,13500,13780,13310,13550,329011.433036
2024-04-17T16:00:00,13550,14420,13410,13990,319927.643069
2024-04-17T20:00:00,13990,14130,13610,13640,169619.893726
2024-04-18T00:00:00,13640,13820,13110,13550,247300.832978
2024-04-18T04:00:00,13560,13660,13140,13280,146644.622297
2024-04-18T08:00:00,13300,13990,13160,13870,206063.71929
2024-04-18T12:00:00,13860,14950,13650,14020,1665824.939332
2024-04-18T16:00:00,14010,14090,13600,13880,164003.27174
2024-04-18T20:00:00,13880,14010,13810,13990,207525.46502
2024-04-19T00:00:00,13990,13990,12730,13330,823440.629101
2024-04-19T04:00:00,13340,14010,13230,13820,318333.368534
2024-04-19T08:00:00,13820,14160,13720,14020,305339.29087
2024-04-19T12:00:00,14020,14100,13680,13920,231242.619398
2024-04-19T16:00:00,13910,14060,13700,14050,71628.292055
2024-04-19T20:00:00,14040,14060,13510,13750,125608.611488
2024-04-20T00:00:00,13770,13990,13600,13970,173427.062408
2024-04-20T04:00:00,13970,14390,13960,14350,175040.135158
2024-04-20T08:00:00,14350,14400,14010,14070,162085.969526
2024-04-20T12:00:00,14090,14490,14020,14450,180897.379652
2024-04-20T16:00:00,14450,14890,14340,14870,241991.754393
2024-04-20T20:00:00,14850,15000,14780,14930,167690.482621
2024-04-21T00:00:00,14930,15030,14710,14850,238856.859298
2024-04-21T04:00:00,14850,14910,14660,14800,131670.973933
2024-04-21T08:00:00,14800,14900,14530,14660,167116.751233
2024-04-21T12:00:00,14670,14710,14370,14500,181779.130488
2024-04-21T16:00:00,14500,14530,14230,14400,81583.013957
2024-04-21T20:00:00,14400,14720,14340,14630,84999.701898
2024-04-22T00:00:00,14640,14900,14470,14820,271872.294385
2024-04-22T04:00:00,14820,15080,14770,15020,211075.366946
2024-04-22T08:00:00,14990,15020,14750,14780,186609.015947
2024-04-22T12:00:00,14800,14890,14560,14710,202109.1901
2024-04-22T16:00:00,14740,14850,14590,14800,85423.573632
2024-04-22T20:00:00,14790,14920,14710,14820,169864.633222
2024-04-23T00:00:00,14830,14960,14430,14440,284562.473539
2024-04-23T04:00:00,14460,14580,14160,14240,314836.432406
2024-04-23T08:00:00,14240,14440,14220,14320,199024.56667
2024-04-23T12:00:00,14320,14510,14270,14290,367262.218983
2024-04-23T16:00:00,14290,14440,14110,14230,204284.006442
2024-04-23T20:00:00,14230,14340,14000,14160,259389.17255
2024-04-24T00:00:00,14160,14230,13820,13980,326802.450047
2024-04-24T04:00:00,13980,14700,13980,14270,941612.339701
2024-04-24T08:00:00,14270,14330,14070,14210,231477.45488
2024-04-24T12:00:00,14210,14260,13460,13500,498786.577475
2024-04-24T16:00:00,13500,13710,13310,13470,173763.777295
2024-04-24T20:00:00,13470,13560,13200,13310,237536.690103
2024-04-25T00:00:00,13330,13460,12950,13000,393612.781733
2024-04-25T04:00:00,12990,13140,12800,12910,286103.219877
2024-04-25T08:00:00,12910,13000,12670,12860,251890.24302
2024-04-25T12:00:00,12850,13200,12700,13180,283674.728255
2024-04-25T16:00:00,13180,13250,13100,13140,99228.379536
2024-04-25T20:00:00,13140,13320,12950,12980,189588.151157
2024-04-26T00:00:00,12980,13110,12740,12840,250166.366869
2024-04-26T04:00:00,12840,13010,12720,12770,137584.466193
2024-04-26T08:00:00,12770,12890,12660,12750,149479.750819
2024-04-26T12:00:00,12730,12940,12570,12830,197288.37504
2024-04-26T16:00:00,12810,12870,12760,12790,49101.001818
2024-04-26T20:00:00,12790,12970,12690,12760,58805.92147
2024-04-27T00:00:00,12780,12860,12250,12620,330474.582748
2024-04-27T04:00:00,12650,12880,12620,12650,172988.102033
2024-04-27T08:00:00,12650,12840,12490,12590,135439.064412
2024-04-27T12:00:00,12580,12820,12560,12770,83572.366115
2024-04-27T16:00:00,12770,13090,12700,12990,74468.13563
2024-04-27T20:00:00,12990,13030,12850,12990,56217.366442
2024-04-28T00:00:00,13010,13290,12960,13190,128196.712856
2024-04-28T04:00:00,13190,13240,13090,13150,60644.884159
2024-04-28T08:00:00,13150,13160,12830,12880,106412.535042
2024-04-28T12:00:00,12890,13080,12870,12990,87407.748143
2024-04-28T16:00:00,12990,13160,12950,13130,18459.574413
2024-04-28T20:00:00,13100,13170,12800,12890,85500.780628
2024-04-29T00:00:00,12890,13050,12610,12620,172336.446911
2024-04-29T04:00:00,12600,13120,12550,12720,300951.625008
2024-04-29T08:00:00,12720,12920,12590,12670,152834.821292
2024-04-29T12:00:00,12650,13120,12570,13090,237422.925105
2024-04-29T16:00:00,13100,13160,12670,12780,87246.155728
2024-04-29T20:00:00,12790,13200,12610,13040,148051.615137
2024-04-30T00:00:00,13050,13280,12880,12960,338493.643377
2024-04-30T04:00:00,12960,12970,12610,12710,220792.917343
2024-04-30T08:00:00,12700,12740,12190,12260,351882.048351
2024-04-30T12:00:00,12270,12300,11870,12010,382027.778017
2024-04-30T16:00:00,11990,12050,11760,11870,126351.008582
2024-04-30T20:00:00,11880,12650,11880,12480,124031.330932
2024-05-01T00:00:00,12490,12650,12000,12200,419459.895651
2024-05-01T04:00:00,12200,12260,11500,11770,325037.380639
2024-05-01T08:00:00,11730,12070,11570,12070,251160.235339
2024-05-01T12:00:00,12070,12440,12070,12230,250860.717229
2024-05-01T16:00:00,12230,12690,11980,12350,194815.485395
2024-05-01T20:00:00,12360,12800,12290,12740,142425.940035
2024-05-02T00:00:00,12750,12790,12030,12230,159054.301612
2024-05-02T04:00:00,12200,12260,11950,12050,116274.055698
2024-05-02T08:00:00,12050,12600,12030,12580,117871.604583
2024-05-02T12:00:00,12580,12650,12380,12620,127844.156238
2024-05-02T16:00:00,12590,12590,12410,12510,28164.543224
2024-05-02T20:00:00,12500,12610,12390,12460,63945.910182
2024-05-03T00:00:00,12470,12860,12440,12730,181744.073537
2024-05-03T04:00:00,12740,12800,12590,12620,128022.468306
2024-05-03T08:00:00,12620,12660,12450,12480,127339.877545
2024-05-03T12:00:00,12480,12920,12460,12870,202575.462551
2024-05-03T16:00:00,12880,12950,12670,12700,92265.300024
2024-05-03T20:00:00,12700,13000,12690,12900,216590.861227
2024-05-04T00:00:00,12880,13070,12650,12790,340348.093764
2024-05-04T04:00:00,12790,12960,12790,12830,80024.631075
2024-05-04T08:00:00,12860,13130,12810,12970,123966.351668
2024-05-04T12:00:00,13000,13100,12780,12940,180550.457827
2024-05-04T16:00:00,12940,13000,12820,12980,65722.158506
2024-05-04T20:00:00,12980,13060,12880,12900,62446.73924
2024-05-05T00:00:00,12900,12960,12520,12710,147820.805209
2024-05-05T04:00:00,12720,12810,12630,12770,74924.565357
2024-05-05T08:00:00,12770,12880,12720,12790,42263.430085
2024-05-05T12:00:00,12780,13030,12710,12990,125677.660446
2024-05-05T16:00:00,12980,13070,12890,12950,55273.044543
2024-05-05T20:00:00,12930,13050,12890,13000,45546.247077
2024-05-06T00:00:00,13010,13270,12920,12990,201957.011276
2024-05-06T04:00:00,12990,13220,12960,13220,107640.744408
2024-05-06T08:00:00,13200,13380,13010,13130,251677.650397
2024-05-06T12:00:00,13120,13140,12710,12890,283834.185198
2024-05-06T16:00:00,12880,12900,12660,12790,65828.963718
2024-05-06T20:00:00,12810,12890,12640,12650,55210.375886
2024-05-07T00:00:00,12650,12790,12480,12560,159637.106297
2024-05-07T04:00:00,12560,12620,12390,12550,102829.412136
2024-05-07T08:00:00,12550,12760,12520,12590,72982.875846
2024-05-07T12:00:00,12590,12800,12570,12710,64890.668617
2024-05-07T16:00:00,12690,12730,12520,12570,25600.335776
2024-05-07T20:00:00,12590,12670,12300,12340,90250.8472
2024-05-08T00:00:00,12320,12390,12140,12350,120953.254792
2024-05-08T04:00:00,12310,12360,12030,12070,96821.412513
2024-05-08T08:00:00,12040,12150,11950,12000,91558.290508
2024-05-08T12:00:00,12000,12300,11930,12190,197053.049327
2024-05-08T16:00:00,12200,12310,12080,12190,28328.162854
2024-05-08T20:00:00,12170,12230,11930,12040,111780.915689
2024-05-09T00:00:00,12050,12170,11990,12100,67226.833864
2024-05-09T04:00:00,12110,12190,11990,12020,51754.276269
2024-05-09T08:00:00,12020,12050,11730,11920,106754.883243
2024-05-09T12:00:00,11930,12160,11840,12100,81142.416656
2024-05-09T16:00:00,12080,12220,12040,12170,33834.596093
2024-05-09T20:00:00,12180,12420,12140,12310,55928.577972
2024-05-10T00:00:00,12320,12330,12210,12300,58785.072718
2024-05-10T04:00:00,12290,12390,12220,12360,58573.58954
2024-05-10T08:00:00,12360,12420,12300,12400,41781.537125
2024-05-10T12:00:00,12400,12440,11900,12040,165846.881446
2024-05-10T16:00:00,12020,12100,11850,11920,67761.203588
2024-05-10T20:00:00,11930,12010,11810,11930,54854.79176
2024-05-11T00:00:00,11940,12070,11890,11890,68817.322885
2024-05-11T04:00:00,11880,11930,11840,11860,33037.207211
2024-05-11T08:00:00,11880,11880,11700,11780,74067.620111
2024-05-11T12:00:00,11780,11990,11770,11930,36734.427492
2024-05-11T16:00:00,11940,11970,11890,11960,3720.087825
2024-05-11T20:00:00,11930,11940,11800,11830,30052.082085
2024-05-12T00:00:00,11830,11890,11800,11840,49221.741125
2024-05-12T04:00:00,11860,11910,11760,11780,34022.48979
2024-05-12T08:00:00,11800,11960,11770,11880,38032.18225
2024-05-12T12:00:00,11900,11960,11850,11920,18811.846558
2024-05-12T16:00:00,11920,11990,11840,11850,10279.508133
2024-05-12T20:00:00,11850,11870,11730,11770,38521.445304
2024-05-13T00:00:00,11760,11870,11200,11330,205648.493148
2024-05-13T04:00:00,11330,11640,11100,11620,172619.762278
2024-05-13T08:00:00,11620,11850,11520,11560,133477.632587
2024-05-13T12:00:00,11590,12710,11480,11810,962970.695866
2024-05-13T16:00:00,11820,11890,11500,11610,149080.840691
2024-05-13T20:00:00,11610,11610,11400,11440,131376.464283
2024-05-14T00:00:00,11460,11550,11280,11330,184251.348596
2024-05-14T04:00:00,11340,11520,11160,11420,165333.035206
2024-05-14T08:00:00,11420,11420,11200,11240,95119.94533
2024-05-14T12:00:00,11200,11310,10970,11120,227501.430653
2024-05-14T16:00:00,11120,11130,10900,11060,76626.553796
2024-05-14T20:00:00,11060,11100,10920,10990,54806.864228
2024-05-15T00:00:00,10980,11110,10840,11100,108286.077829
2024-05-15T04:00:00,11080,11120,11000,11110,38281.517609
2024-05-15T08:00:00,11110,11200,10950,11060,88640.795759
2024-05-15T12:00:00,11050,11740,11010,11650,304685.443293
2024-05-15T16:00:00,11650,11910,11590,11910,82711.450111
2024-05-15T20:00:00,11910,11940,11760,11800,65648.223914
2024-05-16T00:00:00,11800,11890,11650,11830,102287.157023
2024-05-16T04:00:00,11830,11900,11710,11880,58322.877024
2024-05-16T08:00:00,11880,11900,11700,11790,119070.771814
2024-05-16T12:00:00,11790,11800,11300,11500,245341.179235
2024-05-16T16:00:00,11500,11660,11450,11580,60823.50263
2024-05-16T20:00:00,11580,11680,11520,11670,44992.928841
2024-05-17T00:00:00,11640,11680,11540,11570,77118.878335
2024-05-17T04:00:00,11570,11930,11500,11900,147658.952058
2024-05-17T08:00:00,11900,11930,11720,11790,182799.893308
2024-05-17T12:00:00,11780,11980,11680,11930,114743.925245
2024-05-17T16:00:00,11970,12020,11810,11860,72820.3229
2024-05-17T20:00:00,11870,11970,11830,11880,65639.929285
2024-05-18T00:00:00,11890,12040,11820,12030,110060.452299
2024-05-18T04:00:00,12030,12040,11930,11980,81199.172162
2024-05-18T08:00:00,11980,12110,11970,12010,114867.301258
2024-05-18T12:00:00,12010,12030,11750,11850,134298.676272
2024-05-18T16:00:00,11850,12000,11840,11950,91112.239794
2024-05-18T20:00:00,11930,12000,11890,11930,25464.48701
2024-05-19T00:00:00,11930,12070,11880,11950,64224.770844
2024-05-19T04:00:00,11960,11960,11840,11850,44356.267103
2024-05-19T08:00:00,11880,11910,11650,11750,161196.190839
2024-05-19T12:00:00,11740,11750,11400,11480,191861.838796
2024-05-19T16:00:00,11470,11470,11300,11370,55772.451346
2024-05-19T20:00:00,11370,11430,11240,11280,61208.781232
2024-05-20T00:00:00,11300,11350,11140,11280,105594.267555
2024-05-20T04:00:00,11280,11640,11270,11520,185620.923371
2024-05-20T08:00:00,11520,11630,11390,11480,112525.128509
2024-05-20T12:00:00,11480,11710,11400,11690,87218.907229
2024-05-20T16:00:00,11710,12370,11670,12370,184335.619841
2024-05-20T20:00:00,12370,12410,12080,12400,268485.582998
2024-05-21T00:00:00,12410,12550,12110,12340,224507.548707
2024-05-21T04:00:00,12330,12470,12280,12430,69288.207026
2024-05-21T08:00:00,12410,12880,12400,12830,166818.029609
2024-05-21T12:00:00,12810,12970,12680,12730,191907.550674
2024-05-21T16:00:00,12730,12980,12520,12650,68694.808609
2024-05-21T20:00:00,12660,12950,12640,12840,81247.212057
2024-05-22T00:00:00,12840,12930,12580,12640,118316.753527
2024-05-22T04:00:00,12640,12690,12340,12620,189730.277396
2024-05-22T08:00:00,12630,12690,12510,12540,72122.470405
2024-05-22T12:00:00,12500,12750,12230,12690,116813.096204
2024-05-22T16:00:00,12680,12680,12370,12500,25520.643737
2024-05-22T20:00:00,12500,12580,12370,12420,39704.591852
2024-05-23T00:00:00,12420,12530,12290,12500,48607.664586
2024-05-23T04:00:00,12500,12540,12420,12450,52973.56883
2024-05-23T08:00:00,12440,12630,12310,12620,96694.63766
2024-05-23T12:00:00,12600,12690,11920,12110,308946.303255
2024-05-23T16:00:00,12130,12190,11880,12050,48216.604266
2024-05-23T20:00:00,12020,12500,11610,12450,172439.936502
2024-05-24T00:00:00,12480,12800,12400,12690,132554.87429
2024-05-24T04:00:00,12680,12820,12200,12450,214526.16613
2024-05-24T08:00:00,12450,12450,12150,12410,90603.077128
2024-05-24T12:00:00,12410,12810,12370,12480,112834.073395
2024-05-24T16:00:00,12500,12520,12200,12370,49119.899613
2024-05-24T20:00:00,12380,12470,12340,12430,30926.755758
2024-05-25T00:00:00,12440,12710,12360,12690,84993.346661
2024-05-25T04:00:00,12700,12770,12520,12590,92402.254724
2024-05-25T08:00:00,12590,12730,12560,12620,100390.321786
2024-05-25T12:00:00,12630,12680,12500,12630,59060.098176
2024-05-25T16:00:00,12630,12640,12550,12600,14421.816916
2024-05-25T20:00:00,12600,12670,12530,12610,30897.67358
2024-05-26T00:00:00,12620,12750,12500,12690,78789.532611
2024-05-26T04:00:00,12690,12710,12530,12660,76807.23161
2024-05-26T08:00:00,12660,12680,12510,12560,83572.700803
2024-05-26T12:00:00,12550,12810,12420,12740,107722.527075
2024-05-26T16:00:00,12730,12810,12700,12740,34277.971233
2024-05-26T20:00:00,12740,12750,12520,12610,96760.152905
2024-05-27T00:00:00,12610,12950,12600,12880,129457.215969
2024-05-27T04:00:00,12890,13000,12640,12720,185179.686591
2024-05-27T08:00:00,12720,13100,12710,12980,208953.191344
2024-05-27T12:00:00,13000,13380,12910,13370,378007.909266
2024-05-27T16:00:00,13360,13420,13030,13160,115683.032476
2024-05-27T20:00:00,13160,13410,13130,13380,120699.51831
2024-05-28T00:00:00,13370,13380,12920,13080,270612.568535
2024-05-28T04:00:00,13080,13140,12740,12890,243565.687239
2024-05-28T08:00:00,12890,13220,12890,13120,120641.689756
2024-05-28T12:00:00,13120,13470,12960,13410,178846.786026
2024-05-28T16:00:00,13420,13430,13060,13130,49304.704544
2024-05-28T20:00:00,13130,13150,12880,12960,84547.923226
2024-05-29T00:00:00,12970,13020,12770,12900,116524.103262
2024-05-29T04:00:00,12910,13160,12900,12970,100897.285648
2024-05-29T08:00:00,12980,13010,12820,12840,147291.366596
2024-05-29T12:00:00,12840,12920,12660,12690,150480.886235
2024-05-29T16:00:00,12690,12760,12570,12660,48477.658854
2024-05-29T20:00:00,12630,12730,12600,12610,38065.958867
2024-05-30T00:00:00,12640,12890,12600,12870,76691.344917
2024-05-30T04:00:00,12870,12900,12360,12460,148737.350245
2024-05-30T08:00:00,12420,12740,12340,12690,121603.151558
2024-05-30T12:00:00,12690,13020,12670,12950,221294.799411
2024-05-30T16:00:00,12930,13150,12890,12980,110490.919686
2024-05-30T20:00:00,12970,12980,12750,12760,72145.870846
2024-05-31T00:00:00,12760,12850,12600,12810,114675.53606
2024-05-31T04:00:00,12810,12840,12620,12730,67129.512827
2024-05-31T08:00:00,12760,12810,12590,12760,96600.080732
2024-05-31T12:00:00,12770,12920,12600,12670,89180.307948
2024-05-31T16:00:00,12670,12890,12560,12800,64074.072082
2024-05-31T20:00:00,12800,12940,12780,12800,31902.807018
2024-06-01T00:00:00,12780,12820,12710,12750,49104.713602
2024-06-01T04:00:00,12740,12750,12670,12700,32201.818465
2024-06-01T08:00:00,12710,12730,12660,12680,19985.345288
2024-06-01T12:00:00,12680,12770,12650,12700,23262.779149
2024-06-01T16:00:00,12700,12740,12610,12660,22588.001671
2024-06-01T20:00:00,12630,12730,12630,12690,20179.27152
2024-06-02T00:00:00,12690,12800,12680,12680,27101.81878
2024-06-02T04:00:00,12690,12750,12610,12640,55740.737166
2024-06-02T08:00:00,12640,12680,12510,12650,70520.159203
2024-06-02T12:00:00,12650,12690,12530,12620,46241.096388
2024-06-02T16:00:00,12640,12650,12370,12590,33917.398029
2024-06-02T20:00:00,12590,12590,12460,12510,24520.355535
2024-06-03T00:00:00,12520,12650,12310,12620,74667.068609
2024-06-03T04:00:00,12620,12730,12520,12630,129000.208504
2024-06-03T08:00:00,12620,12730,12550,12560,44482.458127
2024-06-03T12:00:00,12560,12670,12430,12580,83859.689428
2024-06-03T16:00:00,12560,12600,12440,12520,21090.265817
2024-06-03T20:00:00,12510,12540,12380,12430,36758.443053
2024-06-04T00:00:00,12450,12540,12370,12470,49301.025066
2024-06-04T04:00:00,12470,12500,12320,12360,45590.248215
2024-06-04T08:00:00,12360,12390,12190,12250,89383.156305
2024-06-04T12:00:00,12250,12580,12170,12530,63892.006195
2024-06-04T16:00:00,12550,12750,12510,12610,49657.825417
2024-06-04T20:00:00,12610,12670,12550,12670,20417.964246
2024-06-05T00:00:00,12670,12830,12660,12710,76244.200195
2024-06-05T04:00:00,12710,12890,12670,12790,112060.884883
2024-06-05T08:00:00,12790,12840,12710,12810,42011.978628
2024-06-05T12:00:00,12810,12870,12730,12830,52150.418253
2024-06-05T16:00:00,12850,12910,12800,12900,23889.653979
2024-06-05T20:00:00,12910,12940,12800,12900,26743.08815
2024-06-06T00:00:00,12900,12910,12720,12740,48793.604723
2024-06-06T04:00:00,12740,12770,12620,12680,53207.784067
2024-06-06T08:00:00,12680,12770,12640,12770,30740.88149
2024-06-06T12:00:00,12740,12870,12730,12820,35868.695224
2024-06-06T16:00:00,12820,12840,12550,12560,27614.19242
2024-06-06T20:00:00,12560,12710,12440,12610,55287.295834
2024-06-07T00:00:00,12610,12660,12500,12540,59533.556072
2024-06-07T04:00:00,12540,12770,12530,12690,49332.096653
2024-06-07T08:00:00,12690,12870,12600,12850,47377.031642
2024-06-07T12:00:00,12850,13040,12610,12970,107870.256047
2024-06-07T16:00:00,12990,12990,11220,12000,300210.968134
2024-06-07T20:00:00,11950,12190,11890,12110,59708.004452
2024-06-08T00:00:00,12120,12120,11950,12000,69273.676372
2024-06-08T04:00:00,12000,12070,11910,12000,50492.052451
2024-06-08T08:00:00,12020,12020,11520,11570,84478.812688
2024-06-08T12:00:00,11560,11790,11370,11550,180606.327451
2024-06-08T16:00:00,11530,11570,11370,11500,48021.347954
2024-06-08T20:00:00,11490,11540,11370,11530,23203.557937
2024-06-09T00:00:00,11530,11640,11370,11450,63630.651093
2024-06-09T04:00:00,11460,11670,11410,11620,32315.59607
2024-06-09T08:00:00,11640,11800,11610,11700,49569.566946
2024-06-09T12:00:00,11700,11980,11670,11950,88600.878169
2024-06-09T16:00:00,11950,12140,11890,11960,24338.264488
2024-06-09T20:00:00,11960,12090,11950,12090,29059.911312
2024-06-10T00:00:00,12090,12130,11860,11870,50034.76223
2024-06-10T04:00:00,11870,11900,11490,11530,86048.880613
2024-06-10T08:00:00,11530,11870,11500,11860,77139.011318
2024-06-10T12:00:00,11860,11920,11650,11850,45250.182771
2024-06-10T16:00:00,11850,11880,11660,11670,25380.684904
2024-06-10T20:00:00,11660,11680,11550,11590,31115.367835
2024-06-11T00:00:00,11590,11690,11350,11430,137224.040703
2024-06-11T04:00:00,11430,11440,11140,11220,107653.123503
2024-06-11T08:00:00,11210,11450,11140,11420,52006.404058
2024-06-11T12:00:00,11400,11430,11020,11120,114302.755797
2024-06-11T16:00:00,11120,11350,10950,11300,29200.087297
2024-06-11T20:00:00,11320,11350,11250,11270,23002.507955
2024-06-12T00:00:00,11270,11380,11050,11330,46473.072922
2024-06-12T04:00:00,11330,11400,11240,11300,28788.280747
2024-06-12T08:00:00,11330,11420,11250,11330,24675.118426
2024-06-12T12:00:00,11330,11980,11210,11880,166661.030998
2024-06-12T16:00:00,11900,11950,11440,11510,63513.947912
2024-06-12T20:00:00,11510,11680,11440,11580,22993.171319
2024-06-13T00:00:00,11600,11600,11180,11350,78495.14002
2024-06-13T04:00:00,11340,11410,11210,11260,32684.948356
2024-06-13T08:00:00,11250,11350,11190,11210,37355.890217
2024-06-13T12:00:00,11230,11410,11060,11110,101540.460209
2024-06-13T16:00:00,11110,11260,11030,11230,25686.292453
2024-06-13T20:00:00,11200,11220,11050,11190,54966.038023
2024-06-14T00:00:00,11190,11360,11080,11270,43940.372644
2024-06-14T04:00:00,11270,11450,11270,11440,41836.178853
2024-06-14T08:00:00,11430,11460,11340,11390,22429.330815
2024-06-14T12:00:00,11400,11440,11100,11130,31238.373875
2024-06-14T16:00:00,11160,11160,10580,10680,147165.140185
2024-06-14T20:00:00,10670,11000,10660,10960,39467.486423
2024-06-15T00:00:00,10930,11000,10870,11000,28462.023835
2024-06-15T04:00:00,11010,11210,10990,11160,29361.512715
2024-06-15T08:00:00,11150,11190,11030,11080,24497.268349
2024-06-15T12:00:00,11090,11200,11040,11200,17683.944805
2024-06-15T16:00:00,11200,11250,11150,11200,12216.670836
2024-06-15T20:00:00,11230,11230,11120,11180,14548.8802
2024-06-16T00:00:00,11190,11240,11000,11040,15820.853035
2024-06-16T04:00:00,11030,11190,10960,11120,25164.248657
2024-06-16T08:00:00,11110,11180,11040,11100,19688.509729
2024-06-16T12:00:00,11070,11190,11060,11180,11542.149022
2024-06-16T16:00:00,11160,11160,11090,11140,8363.966535
2024-06-16T20:00:00,11130,11250,11090,11170,33354.884038
2024-06-17T00:00:00,11170,11200,10820,10860,95331.867596
2024-06-17T04:00:00,10830,10900,10660,10720,118200.436452
2024-06-17T08:00:00,10740,10780,10370,10590,178254.934777
2024-06-17T12:00:00,10590,10630,10420,10480,55666.460421
2024-06-17T16:00:00,10460,10880,10190,10700,55772.651848
2024-06-17T20:00:00,10670,10700,10450,10470,34708.256318
2024-06-18T00:00:00,10490,10510,9080,9665,358349.886595
2024-06-18T04:00:00,9665,9851,9547,9831,86829.547143
2024-06-18T08:00:00,9830,9847,9421,9555,93783.075896
2024-06-18T12:00:00,9550,9583,9186,9475,259192.670637
2024-06-18T16:00:00,9460,9463,9186,9430,65709.207667
2024-06-18T20:00:00,9447,9722,9392,9610,40265.876953
2024-06-19T00:00:00,9610,10010,9472,9925,98043.985285
2024-06-19T04:00:00,9948,10040,9877,9882,59247.265725
2024-06-19T08:00:00,9882,9900,9710,9760,48223.317218
2024-06-19T12:00:00,9739,9826,9550,9637,30970.563963
2024-06-19T16:00:00,9651,9851,9628,9814,26661.849482
2024-06-19T20:00:00,9806,9869,9699,9745,14249.156541
2024-06-20T00:00:00,9745,9963,9690,9759,62992.788482
2024-06-20T04:00:00,9760,10070,9710,10040,81535.249499
2024-06-20T08:00:00,10040,10100,9895,9940,82068.063413
2024-06-20T12:00:00,9950,9992,9562,9614,160207.508149
2024-06-20T16:00:00,9618,10040,9515,9844,45694.13307
2024-06-20T20:00:00,9865,9891,9763,9770,24452.932874
2024-06-21T00:00:00,9771,9911,9682,9862,47931.818257
2024-06-21T04:00:00,9887,9902,9749,9799,29959.809343
2024-06-21T08:00:00,9828,9928,9653,9785,64563.943623
2024-06-21T12:00:00,9774,9863,9590,9854,69389.557808
2024-06-21T16:00:00,9853,9867,9610,9730,19128.567729
2024-06-21T20:00:00,9730,9826,9695,9791,15503.157241
2024-06-22T00:00:00,9791,9791,9650,9659,22465.883429
2024-06-22T04:00:00,9700,9717,9638,9649,32929.547805
2024-06-22T08:00:00,9661,9727,9640,9707,20609.069438
2024-06-22T12:00:00,9711,9819,9682,9773,20701.341772
2024-06-22T16:00:00,9799,9803,9736,9781,4367.778914
2024-06-22T20:00:00,9777,9777,9683,9697,9973.793722
2024-06-23T00:00:00,9697,9865,9697,9851,27667.642543
2024-06-23T04:00:00,9852,9874,9799,9847,12022.164339
2024-06-23T08:00:00,9829,9868,9736,9767,42980.37407
2024-06-23T12:00:00,9769,9775,9522,9570,53143.698412
2024-06-23T16:00:00,9575,9587,9456,9574,11491.240064
2024-06-23T20:00:00,9587,9611,9400,9494,40311.516901
2024-06-24T00:00:00,9512,9613,9461,9545,53885.732738
2024-06-24T04:00:00,9545,9570,9200,9295,67948.28753
2024-06-24T08:00:00,9295,9536,9080,9404,138642.568743
2024-06-24T12:00:00,9404,9698,9388,9506,52465.688585
2024-06-24T16:00:00,9487,9699,9450,9495,41993.554895
2024-06-24T20:00:00,9509,9858,9434,9848,56380.767347
2024-06-25T00:00:00,9848,9931,9721,9840,55075.449013
2024-06-25T04:00:00,9844,9880,9711,9715,77813.904828
2024-06-25T08:00:00,9715,9945,9654,9923,40443.029162
2024-06-25T12:00:00,9910,10020,9880,9946,48454.73182
2024-06-25T16:00:00,9946,9964,9804,9918,32789.157229
2024-06-25T20:00:00,9918,9942,9800,9831,29187.150106
2024-06-26T00:00:00,9829,9929,9746,9750,57446.318928
2024-06-26T04:00:00,9750,9750,9625,9703,67646.999053
2024-06-26T08:00:00,9703,9703,9605,9616,32778.9106
2024-06-26T12:00:00,9616,9740,9569,9601,36357.27575
2024-06-26T16:00:00,9608,9725,9490,9725,15944.681482
2024-06-26T20:00:00,9725,9819,9649,9683,27487.183043
2024-06-27T00:00:00,9666,9697,9570,9622,33142.730012
2024-06-27T04:00:00,9621,9664,9493,9539,31727.706288
2024-06-27T08:00:00,9539,9753,9502,9718,32982.564406
2024-06-27T12:00:00,9718,9991,9718,9880,101609.164316
2024-06-27T16:00:00,9905,9993,9847,9993,9636.627649
2024-06-27T20:00:00,9993,9993,9885,9915,18947.253222
2024-06-28T00:00:00,9915,9981,9810,9861,32621.277587
2024-06-28T04:00:00,9846,9876,9788,9856,34355.658374
2024-06-28T08:00:00,9876,9971,9820,9929,26288.885831
2024-06-28T12:00:00,9931,10020,9810,9895,52533.255302
2024-06-28T16:00:00,9895,9897,9701,9771,17814.684114
2024-06-28T20:00:00,9786,9818,9650,9658,14279.820637
2024-06-29T00:00:00,9660,9889,9641,9842,33093.0259
2024-06-29T04:00:00,9842,9900,9740,9889,19491.79924
2024-06-29T08:00:00,9889,9890,9784,9850,13818.759989
2024-06-29T12:00:00,9865,9865,9750,9830,18338.532786
2024-06-29T16:00:00,9805,9823,9740,9790,17054.977692
2024-06-29T20:00:00,9800,9839,9693,9708,10220.552383
2024-06-30T00:00:00,9708,9766,9578,9615,31414.36175
2024-06-30T04:00:00,9615,9784,9551,9720,46674.447422
2024-06-30T08:00:00,9720,9799,9687,9691,13261.346743
2024-06-30T12:00:00,9700,9769,9643,9750,12644.644135
2024-06-30T16:00:00,9769,9774,9701,9717,1578.688231
2024-06-30T20:00:00,9729,9930,9706,9919,32342.710179
2024-07-01T00:00:00,9919,10150,9886,10070,86361.434377
2024-07-01T04:00:00,10070,10120,9970,10000,27055.247184
2024-07-01T08:00:00,10000,10030,9892,9918,57987.111709
2024-07-01T12:00:00,9935,10000,9837,9945,51245.462545
2024-07-01T16:00:00,9945,10140,9925,10070,22361.702015
2024-07-01T20:00:00,10060,10080,9870,9924,31499.883639
2024-07-02T00:00:00,9911,9939,9845,9877,38553.86515
2024-07-02T04:00:00,9877,9936,9765,9765,26806.33833
2024-07-02T08:00:00,9766,9806,9720,9744,29345.117784
2024-07-02T12:00:00,9744,9829,9617,9721,81917.959238
2024-07-02T16:00:00,9700,9786,9640,9777,15624.462634
2024-07-02T20:00:00,9789,9824,9759,9780,25587.118872
2024-07-03T00:00:00,9780,9836,9450,9547,90980.079924
2024-07-03T04:00:00,9547,9650,9519,9611,26743.31279
2024-07-03T08:00:00,9609,9662,9433,9556,39848.755148
2024-07-03T12:00:00,9529,9611,9402,9523,40728.111347
2024-07-03T16:00:00,9510,9549,9320,9336,33834.061732
2024-07-03T20:00:00,9363,9416,9300,9350,33519.647752
2024-07-04T00:00:00,9350,9430,8950,9078,181307.556583
2024-07-04T04:00:00,9078,9142,8899,8912,76898.401065
2024-07-04T08:00:00,8912,8955,8780,8895,93881.56207
2024-07-04T12:00:00,8895,8918,8606,8868,112958.203841
2024-07-04T16:00:00,8868,8970,8776,8890,27200.407324
2024-07-04T20:00:00,8883,8992,8483,8550,80859.647433
2024-07-05T00:00:00,8554,8558,7532,7606,296659.34769
2024-07-05T04:00:00,7606,7907,7520,7783,151284.624127
2024-07-05T08:00:00,7777,8128,7530,8102,114375.685935
2024-07-05T12:00:00,8089,8242,7968,8060,101401.266992
2024-07-05T16:00:00,8081,8133,7890,7964,77830.224555
2024-07-05T20:00:00,7946,8011,7912,7947,53437.309279
2024-07-06T00:00:00,7948,8160,7800,7904,105796.628339
2024-07-06T04:00:00,7916,8096,7825,8096,51964.392367
2024-07-06T08:00:00,8079,8137,7968,8084,56914.054011
2024-07-06T12:00:00,8124,8297,8042,8264,32709.327791
2024-07-06T16:00:00,8255,8570,8204,8539,40539.25261
2024-07-06T20:00:00,8551,8610,8477,8503,36454.344147
2024-07-07T00:00:00,8503,8503,8305,8415,44174.632751
2024-07-07T04:00:00,8415,8423,8240,8321,23159.033375
2024-07-07T08:00:00,8348,8414,8299,8395,14953.369793
2024-07-07T12:00:00,8363,8421,8039,8187,58781.425979
2024-07-07T16:00:00,8176,8300,8150,8229,24738.251387
2024-07-07T20:00:00,8230,8239,7906,7926,43548.901128
2024-07-08T00:00:00,7935,7978,7625,7855,95151.513568
2024-07-08T04:00:00,7846,8040,7828,7977,31145.390965
2024-07-08T08:00:00,7960,8480,7959,8443,140671.020827
2024-07-08T12:00:00,8440,8473,8025,8101,74951.930702
2024-07-08T16:00:00,8098,8323,8000,8287,15107.722204
2024-07-08T20:00:00,8287,8326,8203,8282,15872.91051
2024-07-09T00:00:00,8275,8397,8170,8298,43588.52764
2024-07-09T04:00:00,8309,8396,8268,8302,27876.830139
2024-07-09T08:00:00,8336,8412,8306,8317,36484.838812
2024-07-09T12:00:00,8317,8404,8233,8399,62119.750159
2024-07-09T16:00:00,8398,8464,8356,8439,7608.634637
2024-07-09T20:00:00,8439,8559,8416,8523,25890.619261
2024-07-10T00:00:00,8509,8535,8420,8525,37042.143573
2024-07-10T04:00:00,8517,8817,8517,8687,80313.758771
2024-07-10T08:00:00,8687,8703,8513,8580,60191.150521
2024-07-10T12:00:00,8580,8700,8463,8660,85352.87852
2024-07-10T16:00:00,8666,8720,8597,8638,12618.42341
2024-07-10T20:00:00,8660,8732,8609,8718,19711.261592
2024-07-11T00:00:00,8711,8800,8597,8677,35617.771195
2024-07-11T04:00:00,8660,8771,8637,8752,33123.071923
2024-07-11T08:00:00,8752,8888,8721,8888,25120.553247
2024-07-11T12:00:00,8876,8999,8627,8642,65684.861287
2024-07-11T16:00:00,8658,8764,8608,8704,10662.810601
2024-07-11T20:00:00,8696,8705,8513,8540,24361.86167
2024-07-12T00:00:00,8540,8632,8392,8499,36435.743687
2024-07-12T04:00:00,8495,8541,8422,8455,57199.799635
2024-07-12T08:00:00,8466,8500,8360,8446,44310.683318
2024-07-12T12:00:00,8446,8595,8397,8591,32658.010438
2024-07-12T16:00:00,8574,8639,8521,8521,22560.994758
2024-07-12T20:00:00,8538,8610,8461,8610,19229.420556
2024-07-13T00:00:00,8609,8713,8577,8707,37068.295517
2024-07-13T04:00:00,8707,8883,8671,8853,40625.371024
2024-07-13T08:00:00,8878,8878,8747,8776,31404.677767
2024-07-13T12:00:00,8760,8850,8742,8820,22687.965905
2024-07-13T16:00:00,8820,8885,8758,8836,13549.27423
2024-07-13T20:00:00,8814,8976,8800,8900,18584.114212
2024-07-14T00:00:00,8900,9092,8874,9041,48401.071597
2024-07-14T04:00:00,9042,9440,9023,9270,88865.916006
2024-07-14T08:00:00,9270,9467,9226,9326,130101.934807
2024-07-14T12:00:00,9327,9338,9148,9246,67946.73692
2024-07-14T16:00:00,9230,9269,9170,9239,11931.671106
2024-07-14T20:00:00,9205,9371,9205,9311,37670.498842
2024-07-15T00:00:00,9311,9549,9296,9493,79601.481426
2024-07-15T04:00:00,9493,9499,9340,9440,46403.981127
2024-07-15T08:00:00,9453,9528,9329,9399,42352.50529
2024-07-15T12:00:00,9378,9505,9375,9475,41755.132507
2024-07-15T16:00:00,9467,9516,9389,9457,23629.460743
2024-07-15T20:00:00,9472,9838,9458,9798,71084.126423
2024-07-16T00:00:00,9801,9929,9650,9903,87508.721181
2024-07-16T04:00:00,9903,9928,9355,9387,108992.168171
2024-07-16T08:00:00,9406,9580,9260,9542,47502.472651
2024-07-16T12:00:00,9542,9878,9482,9845,47806.795619
2024-07-16T16:00:00,9845,9998,9759,9910,24775.412126
2024-07-16T20:00:00,9895,9956,9791,9886,25672.849303
2024-07-17T00:00:00,9858,10070,9849,9931,62007.025053
2024-07-17T04:00:00,9927,10260,9884,10200,107235.772676
2024-07-17T08:00:00,10200,10270,9870,9942,77064.463548
2024-07-17T12:00:00,9925,10300,9919,10110,50290.632296
2024-07-17T16:00:00,10100,10170,9912,10150,23749.945434
2024-07-17T20:00:00,10150,10160,9850,9865,27176.980504
2024-07-18T00:00:00,9865,9980,9798,9907,40502.961032
2024-07-18T04:00:00,9907,9938,9701,9750,55240.970662
2024-07-18T08:00:00,9758,9900,9655,9826,79711.21387
2024-07-18T12:00:00,9847,9950,9655,9695,44574.717627
2024-07-18T16:00:00,9679,9860,9602,9760,27624.301839
2024-07-18T20:00:00,9744,9838,9702,9836,13915.271451
2024-07-19T00:00:00,9824,9988,9588,9947,92034.564542
2024-07-19T04:00:00,9949,10150,9860,9920,38617.74332
2024-07-19T08:00:00,9922,9990,9770,9892,26227.520346
2024-07-19T12:00:00,9889,10280,9819,10220,69459.592558
2024-07-19T16:00:00,10210,10410,10190,10350,41530.305048
2024-07-19T20:00:00,10380,10480,10320,10410,33156.00872
2024-07-20T00:00:00,10410,10490,10340,10440,53063.618199
2024-07-20T04:00:00,10440,10490,10340,10400,29744.750437
2024-07-20T08:00:00,10400,10420,10300,10300,51835.087895
2024-07-20T12:00:00,10300,10400,10200,10390,62915.124105
2024-07-20T16:00:00,10370,10460,10330,10360,16552.217062
2024-07-20T20:00:00,10360,10430,10320,10330,10530.962729
2024-07-21T00:00:00,10340,10440,10290,10380,19292.289441
2024-07-21T04:00:00,10360,10380,10190,10260,36674.545459
2024-07-21T08:00:00,10250,10390,10240,10300,12610.665489
2024-07-21T12:00:00,10300,10440,10210,10310,23655.828503
2024-07-21T16:00:00,10320,10410,9926,10250,33767.040276
2024-07-21T20:00:00,10240,10530,10230,10450,38440.841765
2024-07-22T00:00:00,10450,10680,10410,10450,129527.180735
2024-07-22T04:00:00,10440,10500,10200,10260,45218.294461
2024-07-22T08:00:00,10260,10400,10220,10370,27193.114428
2024-07-22T12:00:00,10390,10450,10170,10230,27662.840257
2024-07-22T16:00:00,10220,10290,10190,10290,5696.455916
2024-07-22T20:00:00,10290,10320,10010,10080,24562.450976
2024-07-23T00:00:00,10060,10240,10050,10110,39063.847323
2024-07-23T04:00:00,10110,10120,9809,9885,64324.4768
2024-07-23T08:00:00,9902,10280,9881,10180,67139.086337
2024-07-23T12:00:00,10180,10200,9907,9973,48217.367929
2024-07-23T16:00:00,9973,9987,9707,9946,36823.567853
2024-07-23T20:00:00,9950,10040,9901,9988,10213.092493
2024-07-24T00:00:00,9998,10080,9760,9799,33822.761535
2024-07-24T04:00:00,9817,9864,9682,9838,20579.980095
2024-07-24T08:00:00,9838,9916,9820,9894,23201.355596
2024-07-24T12:00:00,9909,9970,9779,9779,47695.40582
2024-07-24T16:00:00,9778,9912,9698,9714,19897.429008
2024-07-24T20:00:00,9740,9781,9470,9543,80616.546591
2024-07-25T00:00:00,9530,9562,9146,9222,81701.680777
2024-07-25T04:00:00,9223,9395,9179,9305,29744.324994
2024-07-25T08:00:00,9305,9356,9250,9290,14794.409022
2024-07-25T12:00:00,9281,9397,9140,9303,34308.303653
2024-07-25T16:00:00,9321,9398,9056,9153,17916.66694
2024-07-25T20:00:00,9156,9370,9035,9308,15460.565829
2024-07-26T00:00:00,9279,9513,9279,9441,23226.904379
2024-07-26T04:00:00,9431,9591,9431,9540,28330.259159
2024-07-26T08:00:00,9540,9599,9510,9544,18971.417476
2024-07-26T12:00:00,9544,9708,9500,9642,35338.714751
2024-07-26T16:00:00,9650,9758,9643,9715,9993.271805
2024-07-26T20:00:00,9682,9750,9646,9750,14445.445826
2024-07-27T00:00:00,9750,9910,9720,9907,35688.539341
2024-07-27T04:00:00,9915,10340,9915,10140,186564.182554
2024-07-27T08:00:00,10130,10180,9991,10090,81109.192045
2024-07-27T12:00:00,10090,10170,9943,9987,71895.890409
2024-07-27T16:00:00,9991,10050,9856,9952,23555.841789
2024-07-27T20:00:00,9936,10100,9770,9935,40799.377386
2024-07-28T00:00:00,9935,9985,9758,9775,36927.202235
2024-07-28T04:00:00,9774,9796,9633,9718,38689.544145
2024-07-28T08:00:00,9710,9820,9672,9784,30428.988825
2024-07-28T12:00:00,9784,9806,9642,9696,47168.311204
2024-07-28T16:00:00,9698,9698,9618,9621,11559.82153
2024-07-28T20:00:00,9622,9642,9500,9585,39547.663811
2024-07-29T00:00:00,9570,9841,9544,9706,41408.075909
2024-07-29T04:00:00,9729,9820,9670,9781,57415.705987
2024-07-29T08:00:00,9780,9796,9700,9735,30059.971049
2024-07-29T12:00:00,9736,9763,9450,9528,61154.276755
2024-07-29T16:00:00,9506,9573,9423,9525,41103.03122
2024-07-29T20:00:00,9543,9590,9460,9460,29149.539636
2024-07-30T00:00:00,9462,9611,9356,9489,67600.149115
2024-07-30T04:00:00,9504,9617,9442,9561,24190.921063
2024-07-30T08:00:00,9556,9558,9421,9468,19557.109984
2024-07-30T12:00:00,9468,9572,9386,9477,37044.987317
2024-07-30T16:00:00,9457,9476,9200,9240,34672.023146
2024-07-30T20:00:00,9240,9289,9134,9253,42187.056096
2024-07-31T00:00:00,9253,9333,9165,9266,19714.606151
2024-07-31T04:00:00,9266,9322,9141,9228,20429.104972
2024-07-31T08:00:00,9210,9237,9117,9146,32242.970588
2024-07-31T12:00:00,9164,9358,9143,9183,22861.112127
2024-07-31T16:00:00,9175,9271,9061,9101,23344.190273
2024-07-31T20:00:00,9094,9117,8966,8977,43006.249648
2024-08-01T00:00:00,8977,9057,8938,8961,24797.062748
2024-08-01T04:00:00,8960,8977,8730,8865,46107.971626
2024-08-01T08:00:00,8894,8960,8860,8948,15288.906312
2024-08-01T12:00:00,8930,9059,8720,8743,77655.495111
2024-08-01T16:00:00,8725,8785,8536,8746,63675.366952
2024-08-01T20:00:00,8772,9040,8699,9022,19884.104205
2024-08-02T00:00:00,9001,9063,8826,8962,21908.462535
2024-08-02T04:00:00,8952,8957,8630,8798,28705.9322
2024-08-02T08:00:00,8783,8870,8700,8824,15177.715971
2024-08-02T12:00:00,8822,8864,8350,8561,70259.575697
2024-08-02T16:00:00,8522,8581,8439,8505,20075.450473
2024-08-02T20:00:00,8492,8566,8395,8475,32890.971045
2024-08-03T00:00:00,8470,8501,8229,8402,47665.997742
2024-08-03T04:00:00,8405,8455,8351,8374,19154.41958
2024-08-03T08:00:00,8365,8381,8280,8358,20419.105922
2024-08-03T12:00:00,8377,8475,8088,8096,41512.653696
2024-08-03T16:00:00,8108,8108,7759,7759,54364.402248
2024-08-03T20:00:00,7778,7939,7742,7903,36420.492453
2024-08-04T00:00:00,7887,7964,7802,7885,37037.702127
2024-08-04T04:00:00,7885,7910,7774,7774,37405.560896
2024-08-04T08:00:00,7779,7880,7746,7830,19078.273472
2024-08-04T12:00:00,7830,7907,7543,7558,56061.380459
2024-08-04T16:00:00,7557,7736,7296,7716,77489.071625
2024-08-04T20:00:00,7686,7759,7485,7528,35703.003284
2024-08-05T00:00:00,7533,7589,6625,6627,319934.652535
2024-08-05T04:00:00,6646,7019,6300,6901,254982.921646
2024-08-05T08:00:00,6901,6908,6390,6573,118246.018248
2024-08-05T12:00:00,6578,7345,6398,7300,110094.000716
2024-08-05T16:00:00,7287,7394,7000,7084,35044.392038
2024-08-05T20:00:00,7121,7367,7097,7187,33687.653766
2024-08-06T00:00:00,7168,7720,7168,7450,112847.934473
2024-08-06T04:00:00,7442,7575,7382,7549,38412.498644
2024-08-06T08:00:00,7524,7526,7291,7388,31126.41271
2024-08-06T12:00:00,7391,7561,7201,7444,39898.92061
2024-08-06T16:00:00,7416,7464,7365,7411,9468.932221
2024-08-06T20:00:00,7411,7490,7312,7338,28437.805069
2024-08-07T00:00:00,7338,7531,7250,7463,61189.71837
2024-08-07T04:00:00,7477,7571,7453,7510,26622.33078
2024-08-07T08:00:00,7516,7562,7385,7396,30704.067116
2024-08-07T12:00:00,7385,7512,7054,7254,75654.723348
2024-08-07T16:00:00,7254,7342,7113,7193,25345.510118
2024-08-07T20:00:00,7190,7290,7114,7218,27593.06747
2024-08-08T00:00:00,7239,7570,7091,7450,52534.677113
2024-08-08T04:00:00,7450,7673,7430,7430,61875.778014
2024-08-08T08:00:00,7430,7498,7411,7471,15260.4646
2024-08-08T12:00:00,7467,7745,7426,7741,57003.427037
2024-08-08T16:00:00,7740,7791,7666,7736,23477.664792
2024-08-08T20:00:00,7735,8070,7716,8070,82504.33385
2024-08-09T00:00:00,8070,8176,7992,8050,107437.785451
2024-08-09T04:00:00,8045,8128,7916,8061,45563.051553
2024-08-09T08:00:00,8072,8268,7997,7998,47759.712379
2024-08-09T12:00:00,8024,8160,7931,7970,31141.187127
2024-08-09T16:00:00,7963,8118,7957,8008,11079.571837
2024-08-09T20:00:00,8008,8121,8003,8120,17771.489939
2024-08-10T00:00:00,8093,8185,8045,8074,34324.574103
2024-08-10T04:00:00,8078,8199,8001,8195,19216.324149
2024-08-10T08:00:00,8180,8527,8143,8334,71973.292724
2024-08-10T12:00:00,8334,8874,8279,8828,195770.575135
2024-08-10T16:00:00,8825,8997,8715,8888,256855.844803
2024-08-10T20:00:00,8882,8946,8760,8812,60958.91736
2024-08-11T00:00:00,8813,8830,8600,8602,80748.622626
2024-08-11T04:00:00,8611,8705,8597,8682,18840.118381
2024-08-11T08:00:00,8682,8753,8571,8612,71172.481439
2024-08-11T12:00:00,8603,8624,8332,8440,39614.089087
2024-08-11T16:00:00,8440,8448,8240,8279,11666.051628
2024-08-11T20:00:00,8276,8296,8060,8060,80691.328295
2024-08-12T00:00:00,8070,8290,8052,8210,43253.590271
2024-08-12T04:00:00,8210,8420,8130,8347,81109.296512
2024-08-12T08:00:00,8347,9400,8344,9384,933414.646987
2024-08-12T12:00:00,9396,9703,9005,9150,1991093.050848
2024-08-12T16:00:00,9150,9195,8945,8955,132083.66511
2024-08-12T20:00:00,8956,9103,8854,9019,139038.076174
2024-08-13T00:00:00,9019,9132,8750,8769,199921.875045
2024-08-13T04:00:00,8769,8856,8710,8750,103898.115697
2024-08-13T08:00:00,8750,8782,8630,8758,57331.001046
2024-08-13T12:00:00,8776,9200,8742,9159,171638.064925
2024-08-13T16:00:00,9157,9673,9108,9660,225878.212386
2024-08-13T20:00:00,9652,9687,9433,9482,190657.591704
2024-08-14T00:00:00,9486,9729,9442,9577,269238.242681
2024-08-14T04:00:00,9572,9600,9370,9520,168789.12019
2024-08-14T08:00:00,9520,9545,9380,9403,101829.258405
2024-08-14T12:00:00,9403,9530,9250,9308,111039.379266
2024-08-14T16:00:00,9300,9395,9211,9363,31802.951522
2024-08-14T20:00:00,9377,9419,9290,9388,16132.599865
2024-08-15T00:00:00,9385,9478,9281,9375,81132.703451
2024-08-15T04:00:00,9375,9385,9155,9271,45913.133224
2024-08-15T08:00:00,9275,9350,9060,9121,70130.065845
2024-08-15T12:00:00,9121,9214,8889,8900,189194.415725
2024-08-15T16:00:00,8900,8960,8575,8797,89014.858649
2024-08-15T20:00:00,8827,8855,8740,8758,70354.645913
2024-08-16T00:00:00,8758,9200,8680,8691,390634.017956
2024-08-16T04:00:00,8691,8794,8646,8724,64884.145252
2024-08-16T08:00:00,8721,8741,8473,8490,54881.634012
2024-08-16T12:00:00,8476,8594,8200,8241,116562.351647
2024-08-16T16:00:00,8241,8389,8100,8290,59784.635475
2024-08-16T20:00:00,8304,8353,8260,8260,47174.906343
2024-08-17T00:00:00,8272,8340,8224,8255,57653.141754
2024-08-17T04:00:00,8257,8263,8174,8200,21520.321709
2024-08-17T08:00:00,8219,8318,8175,8192,37731.523237
2024-08-17T12:00:00,8192,8240,8070,8071,47685.854056
2024-08-17T16:00:00,8068,8206,8067,8173,30356.520202
2024-08-17T20:00:00,8173,8194,8071,8106,25238.872275
2024-08-18T00:00:00,8107,8222,8072,8096,80430.9564
2024-08-18T04:00:00,8095,8220,8083,8123,30509.484305
2024-08-18T08:00:00,8140,8180,8090,8179,46934.959838
2024-08-18T12:00:00,8169,8304,8100,8124,94588.002737
2024-08-18T16:00:00,8120,8185,8094,8171,16785.934923
2024-08-18T20:00:00,8163,8232,8026,8057,41696.041217
2024-08-19T00:00:00,8044,8199,7979,8107,89194.449937
2024-08-19T04:00:00,8114,8154,8030,8141,58100.685738
2024-08-19T08:00:00,8141,8349,8000,8084,468193.342672
2024-08-19T12:00:00,8086,8291,8085,8205,132040.488942
2024-08-19T16:00:00,8205,8270,8031,8225,43132.374714
2024-08-19T20:00:00,8265,8314,8169,8300,54280.233221
2024-08-20T00:00:00,8300,8524,8280,8364,136502.134904
2024-08-20T04:00:00,8374,8796,8322,8513,322511.562279
2024-08-20T08:00:00,8523,8544,8315,8315,116445.630623
2024-08-20T12:00:00,8315,8390,8155,8266,125474.972258
2024-08-20T16:00:00,8266,8350,8196,8341,13467.810175
2024-08-20T20:00:00,8335,8375,8256,8288,28542.834666
2024-08-21T00:00:00,8274,8345,8222,8303,53345.075742
2024-08-21T04:00:00,8303,8500,8300,8485,149504.24556
2024-08-21T08:00:00,8485,8545,8375,8434,81656.411682
2024-08-21T12:00:00,8429,8540,8293,8337,84508.005204
2024-08-21T16:00:00,8331,8552,8297,8530,68740.138909
2024-08-21T20:00:00,8538,8644,8494,8604,82384.96121
2024-08-22T00:00:00,8623,8638,8501,8573,94556.026591
2024-08-22T04:00:00,8571,8701,8563,8623,62405.931118
2024-08-22T08:00:00,8646,8667,8580,8625,60027.889739
2024-08-22T12:00:00,8625,8772,8585,8650,59475.250463
2024-08-22T16:00:00,8670,8715,8630,8711,25924.055161
2024-08-22T20:00:00,8704,8830,8690,8830,98355.433987
2024-08-23T00:00:00,8821,9029,8797,9028,65737.201688
2024-08-23T04:00:00,9017,9255,8960,9223,113401.420639
2024-08-23T08:00:00,9223,9400,9165,9197,227898.316772
2024-08-23T12:00:00,9212,9400,9118,9313,120352.141446
2024-08-23T16:00:00,9314,9643,9287,9476,114980.657959
2024-08-23T20:00:00,9489,9609,9440,9491,57652.761711
2024-08-24T00:00:00,9488,9616,9422,9471,66074.34649
2024-08-24T04:00:00,9482,9600,9477,9565,35971.61333
2024-08-24T08:00:00,9524,9700,9488,9639,78887.726339
2024-08-24T12:00:00,9606,9760,9590,9698,54529.529445
2024-08-24T16:00:00,9698,9855,9677,9703,32961.271828
2024-08-24T20:00:00,9701,9709,9463,9563,33433.14678
2024-08-25T00:00:00,9563,9644,9312,9409,63448.272335
2024-08-25T04:00:00,9390,9429,9146,9175,45889.899297
2024-08-25T08:00:00,9186,9524,9155,9469,33400.34765
2024-08-25T12:00:00,9454,9910,9438,9770,130222.864731
2024-08-25T16:00:00,9790,9950,9727,9895,67902.602055
2024-08-25T20:00:00,9889,9993,9791,9845,79963.528375
2024-08-26T00:00:00,9845,9891,9564,9688,87612.70335
2024-08-26T04:00:00,9688,9729,9543,9599,31671.040375
2024-08-26T08:00:00,9600,9646,9501,9575,32734.288726
2024-08-26T12:00:00,9575,9677,9484,9568,38299.456477
2024-08-26T16:00:00,9568,9645,9380,9390,18392.642042
2024-08-26T20:00:00,9395,9481,9358,9420,27171.518051
2024-08-27T00:00:00,9416,9779,9413,9724,72940.524774
2024-08-27T04:00:00,9713,9845,9658,9721,74106.771755
2024-08-27T08:00:00,9721,9806,9427,9530,109945.3847
2024-08-27T12:00:00,9530,9793,9439,9756,97767.411416
2024-08-27T16:00:00,9757,10220,9686,9780,324657.02439
2024-08-27T20:00:00,9771,9806,9144,9298,291327.986039
2024-08-28T00:00:00,9292,9367,9044,9343,144181.202221
2024-08-28T04:00:00,9345,9357,8922,8935,98047.139165
2024-08-28T08:00:00,8929,9482,8854,9392,120009.6652
2024-08-28T12:00:00,9392,9906,9391,9400,319044.426744
2024-08-28T16:00:00,9391,9578,9071,9291,112333.08422
2024-08-28T20:00:00,9291,9393,9027,9186,97034.23377
2024-08-29T00:00:00,9199,9292,9019,9061,62676.394198
2024-08-29T04:00:00,9062,9439,8970,9240,87116.768971
2024-08-29T08:00:00,9231,9529,9055,9439,110494.694418
2024-08-29T12:00:00,9440,9850,9290,9640,223776.653891
2024-08-29T16:00:00,9641,9699,9127,9218,72318.766318
2024-08-29T20:00:00,9218,9257,9058,9242,97885.029991
2024-08-30T00:00:00,9242,9519,9125,9224,155839.358309
2024-08-30T04:00:00,9223,9499,9036,9396,145042.42809
2024-08-30T08:00:00,9380,9535,9158,9158,90532.34076
2024-08-30T12:00:00,9158,9258,8750,8788,213407.099039
2024-08-30T16:00:00,8772,9379,8723,9137,81763.95995
2024-08-30T20:00:00,9126,9246,9001,9142,45162.145074
2024-08-31T00:00:00,9144,9246,9072,9207,85096.018641
2024-08-31T04:00:00,9224,9249,9069,9164,64470.776695
2024-08-31T08:00:00,9163,9224,9064,9126,47353.201369
2024-08-31T12:00:00,9122,9122,8940,9014,37125.515604
2024-08-31T16:00:00,9005,9015,8700,8766,59367.748081
2024-08-31T20:00:00,8766,8896,8751,8838,28717.438193
2024-09-01T00:00:00,8838,8867,8680,8767,51252.363371
2024-09-01T04:00:00,8767,8789,8653,8696,71143.543465
2024-09-01T08:00:00,8706,8721,8570,8611,52799.567471
2024-09-01T12:00:00,8599,8611,8385,8558,62792.318713
2024-09-01T16:00:00,8555,8770,8430,8726,32721.011965
2024-09-01T20:00:00,8714,8726,8370,8413,50629.206218
2024-09-02T00:00:00,8413,8677,8396,8548,98794.210893
2024-09-02T04:00:00,8571,8580,8359,8400,47436.089753
2024-09-02T08:00:00,8404,8641,8347,8524,48978.03641
2024-09-02T12:00:00,8508,8580,8320,8480,83160.037711
2024-09-02T16:00:00,8464,8683,8464,8546,45660.482647
2024-09-02T20:00:00,8557,8760,8557,8631,29094.488309
2024-09-03T00:00:00,8631,8780,8580,8608,39581.627723
2024-09-03T04:00:00,8636,8653,8500,8584,29936.477184
2024-09-03T08:00:00,8596,8596,8431,8530,56238.482162
2024-09-03T12:00:00,8527,8558,8275,8275,97590.379766
2024-09-03T16:00:00,8275,8560,8265,8438,32455.781092
2024-09-03T20:00:00,8419,8436,8310,8350,18403.791658
2024-09-04T00:00:00,8339,8384,7995,8340,90336.120319
2024-09-04T04:00:00,8340,8430,8259,8371,36753.75568
2024-09-04T08:00:00,8387,8407,8241,8293,38941.31252
2024-09-04T12:00:00,8295,8485,8244,8485,29170.586844
2024-09-04T16:00:00,8488,8584,8312,8374,21218.958731
2024-09-04T20:00:00,8358,8415,8300,8303,33774.495392
2024-09-05T00:00:00,8302,8351,7961,7977,120615.010035
2024-09-05T04:00:00,7977,8073,7920,7981,86141.091886
2024-09-05T08:00:00,7988,8032,7920,7962,64515.535816
2024-09-05T12:00:00,7961,8032,7739,7829,147682.318772
2024-09-05T16:00:00,7830,7885,7728,7792,50104.534192
2024-09-05T20:00:00,7792,7882,7761,7860,24749.494958
2024-09-06T00:00:00,7860,7959,7780,7890,62243.073968
2024-09-06T04:00:00,7891,7927,7760,7810,61838.95114
2024-09-06T08:00:00,7800,7834,7724,7770,43374.607764
2024-09-06T12:00:00,7781,7977,7700,7892,220604.635031
2024-09-06T16:00:00,7870,7891,7728,7763,22676.071827
2024-09-06T20:00:00,7747,7798,7528,7798,55111.193474
2024-09-07T00:00:00,7790,7936,7782,7883,31177.373123
2024-09-07T04:00:00,7881,7984,7861,7984,29522.069181
2024-09-07T08:00:00,7981,8024,7964,7989,39081.988701
2024-09-07T12:00:00,7998,8105,7980,8043,25729.575705
2024-09-07T16:00:00,8042,8043,7920,8008,11514.916082
2024-09-07T20:00:00,8010,8010,7860,7948,16744.469255
2024-09-08T00:00:00,7960,8011,7882,8011,27492.799306
2024-09-08T04:00:00,8011,8175,7995,8171,38959.052685
2024-09-08T08:00:00,8171,8192,8070,8070,35193.225766
2024-09-08T12:00:00,8070,8076,7960,7964,48837.230481
2024-09-08T16:00:00,7963,8136,7943,8088,16314.644481
2024-09-08T20:00:00,8078,8284,8047,8187,45035.140615
2024-09-09T00:00:00,8200,8310,8155,8267,26608.672477
2024-09-09T04:00:00,8244,8312,8174,8310,25616.011048
2024-09-09T08:00:00,8308,8446,8294,8358,32747.126046
2024-09-09T12:00:00,8358,8392,8247,8349,25395.404654
2024-09-09T16:00:00,8397,8523,8397,8523,11527.366357
2024-09-09T20:00:00,8523,8679,8485,8514,26341.529776
2024-09-10T00:00:00,8519,8532,8407,8407,23045.04774
2024-09-10T04:00:00,8408,8434,8344,8386,37329.1592
2024-09-10T08:00:00,8388,8437,8337,8437,29954.663118
2024-09-10T12:00:00,8414,8466,8310,8372,42417.87708
2024-09-10T16:00:00,8387,8560,8387,8527,12224.854977
2024-09-10T20:00:00,8526,8560,8445,8509,14891.101685
2024-09-11T00:00:00,8509,8558,8290,8313,45840.981992
2024-09-11T04:00:00,8314,8322,8141,8299,46057.159988
2024-09-11T08:00:00,8299,8300,8178,8256,19282.056505
2024-09-11T12:00:00,8256,8410,8082,8202,82180.612554
2024-09-11T16:00:00,8220,8317,8185,8230,17145.098614
2024-09-11T20:00:00,8239,8267,8210,8216,25007.096324
2024-09-12T00:00:00,8222,8380,8210,8303,58485.815948
2024-09-12T04:00:00,8300,8379,8277,8340,33463.973801
2024-09-12T08:00:00,8340,8347,8260,8282,28950.186376
2024-09-12T12:00:00,8282,8380,8166,8197,92820.148305
2024-09-12T16:00:00,8197,8307,8171,8285,38539.055057
2024-09-12T20:00:00,8274,8335,8219,8323,27417.144388
2024-09-13T00:00:00,8323,8339,8240,8251,38709.642837
2024-09-13T04:00:00,8251,8278,8202,8256,21065.411728
2024-09-13T08:00:00,8256,8287,8210,8230,30420.824868
2024-09-13T12:00:00,8230,8424,8211,8415,39715.799474
2024-09-13T16:00:00,8415,8463,8362,8406,20616.880221
2024-09-13T20:00:00,8406,8494,8400,8445,62534.00115
2024-09-14T00:00:00,8464,8506,8415,8499,27407.385428
2024-09-14T04:00:00,8500,8507,8373,8387,17725.519285
2024-09-14T08:00:00,8400,8407,8200,8257,31881.534959
2024-09-14T12:00:00,8250,8290,8210,8233,39010.67122
2024-09-14T16:00:00,8233,8247,8048,8103,59205.755941
2024-09-14T20:00:00,8086,8161,8079,8152,38013.375175
2024-09-15T00:00:00,8138,8278,8094,8210,72842.572428
2024-09-15T04:00:00,8210,8223,8160,8220,26810.626523
2024-09-15T08:00:00,8220,8238,8185,8211,26061.071443
2024-09-15T12:00:00,8211,8259,8151,8250,47282.648179
2024-09-15T16:00:00,8250,8251,8103,8184,20849.009944
2024-09-15T20:00:00,8172,8190,7851,7933,110215.012369
2024-09-16T00:00:00,7919,7931,7750,7792,97980.295639
2024-09-16T04:00:00,7786,7884,7718,7865,44231.730974
2024-09-16T08:00:00,7855,7887,7763,7786,53088.80842
2024-09-16T12:00:00,7801,7801,7642,7736,65209.176253
2024-09-16T16:00:00,7730,7850,7702,7750,20874.670763
2024-09-16T20:00:00,7752,7787,7673,7739,17294.960711
2024-09-17T00:00:00,7740,7761,7675,7756,24368.916672
2024-09-17T04:00:00,7755,7903,7755,7880,90698.471579
2024-09-17T08:00:00,7880,7946,7848,7893,47834.250134
2024-09-17T12:00:00,7901,8070,7840,8031,63934.322415
2024-09-17T16:00:00,8031,8057,7898,7956,18225.922795
2024-09-17T20:00:00,7957,8018,7922,7988,13015.067752
2024-09-18T00:00:00,7988,8035,7892,8017,64372.41389
2024-09-18T04:00:00,8016,8016,7925,7994,21187.572247
2024-09-18T08:00:00,7993,7994,7745,7819,87996.914859
2024-09-18T12:00:00,7819,7884,7723,7735,65884.458958
2024-09-18T16:00:00,7730,8098,7713,7975,40519.471926
2024-09-18T20:00:00,7975,8350,7928,8345,76971.436983
2024-09-19T00:00:00,8343,8584,8343,8520,169097.118056
2024-09-19T04:00:00,8519,8542,8405,8499,85069.217777
2024-09-19T08:00:00,8498,8708,8405,8700,84722.115838
2024-09-19T12:00:00,8708,8996,8685,8958,200075.392286
2024-09-19T16:00:00,8960,9285,8959,9156,295788.171335
2024-09-19T20:00:00,9156,9157,9010,9070,91978.429398
2024-09-20T00:00:00,9077,9110,8945,9050,93953.001488
2024-09-20T04:00:00,9069,9700,9033,9498,170666.443447
2024-09-20T08:00:00,9499,9696,9402,9521,126600.255866
2024-09-20T12:00:00,9545,9980,9488,9618,543850.522257
2024-09-20T16:00:00,9619,9798,9550,9718,54147.973958
2024-09-20T20:00:00,9718,9893,9677,9784,70931.589505
2024-09-21T00:00:00,9777,10120,9671,9800,168461.73205
2024-09-21T04:00:00,9800,9883,9624,9870,60722.907846
2024-09-21T08:00:00,9870,10470,9841,10280,237163.003707
2024-09-21T12:00:00,10270,11200,10270,10810,1063698.6653
2024-09-21T16:00:00,10800,11080,10700,10880,162569.613173
2024-09-21T20:00:00,10870,11050,10760,10980,158206.097662
2024-09-22T00:00:00,10990,10990,10530,10550,208060.390083
2024-09-22T04:00:00,10570,10600,10420,10470,61905.01708
2024-09-22T08:00:00,10480,10670,10430,10640,88160.360004
2024-09-22T12:00:00,10630,10800,10500,10550,133601.964046
2024-09-22T16:00:00,10550,10770,10480,10710,23821.201557
2024-09-22T20:00:00,10680,10730,10380,10610,59024.141103
2024-09-23T00:00:00,10620,10840,10260,10640,145050.662088
2024-09-23T04:00:00,10640,10860,10370,10450,81686.476154
2024-09-23T08:00:00,10450,10530,10250,10470,59399.698807
2024-09-23T12:00:00,10470,10630,10380,10560,48813.634016
2024-09-23T16:00:00,10550,10670,10500,10580,14491.144409
2024-09-23T20:00:00,10620,10670,10410,10630,23521.321606
2024-09-24T00:00:00,10630,10660,10310,10590,85370.25081
2024-09-24T04:00:00,10570,10640,10410,10470,30444.442516
2024-09-24T08:00:00,10460,10790,10430,10690,59786.875474
2024-09-24T12:00:00,10670,10790,10300,10440,105558.200504
2024-09-24T16:00:00,10440,11030,10440,10940,39889.128457
2024-09-24T20:00:00,10890,11130,10780,10800,113620.088749
2024-09-25T00:00:00,10800,11230,10700,10960,198894.482183
2024-09-25T04:00:00,10990,11020,10650,10910,119843.552112
2024-09-25T08:00:00,10900,11060,10870,11000,74647.867636
2024-09-25T12:00:00,10990,11010,10640,10690,81672.226594
2024-09-25T16:00:00,10690,10820,10600,10710,16876.950824
2024-09-25T20:00:00,10740,10800,10620,10730,30753.884329
2024-09-26T00:00:00,10700,10940,10480,10930,99384.311523
2024-09-26T04:00:00,10920,11510,10890,11190,228706.698623
2024-09-26T08:00:00,11190,11200,10990,10990,149152.419229
2024-09-26T12:00:00,10990,11090,10840,10950,155446.032843
2024-09-26T16:00:00,10980,11040,10600,10750,105979.611644
2024-09-26T20:00:00,10790,10790,10590,10640,83281.580361
2024-09-27T00:00:00,10670,10950,10610,10920,97793.562567
2024-09-27T04:00:00,10920,11170,10850,10860,129099.558126
2024-09-27T08:00:00,10890,10930,10680,10800,69777.650485
2024-09-27T12:00:00,10780,10950,10660,10950,79400.775668
2024-09-27T16:00:00,10960,11030,10790,11000,54144.939981
2024-09-27T20:00:00,11000,11330,11000,11250,85554.685042
2024-09-28T00:00:00,11250,11300,10920,10970,96203.133097
2024-09-28T04:00:00,10980,11010,10730,10750,109062.604617
2024-09-28T08:00:00,10750,10800,10540,10690,116922.262557
2024-09-28T12:00:00,10700,10720,10530,10620,118859.549893
2024-09-28T16:00:00,10640,10690,10580,10580,19232.351448
2024-09-28T20:00:00,10580,10640,10450,10620,75785.1071
2024-09-29T00:00:00,10620,10660,10520,10600,70630.453364
2024-09-29T04:00:00,10600,10600,10320,10350,133609.884849
2024-09-29T08:00:00,10350,10450,10240,10450,62963.020344
2024-09-29T12:00:00,10460,10650,10280,10530,122150.017347
2024-09-29T16:00:00,10530,10860,10510,10770,72550.965583
2024-09-29T20:00:00,10770,10800,10520,10580,39042.247218
2024-09-30T00:00:00,10570,10620,10250,10370,100617.846898
2024-09-30T04:00:00,10370,10550,10260,10540,44285.564019
2024-09-30T08:00:00,10530,10560,10170,10360,77241.218834
2024-09-30T12:00:00,10370,10510,10290,10310,44389.583507
2024-09-30T16:00:00,10310,10470,10300,10380,17735.965978
2024-09-30T20:00:00,10400,10480,10020,10130,72308.049954
2024-10-01T00:00:00,10150,10560,10050,10530,90991.979522
2024-10-01T04:00:00,10530,10980,10490,10850,262385.29221
2024-10-01T08:00:00,10860,11070,10790,10900,192730.906761
2024-10-01T12:00:00,10900,11000,10090,10640,277256.088922
2024-10-01T16:00:00,10610,10710,9746,10140,190336.414053
2024-10-01T20:00:00,10130,10350,9960,10110,172191.827303
2024-10-02T00:00:00,10110,10310,9999,10160,101683.60005
2024-10-02T04:00:00,10150,10630,10050,10400,117257.552395
2024-10-02T08:00:00,10400,10490,10000,10180,231275.436671
2024-10-02T12:00:00,10170,10580,10030,10400,280891.91254
2024-10-02T16:00:00,10400,10560,10070,10250,133726.504149
2024-10-02T20:00:00,10250,10610,10180,10500,128307.487544
2024-10-03T00:00:00,10480,11090,10290,11050,545716.429536
2024-10-03T04:00:00,11060,11290,10850,11000,578417.809628
2024-10-03T08:00:00,11000,11550,10710,11310,1274747.29171
2024-10-03T12:00:00,11310,11830,11040,11380,1578890.944997
2024-10-03T16:00:00,11360,11360,10980,11320,383775.722574
2024-10-03T20:00:00,11340,11650,11200,11630,562213.028885
2024-10-04T00:00:00,11630,11720,11060,11190,973438.531928
2024-10-04T04:00:00,11190,11680,11180,11590,611598.451606
2024-10-04T08:00:00,11590,12200,11570,12000,777946.179115
2024-10-04T12:00:00,12000,12610,11780,12550,1041009.653684
2024-10-04T16:00:00,12530,12570,12250,12360,297092.165743
2024-10-04T20:00:00,12350,12380,12200,12290,160567.619664
2024-10-05T00:00:00,12270,12340,12020,12200,292366.224454
2024-10-05T04:00:00,12200,12480,12020,12210,346631.306838
2024-10-05T08:00:00,12210,12300,11990,12040,197981.299859
2024-10-05T12:00:00,12030,12350,12020,12080,173774.294283
2024-10-05T16:00:00,12080,12100,11830,11840,133436.201243
2024-10-05T20:00:00,11840,11850,11630,11660,188587.688168
2024-10-06T00:00:00,11660,11970,11640,11810,258268.545209
2024-10-06T04:00:00,11810,11940,11670,11800,172839.063169
2024-10-06T08:00:00,11810,11950,11510,11600,223140.700638
2024-10-06T12:00:00,11600,12130,11540,11770,337266.082393
2024-10-06T16:00:00,11770,11890,11450,11450,102358.193373
2024-10-06T20:00:00,11480,11760,11440,11720,114060.940494
2024-10-07T00:00:00,11710,12250,11660,11820,617962.392886
2024-10-07T04:00:00,11830,11940,11720,11760,168640.30969
2024-10-07T08:00:00,11760,12080,11420,11600,410780.347936
2024-10-07T12:00:00,11620,11820,11360,11550,502003.657407
2024-10-07T16:00:00,11570,12500,11500,12130,420903.417782
2024-10-07T20:00:00,12130,12190,11670,11700,219567.126312
2024-10-08T00:00:00,11700,12360,11700,12200,479365.625589
2024-10-08T04:00:00,12200,12360,11910,12120,513035.975102
2024-10-08T08:00:00,12120,12510,12030,12440,536900.666998
2024-10-08T12:00:00,12470,12530,11900,12360,609615.434052
2024-10-08T16:00:00,12340,12850,12210,12700,492495.563815
2024-10-08T20:00:00,12700,12910,12560,12620,286128.540799
2024-10-09T00:00:00,12630,12810,12370,12520,404813.017342
2024-10-09T04:00:00,12520,12720,12380,12460,184578.167962
2024-10-09T08:00:00,12460,12500,12240,12350,144832.597166
2024-10-09T12:00:00,12340,12580,12260,12410,217803.195531
2024-10-09T16:00:00,12380,12440,12000,12000,85991.982405
2024-10-09T20:00:00,12000,12030,11550,11630,217913.046639
2024-10-10T00:00:00,11630,11640,11360,11450,288322.625254
2024-10-10T04:00:00,11450,11540,11240,11240,281176.52159
2024-10-10T08:00:00,11250,11340,11030,11260,308129.590195
2024-10-10T12:00:00,11280,11330,10880,10970,374056.902085
2024-10-10T16:00:00,10970,11100,10710,11060,167797.950481
2024-10-10T20:00:00,11060,11150,10970,11050,129846.92846
2024-10-11T00:00:00,11040,11090,10870,10890,179070.560697
2024-10-11T04:00:00,10900,11020,10740,10950,180264.161632
2024-10-11T08:00:00,10950,11300,10950,11230,191552.862686
2024-10-11T12:00:00,11250,11500,11160,11470,318191.077904
2024-10-11T16:00:00,11470,11500,11240,11350,134492.364898
2024-10-11T20:00:00,11340,11600,11320,11510,157852.311336
2024-10-12T00:00:00,11510,11590,11360,11430,215246.189254
2024-10-12T04:00:00,11450,11580,11380,11450,80802.422554
2024-10-12T08:00:00,11450,11720,11440,11620,183300.992785
2024-10-12T12:00:00,11620,12480,11550,12330,605869.885035
2024-10-12T16:00:00,12330,13050,12330,12920,651112.278542
2024-10-12T20:00:00,12920,13410,12880,13350,576031.306319
2024-10-13T00:00:00,13360,13800,13180,13580,1329159.597316
2024-10-13T04:00:00,13580,14040,13540,13640,1018655.17499
2024-10-13T08:00:00,13640,13710,13310,13470,710990.255786
2024-10-13T12:00:00,13440,13680,13150,13290,502286.953819
2024-10-13T16:00:00,13290,13430,13090,13340,76051.136867
2024-10-13T20:00:00,13370,13850,13370,13740,232967.207336
2024-10-14T00:00:00,13750,14130,13400,13640,771732.506129
2024-10-14T04:00:00,13640,13760,13430,13480,340433.696545
2024-10-14T08:00:00,13480,13850,13370,13700,335824.660496
2024-10-14T12:00:00,13690,13810,13380,13430,330178.977156
2024-10-14T16:00:00,13430,13610,13350,13490,101665.270622
2024-10-14T20:00:00,13510,13790,13440,13660,188792.305456
2024-10-15T00:00:00,13660,14120,13330,13750,561207.388354
2024-10-15T04:00:00,13750,14030,13520,13810,391053.361799
2024-10-15T08:00:00,13810,14400,13530,13670,772613.364391
2024-10-15T12:00:00,13670,14280,13580,13930,887819.281168
2024-10-15T16:00:00,13930,14490,13930,14160,326382.207374
2024-10-15T20:00:00,14130,14280,13800,14150,218570.832585
2024-10-16T00:00:00,14140,14140,13800,13870,268166.532095
2024-10-16T04:00:00,13870,14060,13720,13830,268655.332903
2024-10-16T08:00:00,13820,14050,13530,13530,359200.455583
2024-10-16T12:00:00,13530,13640,13210,13260,398492.923082
2024-10-16T16:00:00,13260,13430,13150,13290,80594.942018
2024-10-16T20:00:00,13290,13850,13280,13600,177941.377149
2024-10-17T00:00:00,13600,13750,13500,13630,147959.934504
2024-10-17T04:00:00,13610,13950,13530,13730,229971.515118
2024-10-17T08:00:00,13730,13790,13440,13510,158169.104833
2024-10-17T12:00:00,13470,13880,13470,13700,170998.670809
2024-10-17T16:00:00,13690,13790,13300,13530,67454.216915
2024-10-17T20:00:00,13510,13630,13440,13520,54319.777603
2024-10-18T00:00:00,13520,13600,13330,13360,151328.543952
2024-10-18T04:00:00,13350,13620,13300,13610,120494.104026
2024-10-18T08:00:00,13590,13630,13370,13420,87835.475423
2024-10-18T12:00:00,13420,13600,13380,13500,129440.05783
2024-10-18T16:00:00,13500,13830,13400,13580,98947.72164
2024-10-18T20:00:00,13580,13730,13550,13650,78913.13103
2024-10-19T00:00:00,13650,13660,13420,13530,146623.979885
2024-10-19T04:00:00,13520,13550,13340,13400,113061.932439
2024-10-19T08:00:00,13380,13440,13290,13330,98978.418541
2024-10-19T12:00:00,13320,13400,13160,13300,86669.360923
2024-10-19T16:00:00,13290,13320,13180,13280,30192.681346
2024-10-19T20:00:00,13280,13350,13240,13270,31200.03904
2024-10-20T00:00:00,13270,13380,13240,13310,91647.786864
2024-10-20T04:00:00,13310,13440,13240,13340,88142.278084
2024-10-20T08:00:00,13340,13660,13250,13610,143074.124931
2024-10-20T12:00:00,13600,13900,13490,13800,274782.09588
2024-10-20T16:00:00,13830,13850,13400,13410,56199.790474
2024-10-20T20:00:00,13410,13730,13400,13610,62790.677969
2024-10-21T00:00:00,13580,13630,13410,13630,141800.100069
2024-10-21T04:00:00,13600,14020,13560,13880,358795.114101
2024-10-21T08:00:00,13880,14090,13550,13630,358050.899459
2024-10-21T12:00:00,13630,13870,13390,13840,240604.60805
2024-10-21T16:00:00,13850,14000,13650,13720,112078.620422
2024-10-21T20:00:00,13760,14140,13710,13810,136744.447225
2024-10-22T00:00:00,13830,15370,13700,15260,1504388.260785
2024-10-22T04:00:00,15260,15320,14760,15140,1044067.598194
2024-10-22T08:00:00,15120,15290,14820,14960,848365.630425
2024-10-22T12:00:00,14990,15210,14310,14380,770728.5017
2024-10-22T16:00:00,14370,14390,13960,14150,370424.132106
2024-10-22T20:00:00,14150,14370,14100,14310,304057.377224
2024-10-23T00:00:00,14320,14720,14090,14510,626494.645791
2024-10-23T04:00:00,14510,14650,14330,14470,435119.127963
2024-10-23T08:00:00,14460,14470,13630,13720,547072.55232
2024-10-23T12:00:00,13710,13860,13560,13740,245493.808425
2024-10-23T16:00:00,13740,13880,13420,13620,145050.372106
2024-10-23T20:00:00,13620,13950,13620,13770,139910.861083
2024-10-24T00:00:00,13760,13960,13550,13910,368087.351471
2024-10-24T04:00:00,13900,14200,13780,13980,291399.339488
2024-10-24T08:00:00,14000,14110,13700,13740,287024.72534
2024-10-24T12:00:00,13740,14380,13680,14160,386666.038612
2024-10-24T16:00:00,14160,14270,14060,14140,65777.484546
2024-10-24T20:00:00,14150,14370,14020,14040,118411.413572
2024-10-25T00:00:00,14060,14130,13800,13860,239387.533839
2024-10-25T04:00:00,13840,13960,13550,13850,181448.175603
2024-10-25T08:00:00,13850,13920,13700,13850,61933.298619
2024-10-25T12:00:00,13870,13940,13610,13690,89691.53712
2024-10-25T16:00:00,13670,13740,13050,13210,203639.273597
2024-10-25T20:00:00,13190,13310,12040,12600,516524.398716
2024-10-26T00:00:00,12600,12600,12270,12470,285962.641196
2024-10-26T04:00:00,12470,12850,12380,12760,87657.383296
2024-10-26T08:00:00,12770,13070,12760,12990,100713.159015
2024-10-26T12:00:00,12990,13030,12470,12650,161963.33926
2024-10-26T16:00:00,12680,13060,12580,12970,45384.697379
2024-10-26T20:00:00,12950,13070,12920,13040,43673.239551
2024-10-27T00:00:00,13040,13140,12920,13090,107876.552651
2024-10-27T04:00:00,13100,13120,12690,12820,117726.352902
2024-10-27T08:00:00,12850,12950,12730,12890,85428.98914
2024-10-27T12:00:00,12890,13030,12800,12880,107174.08549
2024-10-27T16:00:00,12890,12950,12690,12730,47120.142978
2024-10-27T20:00:00,12750,12910,12700,12820,67285.620838
2024-10-28T00:00:00,12820,12860,12150,12200,237342.75277
2024-10-28T04:00:00,12200,12760,12170,12650,206871.764329
2024-10-28T08:00:00,12650,12890,12500,12570,179070.024581
2024-10-28T12:00:00,12550,12660,12320,12400,190195.50005
2024-10-28T16:00:00,12400,12670,12230,12530,48383.519725
2024-10-28T20:00:00,12530,12930,12520,12850,82416.637272
2024-10-29T00:00:00,12830,13630,12800,13590,399129.074137
2024-10-29T04:00:00,13580,13670,13180,13410,265053.452394
2024-10-29T08:00:00,13410,13650,13280,13650,160199.934973
2024-10-29T12:00:00,13650,14200,13620,13820,567574.686941
2024-10-29T16:00:00,13830,14020,13670,13720,149192.532839
2024-10-29T20:00:00,13720,14050,13580,13980,110723.431955
2024-10-30T00:00:00,14000,14190,13890,14040,353232.920107
2024-10-30T04:00:00,14010,14080,13840,13850,158007.381134
2024-10-30T08:00:00,13850,13900,13560,13580,148394.274702
2024-10-30T12:00:00,13580,13840,13460,13540,114902.814291
2024-10-30T16:00:00,13530,13680,13520,13560,14686.496389
2024-10-30T20:00:00,13530,13780,13490,13630,66393.159467
2024-10-31T00:00:00,13630,13660,13390,13430,98370.697601
2024-10-31T04:00:00,13430,13520,13350,13380,91216.298336
2024-10-31T08:00:00,13380,13380,13030,13120,152791.679735
2024-10-31T12:00:00,13100,13200,12850,13200,167144.834498
2024-10-31T16:00:00,13220,13220,12760,12760,58871.81292
2024-10-31T20:00:00,12780,12920,12640,12680,96433.161411
2024-11-01T00:00:00,12680,12860,12430,12580,221803.181939
2024-11-01T04:00:00,12580,12640,12250,12320,137233.252242
2024-11-01T08:00:00,12330,12680,12280,12550,97561.059797
2024-11-01T12:00:00,12560,12970,12140,12210,237335.871976
2024-11-01T16:00:00,12200,12560,12200,12510,42914.44162
2024-11-01T20:00:00,12500,12560,12250,12490,42186.304412
2024-11-02T00:00:00,12500,12550,12370,12370,56034.739755
2024-11-02T04:00:00,12390,12450,12290,12370,43043.263125
2024-11-02T08:00:00,12360,12380,12160,12160,62618.419534
2024-11-02T12:00:00,12170,12230,12000,12120,144011.84675
2024-11-02T16:00:00,12140,12210,12000,12060,26174.017428
2024-11-02T20:00:00,12060,12160,12010,12100,37716.305952
2024-11-03T00:00:00,12120,12150,11380,11550,247265.270603
2024-11-03T04:00:00,11540,11700,11440,11580,115201.745108
2024-11-03T08:00:00,11570,11570,11230,11260,116724.022361
2024-11-03T12:00:00,11260,11330,10940,11130,275968.508438
2024-11-03T16:00:00,11130,11330,11040,11320,58598.061766
2024-11-03T20:00:00,11320,11580,11280,11440,72370.896161
2024-11-04T00:00:00,11440,11650,11250,11460,188222.644783
2024-11-04T04:00:00,11460,11610,11270,11290,186678.381604
2024-11-04T08:00:00,11290,11560,11200,11490,152481.446652
2024-11-04T12:00:00,11490,11590,11240,11320,124733.469298
2024-11-04T16:00:00,11290,11330,11080,11290,72995.167397
2024-11-04T20:00:00,11270,11290,10790,11190,135490.470525
2024-11-05T00:00:00,11210,11400,11190,11370,111004.995925
2024-11-05T04:00:00,11380,11480,11360,11460,105309.984508
2024-11-05T08:00:00,11470,11550,11380,11510,116393.939859
2024-11-05T12:00:00,11510,12010,11470,11870,216964.558082
2024-11-05T16:00:00,11870,12010,11580,11630,80069.050439
2024-11-05T20:00:00,11620,11880,11590,11760,88621.378579
2024-11-06T00:00:00,11760,12740,11730,12680,450059.513085
2024-11-06T04:00:00,12700,13030,12510,12660,442693.293423
2024-11-06T08:00:00,12620,13010,12210,12890,275832.086561
2024-11-06T12:00:00,12910,12960,12650,12760,188954.215588
2024-11-06T16:00:00,12780,12930,12640,12800,54735.557713
2024-11-06T20:00:00,12800,13340,12760,13190,122081.959484
2024-11-07T00:00:00,13170,13600,13000,13360,303346.193189
2024-11-07T04:00:00,13350,13520,12950,13160,181983.45517
2024-11-07T08:00:00,13160,13820,13150,13540,447877.543963
2024-11-07T12:00:00,13540,13790,13110,13510,371284.599273
2024-11-07T16:00:00,13500,13550,13220,13380,86150.429877
2024-11-07T20:00:00,13420,13580,13270,13500,95633.914605
2024-11-08T00:00:00,13500,13920,13100,13200,306669.909685
2024-11-08T04:00:00,13210,13500,13180,13400,121595.309745
2024-11-08T08:00:00,13400,13500,13190,13440,134256.840769
2024-11-08T12:00:00,13440,13600,13320,13420,143877.921647
2024-11-08T16:00:00,13420,13590,13130,13510,79314.287193
2024-11-08T20:00:00,13550,13640,13300,13550,80022.914797
2024-11-09T00:00:00,13550,13650,13330,13350,211451.328736
2024-11-09T04:00:00,13370,13920,13370,13710,192849.760397
2024-11-09T08:00:00,13710,13930,13690,13820,106536.350955
2024-11-09T12:00:00,13800,13840,13460,13600,92208.866443
2024-11-09T16:00:00,13600,13800,13430,13730,60967.166789
2024-11-09T20:00:00,13690,14670,13680,14460,317358.130984
2024-11-10T00:00:00,14460,14900,14160,14860,291987.928093
2024-11-10T04:00:00,14880,15780,14790,15340,717594.345771
2024-11-10T08:00:00,15330,15970,15270,15650,579927.081468
2024-11-10T12:00:00,15650,15670,14770,15090,538388.368625
2024-11-10T16:00:00,15090,15340,14850,15120,147600.685472
2024-11-10T20:00:00,15120,15250,14210,15090,224684.925171
2024-11-11T00:00:00,15120,15960,15030,15940,481507.444248
2024-11-11T04:00:00,15940,15960,14640,15150,455943.763547
2024-11-11T08:00:00,15160,15910,14930,15910,357612.20061
2024-11-11T12:00:00,15890,17290,15540,16570,2273286.237897
2024-11-11T16:00:00,16570,17600,16450,17000,812135.327659
2024-11-11T20:00:00,17000,19830,16800,19200,2917338.41244
2024-11-12T00:00:00,19200,19240,17230,18120,2244420.932189
2024-11-12T04:00:00,18120,18720,17790,18160,1005941.272331
2024-11-12T08:00:00,18180,18770,16210,17470,1660188.505438
2024-11-12T12:00:00,17440,17920,17000,17750,593212.181538
2024-11-12T16:00:00,17730,17840,17280,17530,129628.84061
2024-11-12T20:00:00,17560,17900,17180,17580,236057.396661
2024-11-13T00:00:00,17580,17870,16530,16540,432953.220511
2024-11-13T04:00:00,16550,17020,15980,16950,447844.101773
2024-11-13T08:00:00,16960,17620,16640,17400,269429.849911
2024-11-13T12:00:00,17390,18400,16420,17700,1434427.327562
2024-11-13T16:00:00,17700,17800,16550,16680,360721.973048
2024-11-13T20:00:00,16680,16790,16250,16610,224152.233319
2024-11-14T00:00:00,16610,16710,16120,16680,343892.37721
2024-11-14T04:00:00,16650,17520,16540,17100,438473.203512
2024-11-14T08:00:00,17070,17120,16400,16680,302739.56228
2024-11-14T12:00:00,16660,16770,15860,16450,322387.593264
2024-11-14T16:00:00,16490,16590,16230,16330,78699.643599
2024-11-14T20:00:00,16330,16410,15490,15890,319902.044487
2024-11-15T00:00:00,15900,16340,15680,16300,211052.341641
2024-11-15T04:00:00,16300,16800,15830,16600,284241.248178
2024-11-15T08:00:00,16600,17170,16440,17010,224356.432614
2024-11-15T12:00:00,17010,17290,16150,16360,388807.205235
2024-11-15T16:00:00,16340,16690,16230,16410,73798.126872
2024-11-15T20:00:00,16400,16870,16370,16730,153450.793845
2024-11-16T00:00:00,16730,17640,16560,17640,303009.038662
2024-11-16T04:00:00,17640,17700,17000,17120,289690.046978
2024-11-16T08:00:00,17110,17870,17020,17530,367314.536071
2024-11-16T12:00:00,17530,17610,16520,16720,508587.910869
2024-11-16T16:00:00,16700,17460,16610,17240,108621.003697
2024-11-16T20:00:00,17240,17430,17040,17270,138634.503541
2024-11-17T00:00:00,17280,17550,16190,16730,469624.940182
2024-11-17T04:00:00,16740,17740,16520,17540,407074.167855
2024-11-17T08:00:00,17540,17860,17220,17230,493010.911422
2024-11-17T12:00:00,17230,17720,16970,17030,343041.758467
2024-11-17T16:00:00,17060,17120,16450,16620,99747.883468
2024-11-17T20:00:00,16620,16780,16250,16610,220131.700379
2024-11-18T00:00:00,16610,17030,16490,17000,289871.998928
2024-11-18T04:00:00,17000,17170,16570,16880,376588.845226
2024-11-18T08:00:00,16900,16980,16400,16560,300387.240758
2024-11-18T12:00:00,16560,16850,16390,16780,327116.885907
2024-11-18T16:00:00,16750,17130,16270,16570,226378.098339
2024-11-18T20:00:00,16530,16970,16450,16940,164466.490354
2024-11-19T00:00:00,16940,17380,16580,16630,706209.961074
2024-11-19T04:00:00,16630,16670,16370,16390,269024.84603
2024-11-19T08:00:00,16390,16560,16300,16530,131424.680218
2024-11-19T12:00:00,16530,16770,16180,16470,296827.132432
2024-11-19T16:00:00,16500,16760,16390,16510,99625.296513
2024-11-19T20:00:00,16530,16670,16090,16600,143284.171965
2024-11-20T00:00:00,16600,16620,15540,15790,328843.632784
2024-11-20T04:00:00,15790,16590,15660,16520,154378.628859
2024-11-20T08:00:00,16520,18890,16520,17820,3298226.848092
2024-11-20T12:00:00,17820,17910,16740,17040,1041877.742053
2024-11-20T16:00:00,17030,17170,16200,16300,242589.297604
2024-11-20T20:00:00,16300,17190,16220,16660,274024.683276
2024-11-21T00:00:00,16640,16880,15950,16170,500453.898154
2024-11-21T04:00:00,16170,16660,16010,16340,444457.186156
2024-11-21T08:00:00,16320,16540,16050,16390,282155.5618
2024-11-21T12:00:00,16400,17230,16370,16790,816463.086157
2024-11-21T16:00:00,16810,17170,16600,16750,193845.918852
2024-11-21T20:00:00,16770,16940,16630,16870,129805.214515
2024-11-22T00:00:00,16870,17190,16510,16860,359661.872437
2024-11-22T04:00:00,16860,17030,16580,16600,315676.326071
2024-11-22T08:00:00,16580,16910,16360,16750,293214.621442
2024-11-22T12:00:00,16750,16970,15800,16720,631875.027743
2024-11-22T16:00:00,16720,16850,16460,16700,142791.857552
2024-11-22T20:00:00,16700,17320,16630,17290,248094.951096
2024-11-23T00:00:00,17300,17680,16900,17380,713722.393596
2024-11-23T04:00:00,17380,17870,17180,17690,492034.679952
2024-11-23T08:00:00,17720,17790,17210,17410,370567.973017
2024-11-23T12:00:00,17430,18140,17350,17900,757238.007973
2024-11-23T16:00:00,17900,18070,17000,17820,504806.601739
2024-11-23T20:00:00,17790,18200,17180,17720,350146.858421
2024-11-24T00:00:00,17740,18590,17620,18500,746975.729231
2024-11-24T04:00:00,18470,18520,17700,17900,836770.994495
2024-11-24T08:00:00,17900,17970,16510,16520,780816.020867
2024-11-24T12:00:00,16520,16750,15910,16120,763420.072671
2024-11-24T16:00:00,16120,16750,16000,16590,119890.471667
2024-11-24T20:00:00,16580,17520,16540,17460,459254.659961
2024-11-25T00:00:00,17390,17460,16390,16970,501006.006322
2024-11-25T04:00:00,16970,17310,16890,17210,308931.65793
2024-11-25T08:00:00,17210,17720,17100,17370,374946.415646
2024-11-25T12:00:00,17370,17650,16650,17530,656952.215293
2024-11-25T16:00:00,17530,17760,16670,16940,259226.42534
2024-11-25T20:00:00,16910,17120,16330,16510,329576.567095
2024-11-26T00:00:00,16500,16900,16350,16660,354542.631124
2024-11-26T04:00:00,16660,16770,16310,16390,288247.75156
2024-11-26T08:00:00,16380,16410,15230,15730,718044.433969
2024-11-26T12:00:00,15730,16330,15530,15990,324291.700595
2024-11-26T16:00:00,15990,16480,15890,16320,116169.252809
2024-11-26T20:00:00,16290,16820,16280,16800,148393.834223
2024-11-27T00:00:00,16800,16860,16360,16650,201205.17189
2024-11-27T04:00:00,16640,16860,16490,16780,187020.439765
2024-11-27T08:00:00,16780,17070,16620,16990,294092.983882
2024-11-27T12:00:00,16990,17200,16710,17090,256278.043572
2024-11-27T16:00:00,17090,17260,16930,17220,80793.30535
2024-11-27T20:00:00,17200,17650,17200,17570,219249.270935
2024-11-28T00:00:00,17570,18050,17430,18000,558032.843459
2024-11-28T04:00:00,17990,18200,17510,17570,382101.088968
2024-11-28T08:00:00,17560,17840,17250,17500,251586.850928
2024-11-28T12:00:00,17500,17630,17160,17160,160862.63485
2024-11-28T16:00:00,17210,17830,17170,17720,72940.663407
2024-11-28T20:00:00,17720,18050,17500,17780,132728.745394
2024-11-29T00:00:00,17780,17960,17570,17710,210602.0035
2024-11-29T04:00:00,17730,17870,17450,17570,153081.440726
2024-11-29T08:00:00,17560,18430,17530,18310,456069.201096
2024-11-29T12:00:00,18310,18430,17950,18080,365014.695677
2024-11-29T16:00:00,18080,18230,17950,18160,133866.452648
2024-11-29T20:00:00,18160,18450,18080,18290,163593.822427
2024-11-30T00:00:00,18340,18720,18150,18280,408107.422194
2024-11-30T04:00:00,18290,18380,17970,18190,283025.002993
2024-11-30T08:00:00,18180,18300,17860,17980,232130.066898
2024-11-30T12:00:00,18000,18450,17980,18430,169133.501498
2024-11-30T16:00:00,18430,18980,18410,18660,227557.873755
2024-11-30T20:00:00,18640,18740,18440,18550,133936.785233
2024-12-01T00:00:00,18550,18790,17930,18150,279575.173911
2024-12-01T04:00:00,18150,18650,18130,18620,139738.725612
2024-12-01T08:00:00,18620,18750,18430,18710,172925.764918
2024-12-01T12:00:00,18740,19310,18640,19120,299112.629293
2024-12-01T16:00:00,19150,19160,18540,18650,101865.564474
2024-12-01T20:00:00,18640,18660,18340,18480,183492.38519
2024-12-02T00:00:00,18480,18850,17900,17970,428537.222221
2024-12-02T04:00:00,17930,18360,17680,18140,322844.498516
2024-12-02T08:00:00,18140,18180,17220,17530,447205.358634
2024-12-02T12:00:00,17480,18310,17430,18190,297280.105635
2024-12-02T16:00:00,18180,18210,17500,17880,296539.789488
2024-12-02T20:00:00,17890,19240,17850,19170,521913.272918
2024-12-03T00:00:00,19170,20360,19060,19430,1291271.77513
2024-12-03T04:00:00,19430,19990,19200,19850,531726.022986
2024-12-03T08:00:00,19820,20250,19460,19850,494128.51199
2024-12-03T12:00:00,19840,20490,11270,19250,1826476.673244
2024-12-03T16:00:00,19250,19780,18760,19510,364874.120782
2024-12-03T20:00:00,19510,20660,19470,20290,402017.76305
2024-12-04T00:00:00,20290,20600,19840,20170,412916.579369
2024-12-04T04:00:00,20170,20450,19850,20350,235044.356437
2024-12-04T08:00:00,20370,20910,20220,20740,286556.354315
2024-12-04T12:00:00,20740,20840,20100,20400,386023.945221
2024-12-04T16:00:00,20400,20540,19240,20410,272532.020165
2024-12-04T20:00:00,20410,20630,19510,19940,294146.086927
2024-12-05T00:00:00,19900,20060,18300,18900,827807.792846
2024-12-05T04:00:00,18910,19840,18840,19710,258994.334361
2024-12-05T08:00:00,19690,19880,19440,19750,221109.304405
2024-12-05T12:00:00,19750,20250,19600,19970,441062.972936
2024-12-05T16:00:00,20000,20100,19350,19460,123940.336081
2024-12-05T20:00:00,19450,19640,18700,19330,287717.960727
2024-12-06T00:00:00,19330,20020,18990,19810,373810.607092
2024-12-06T04:00:00,19810,20200,19680,20190,301183.028702
2024-12-06T08:00:00,20190,20330,19350,20130,526825.217641
2024-12-06T12:00:00,20130,20500,19170,20240,630258.776779
2024-12-06T16:00:00,20240,20400,20070,20300,137336.960519
2024-12-06T20:00:00,20260,20540,20050,20510,181206.923271
2024-12-07T00:00:00,20490,21450,19910,21120,994664.592766
2024-12-07T04:00:00,21100,21250,20530,20730,443697.927194
2024-12-07T08:00:00,20730,21040,20560,20830,191687.74926
2024-12-07T12:00:00,20830,20940,20410,20480,143137.298601
2024-12-07T16:00:00,20490,20510,20070,20210,105010.817031
2024-12-07T20:00:00,20210,20470,20200,20280,74306.267252
2024-12-08T00:00:00,20290,20410,20100,20220,140481.581608
2024-12-08T04:00:00,20270,20320,19910,20270,173006.643055
2024-12-08T08:00:00,20230,20240,19710,20010,159055.706975
2024-12-08T12:00:00,20010,20410,19870,20350,94226.676463
2024-12-08T16:00:00,20340,20390,19880,20030,54759.752233
2024-12-08T20:00:00,20030,20340,19890,20220,55817.747942
2024-12-09T00:00:00,20220,20270,19390,19620,229187.61179
2024-12-09T04:00:00,19620,19860,19100,19430,214263.278384
2024-12-09T08:00:00,19390,19410,18420,18470,356146.059464
2024-12-09T12:00:00,18470,19230,18340,18740,211835.63051
2024-12-09T16:00:00,18740,18920,18590,18600,44035.537002
2024-12-09T20:00:00,18600,18660,15620,17070,895161.450086
2024-12-10T00:00:00,17070,17420,15700,16380,492814.517819
2024-12-10T04:00:00,16380,17020,16020,16820,198925.635227
2024-12-10T08:00:00,16800,17190,16560,16770,179872.593163
2024-12-10T12:00:00,16770,16810,15820,15820,244719.741374
2024-12-10T16:00:00,15820,16250,15430,16250,232622.198626
2024-12-10T20:00:00,16230,16730,16140,16670,97758.91414
2024-12-11T00:00:00,16660,16780,15800,16420,248478.159076
2024-12-11T04:00:00,16480,16730,16320,16330,98313.63928
2024-12-11T08:00:00,16360,17000,16320,16850,128330.794455
2024-12-11T12:00:00,16880,17960,16880,17900,371334.132211
2024-12-11T16:00:00,17890,18350,17800,18200,183644.03992
2024-12-11T20:00:00,18230,18360,18070,18250,102184.968072
2024-12-12T00:00:00,18230,20020,18210,19730,891350.414831
2024-12-12T04:00:00,19770,19850,19440,19770,316460.354862
2024-12-12T08:00:00,19770,20000,19270,19490,230053.899167
2024-12-12T12:00:00,19490,19690,19100,19400,185550.160967
2024-12-12T16:00:00,19430,19850,19130,19250,93470.000393
2024-12-12T20:00:00,19240,19640,19210,19560,100477.645035
2024-12-13T00:00:00,19560,20000,19240,19900,252397.510148
2024-12-13T04:00:00,19890,19910,19120,19630,210278.326983
2024-12-13T08:00:00,19630,20870,19520,20670,603796.375266
2024-12-13T12:00:00,20660,20800,20000,20330,652697.367658
2024-12-13T16:00:00,20330,20500,19870,20050,127609.60273
2024-12-13T20:00:00,20100,20380,19980,20240,99485.648258
2024-12-14T00:00:00,20250,21000,20190,20330,500483.859595
2024-12-14T04:00:00,20330,20360,19910,20130,212992.865572
2024-12-14T08:00:00,20180,20340,19900,19950,192695.991377
2024-12-14T12:00:00,19950,20010,19090,19570,318329.674782
2024-12-14T16:00:00,19570,19590,18960,19150,83640.167356
2024-12-14T20:00:00,19150,19430,18960,19300,82655.763588
2024-12-15T00:00:00,19310,19400,18990,19030,134174.135089
2024-12-15T04:00:00,19060,19300,18760,18920,127034.979654
2024-12-15T08:00:00,18940,19280,18890,19070,101401.769945
2024-12-15T12:00:00,19030,19730,19020,19470,160591.224488
2024-12-15T16:00:00,19470,19580,19200,19350,46310.750496
2024-12-15T20:00:00,19370,19660,19030,19500,101729.997673
2024-12-16T00:00:00,19520,20350,19360,19620,449686.256747
2024-12-16T04:00:00,19620,20050,19450,19930,290749.174675
2024-12-16T08:00:00,19940,19990,19120,19220,303459.374518
2024-12-16T12:00:00,19220,20000,19190,19830,367458.904315
2024-12-16T16:00:00,19860,20320,19540,20210,175942.411922
2024-12-16T20:00:00,20250,20460,20010,20140,228995.170588
2024-12-17T00:00:00,20160,20600,19520,20550,534885.336328
2024-12-17T04:00:00,20540,20910,20220,20440,905691.132722
2024-12-17T08:00:00,20440,20580,19990,20150,402506.316636
2024-12-17T12:00:00,20130,20180,19200,19300,352339.727815
2024-12-17T16:00:00,19310,19500,19010,19240,155496.120062
2024-12-17T20:00:00,19250,19550,18620,18940,323301.924912
2024-12-18T00:00:00,18910,19070,18490,18750,313611.651257
2024-12-18T04:00:00,18770,18790,18220,18460,292028.703994
2024-12-18T08:00:00,18460,19050,18350,19020,145591.133284
2024-12-18T12:00:00,19000,19070,18510,18950,167016.103514
2024-12-18T16:00:00,18980,19140,18500,18560,129298.404458
2024-12-18T20:00:00,18530,18640,17380,17410,393228.006595
2024-12-19T00:00:00,17410,18200,16880,18170,383521.007269
2024-12-19T04:00:00,18170,18180,17740,17900,108332.464807
2024-12-19T08:00:00,17850,18770,17730,18690,138127.335817
2024-12-19T12:00:00,18690,18920,18160,18470,249213.600548
2024-12-19T16:00:00,18440,18640,17210,17730,253952.965148
2024-12-19T20:00:00,17730,17990,16980,17200,370526.903989
2024-12-20T00:00:00,17190,17920,16770,17610,315954.450517
2024-12-20T04:00:00,17650,17730,16830,17040,243723.310281
2024-12-20T08:00:00,17020,17070,15130,15200,748327.355792
2024-12-20T12:00:00,15220,16410,15100,16110,647863.965301
2024-12-20T16:00:00,16110,16430,15920,16260,508811.381862
2024-12-20T20:00:00,16260,16650,15760,16490,842158.581717
2024-12-21T00:00:00,16480,16550,15200,15430,1778241.531796
2024-12-21T04:00:00,15430,16870,15410,16640,1290935.144073
2024-12-21T08:00:00,16640,16680,15800,15950,763617.75828
2024-12-21T12:00:00,15960,15980,14700,14990,2063125.06333
2024-12-21T16:00:00,15000,15010,14120,14450,1105077.277363
2024-12-21T20:00:00,14450,14660,14150,14500,870849.425947
2024-12-22T00:00:00,14500,14570,13910,14170,1027750.797472
2024-12-22T04:00:00,14190,14310,13780,14290,560448.347468
2024-12-22T08:00:00,14290,14630,14240,14310,458699.785429
2024-12-22T12:00:00,14310,14450,13910,14010,537057.824055
2024-12-22T16:00:00,14010,14280,13830,13860,182177.283081
2024-12-22T20:00:00,13880,14280,13750,14050,303540.185963
2024-12-23T00:00:00,14050,14270,13500,14250,715214.591151
2024-12-23T04:00:00,14250,14310,13660,13790,369444.549967
2024-12-23T08:00:00,13790,14160,13720,13880,269467.438398
2024-12-23T12:00:00,13880,14030,13680,13690,348449.280993
2024-12-23T16:00:00,13700,14320,13690,14190,221600.203982
2024-12-23T20:00:00,14190,14790,14190,14590,656239.849982
2024-12-24T00:00:00,14610,14610,14000,14250,384736.056489
2024-12-24T04:00:00,14250,14450,14120,14190,508334.165612
2024-12-24T08:00:00,14190,14230,14000,14210,352850.569921
2024-12-24T12:00:00,14210,14860,14100,14740,616632.161925
2024-12-24T16:00:00,14750,14850,14360,14360,267445.18737
2024-12-24T20:00:00,14370,14650,14210,14610,243048.510963
2024-12-25T00:00:00,14610,14750,14420,14430,584355.496028
2024-12-25T04:00:00,14450,14740,14380,14390,383739.158335
2024-12-25T08:00:00,14390,14740,14270,14300,308723.831569
2024-12-25T12:00:00,14290,14650,14210,14430,295404.100549
2024-12-25T16:00:00,14430,14490,14220,14440,170790.806618
2024-12-25T20:00:00,14440,14490,14170,14240,212683.31662
2024-12-26T00:00:00,14220,14390,13950,13980,399012.586746
2024-12-26T04:00:00,14000,14000,13710,13780,346315.792574
2024-12-26T08:00:00,13790,13790,13410,13520,399437.399738
2024-12-26T12:00:00,13520,13580,13320,13490,270093.371897
2024-12-26T16:00:00,13500,13680,13400,13490,60615.0959
2024-12-26T20:00:00,13500,13520,13220,13280,180182.036481
2024-12-27T00:00:00,13280,13700,13090,13540,379395.476754
2024-12-27T04:00:00,13540,13670,13260,13440,216517.211638
2024-12-27T08:00:00,13440,13930,13440,13740,237060.199415
2024-12-27T12:00:00,13750,13770,13150,13210,288949.294476
2024-12-27T16:00:00,13240,13540,13100,13290,109968.578148
2024-12-27T20:00:00,13290,13320,13050,13180,187658.574891
2024-12-28T00:00:00,13180,13230,12950,13150,227197.092791
2024-12-28T04:00:00,13150,13210,13000,13050,123808.067665
2024-12-28T08:00:00,13060,13540,13050,13510,195089.02691
2024-12-28T12:00:00,13510,13700,13390,13530,217364.426781
2024-12-28T16:00:00,13530,13760,13500,13620,79829.443748
2024-12-28T20:00:00,13630,13840,13580,13720,94829.176623
2024-12-29T00:00:00,13720,13740,13520,13690,143198.722706
2024-12-29T04:00:00,13690,13770,13550,13770,84232.764143
2024-12-29T08:00:00,13770,13780,13500,13500,127580.885619
2024-12-29T12:00:00,13530,13680,13390,13580,144991.846049
2024-12-29T16:00:00,13580,13580,13340,13380,125269.414428
2024-12-29T20:00:00,13380,13470,13080,13240,119606.658054
2024-12-30T00:00:00,13240,13680,13170,13550,166906.67775
2024-12-30T04:00:00,13570,13780,13340,13560,195785.793217
2024-12-30T08:00:00,13560,13670,13220,13400,114700.046248
2024-12-30T12:00:00,13380,13530,12980,13040,247898.383205
2024-12-30T16:00:00,13060,13470,12910,13440,108501.660268
2024-12-30T20:00:00,13440,13530,13030,13180,75895.958443
2024-12-31T00:00:00,13190,13220,12860,12920,166286.461141
2024-12-31T04:00:00,12920,13010,12770,12910,133036.566878
2024-12-31T08:00:00,12910,13320,12900,13130,172796.924977
2024-12-31T12:00:00,13120,13440,13070,13230,221905.129185
2024-12-31T16:00:00,13250,13270,13100,13210,16009.733354
2024-12-31T20:00:00,13190,13190,12910,13010,60722.887185
2025-01-01T00:00:00,12990,13150,12950,13020,109981.401109
2025-01-01T04:00:00,13020,13050,12960,13000,57129.157895
2025-01-01T08:00:00,12980,13010,12620,12790,222773.386463
2025-01-01T12:00:00,12790,13160,12750,13160,151205.457455
2025-01-01T16:00:00,13160,13310,13030,13250,96473.43212
2025-01-01T20:00:00,13250,13480,13250,13460,101034.82464
2025-01-02T00:00:00,13460,13730,13430,13700,233902.848859
2025-01-02T04:00:00,13700,13820,13470,13700,144241.033335
2025-01-02T08:00:00,13700,13960,13590,13890,190340.89844
2025-01-02T12:00:00,13900,13980,13690,13760,167108.814907
2025-01-02T16:00:00,13780,13870,13680,13730,39517.79653
2025-01-02T20:00:00,13730,13820,13680,13800,25380.548293
2025-01-03T00:00:00,13810,13930,13560,13760,135633.990518
2025-01-03T04:00:00,13770,13780,13590,13610,56782.823227
2025-01-03T08:00:00,13650,14090,13620,14050,125501.493798
2025-01-03T12:00:00,14050,14440,14020,14420,204498.548582
2025-01-03T16:00:00,14420,14570,14330,14530,136126.680269
2025-01-03T20:00:00,14530,14530,14310,14450,93429.905772
2025-01-04T00:00:00,14420,14480,14200,14400,137356.863996
2025-01-04T04:00:00,14400,14700,14280,14530,159066.655539
2025-01-04T08:00:00,14530,14530,14270,14500,114238.755396
2025-01-04T12:00:00,14510,14740,14290,14390,218649.505127
2025-01-04T16:00:00,14390,14590,14340,14590,31378.655485
2025-01-04T20:00:00,14590,14850,14210,14700,163628.456674
2025-01-05T00:00:00,14710,14790,14430,14580,154097.98475
2025-01-05T04:00:00,14580,14750,14510,14560,83469.478284
2025-01-05T08:00:00,14570,14600,14330,14500,111489.333447
2025-01-05T12:00:00,14500,14630,14340,14570,99799.505114
2025-01-05T16:00:00,14530,14710,14480,14710,45709.754827
2025-01-05T20:00:00,14710,14950,14640,14850,136384.406555
2025-01-06T00:00:00,14840,14930,14520,14900,210057.246484
2025-01-06T04:00:00,14900,14930,14620,14690,160296.67953
2025-01-06T08:00:00,14690,14720,14480,14660,123129.634728
2025-01-06T12:00:00,14660,14940,14520,14920,282592.449428
2025-01-06T16:00:00,14920,15100,14630,14830,153974.734518
2025-01-06T20:00:00,14790,14960,14700,14950,98197.763025
2025-01-07T00:00:00,14950,15190,14840,15040,319142.198052
2025-01-07T04:00:00,15050,15360,14830,15080,192099.199988
2025-01-07T08:00:00,15080,15360,14970,15310,239825.0216
2025-01-07T12:00:00,15320,15650,14570,14810,1232619.156445
2025-01-07T16:00:00,14810,14960,14320,14430,238874.965199
2025-01-07T20:00:00,14430,14620,14190,14410,198502.856721
2025-01-08T00:00:00,14400,14480,13910,14060,336161.158508
2025-01-08T04:00:00,14050,14110,13480,13760,320028.602391
2025-01-08T08:00:00,13750,14090,13710,13720,98762.427145
2025-01-08T12:00:00,13720,13860,13490,13630,190800.823774
2025-01-08T16:00:00,13630,13660,13150,13430,176389.486348
2025-01-08T20:00:00,13430,13610,13280,13490,113406.946552
2025-01-09T00:00:00,13490,13670,13290,13310,201540.325001
2025-01-09T04:00:00,13310,13370,12960,13030,235048.737583
2025-01-09T08:00:00,13020,13290,12970,13200,151526.359735
2025-01-09T12:00:00,13200,13420,12910,13320,162330.153209
2025-01-09T16:00:00,13320,13400,12940,12990,46181.800832
2025-01-09T20:00:00,13000,13160,12880,13080,70881.932358
2025-01-10T00:00:00,13080,13340,13080,13230,129648.979973
2025-01-10T04:00:00,13230,13580,13100,13540,115097.137567
2025-01-10T08:00:00,13520,13870,13470,13680,115369.910408
2025-01-10T12:00:00,13670,13840,13340,13610,245797.201377
2025-01-10T16:00:00,13610,13890,13390,13860,47410.446699
2025-01-10T20:00:00,13850,13900,13700,13750,54865.440351
2025-01-11T00:00:00,13750,13880,13410,13470,87648.962594
2025-01-11T04:00:00,13470,13540,13380,13420,58955.64685
2025-01-11T08:00:00,13450,13540,13350,13530,65839.656484
2025-01-11T12:00:00,13540,13650,13340,13540,54047.862738
2025-01-11T16:00:00,13550,13690,13450,13480,21760.880034
2025-01-11T20:00:00,13510,13850,13450,13650,56630.954029
2025-01-12T00:00:00,13650,13720,13420,13490,73150.968208
2025-01-12T04:00:00,13500,13560,13350,13420,49153.76051
2025-01-12T08:00:00,13420,13450,13310,13450,51777.726984
2025-01-12T12:00:00,13450,13700,13360,13640,50429.826594
2025-01-12T16:00:00,13640,13680,13490,13500,13648.553706
2025-01-12T20:00:00,13530,13560,13150,13280,51728.948478
2025-01-13T00:00:00,13280,13600,12830,12900,163273.176121
2025-01-13T04:00:00,12880,13070,12640,12730,138679.297492
2025-01-13T08:00:00,12750,12760,12370,12390,160562.092055
2025-01-13T12:00:00,12380,12760,12180,12570,203679.299648
2025-01-13T16:00:00,12570,12580,12170,12330,87392.154278
2025-01-13T20:00:00,12310,12810,12210,12750,72695.062704
2025-01-14T00:00:00,12740,12860,12620,12770,60206.793663
2025-01-14T04:00:00,12790,12940,12760,12810,51331.373058
2025-01-14T08:00:00,12800,13320,12800,13150,165645.246247
2025-01-14T12:00:00,13140,13200,12920,12990,81042.866448
2025-01-14T16:00:00,12990,13220,12910,13130,35906.404941
2025-01-14T20:00:00,13140,13520,13040,13410,69557.021934
2025-01-15T00:00:00,13410,13520,13260,13430,95518.581477
2025-01-15T04:00:00,13440,13500,13260,13410,32624.476212
2025-01-15T08:00:00,13420,13490,12960,13060,66729.237017
2025-01-15T12:00:00,13070,13880,12940,13710,238667.846187
2025-01-15T16:00:00,13720,13790,13490,13710,35399.989124
2025-01-15T20:00:00,13720,13950,13630,13890,68120.550482
2025-01-16T00:00:00,13880,13920,13510,13720,102373.767304
2025-01-16T04:00:00,13760,13800,13670,13710,35634.606243
2025-01-16T08:00:00,13710,13760,13420,13750,75214.874073
2025-01-16T12:00:00,13740,13970,13350,13650,160156.398382
2025-01-16T16:00:00,13650,13830,13620,13760,53191.125024
2025-01-16T20:00:00,13800,13870,13440,13570,48160.595253
2025-01-17T00:00:00,13570,14150,13570,14090,157719.111917
2025-01-17T04:00:00,14100,14240,13930,13960,96085.43542
2025-01-17T08:00:00,13970,14320,13960,14220,114544.666079
2025-01-17T12:00:00,14220,14330,14100,14300,122289.294168
2025-01-17T16:00:00,14310,14390,14140,14210,46632.103664
2025-01-17T20:00:00,14210,14420,14170,14290,53438.34267
2025-01-18T00:00:00,14300,14560,13950,14020,200238.614539
2025-01-18T04:00:00,14020,14080,13630,13700,129762.233525
2025-01-18T08:00:00,13680,13860,13520,13840,130154.283621
2025-01-18T12:00:00,13830,13960,13650,13820,91040.140358
2025-01-18T16:00:00,13830,13970,13640,13840,59176.396254
2025-01-18T20:00:00,13870,13930,13650,13900,25910.629229
2025-01-19T00:00:00,13900,14110,13830,13930,96511.098474
2025-01-19T04:00:00,13910,14300,13830,13980,303534.77807
2025-01-19T08:00:00,13980,13980,13240,13320,260725.302237
2025-01-19T12:00:00,13320,14390,13240,14010,268926.544159
2025-01-19T16:00:00,14040,14270,13870,14120,55507.877765
2025-01-19T20:00:00,14140,14180,12790,12970,286954.21739
2025-01-20T00:00:00,12970,13090,12580,12720,299492.647848
2025-01-20T04:00:00,12720,13900,12580,13510,259174.82108
2025-01-20T08:00:00,13500,13650,13110,13270,153077.631812
2025-01-20T12:00:00,13270,13280,12800,13090,204591.507812
2025-01-20T16:00:00,13140,13220,12600,12940,166595.047235
2025-01-20T20:00:00,12910,12960,12490,12820,104927.731266
2025-01-21T00:00:00,12820,12900,12520,12560,117098.895108
2025-01-21T04:00:00,12560,12570,12330,12410,98587.755405
2025-01-21T08:00:00,12420,12700,12260,12660,123432.592797
2025-01-21T12:00:00,12650,12780,12550,12670,80360.038134
2025-01-21T16:00:00,12660,13110,12660,13020,58812.560966
2025-01-21T20:00:00,13000,13120,12880,12960,42684.021958
2025-01-22T00:00:00,12980,13310,12940,13180,95779.128339
2025-01-22T04:00:00,13180,13240,12850,12860,61264.004964
2025-01-22T08:00:00,12860,12990,12760,12990,48119.490085
2025-01-22T12:00:00,12970,13000,12680,12770,54917.142234
2025-01-22T16:00:00,12760,12900,12690,12740,22584.905322
2025-01-22T20:00:00,12730,12810,12620,12690,35933.910543
2025-01-23T00:00:00,12690,12710,12410,12520,66142.366336
2025-01-23T04:00:00,12520,12560,12360,12510,42673.758103
2025-01-23T08:00:00,12500,12520,12330,12450,50462.007842
2025-01-23T12:00:00,12450,12730,12320,12630,58046.696074
2025-01-23T16:00:00,12630,12770,12290,12310,30055.006952
2025-01-23T20:00:00,12310,12580,12170,12440,91536.209699
2025-01-24T00:00:00,12440,12500,12000,12180,131263.52727
2025-01-24T04:00:00,12170,12600,12080,12430,69315.247386
2025-01-24T08:00:00,12440,12740,12390,12680,61066.922644
2025-01-24T12:00:00,12690,12770,12530,12650,47392.368891
2025-01-24T16:00:00,12680,12760,12500,12510,21982.649553
2025-01-24T20:00:00,12550,12580,12240,12330,32877.138184
2025-01-25T00:00:00,12320,12370,12120,12290,71135.477273
2025-01-25T04:00:00,12280,12300,12120,12190,68395.482681
2025-01-25T08:00:00,12190,12280,12140,12240,26644.478565
2025-01-25T12:00:00,12280,12320,12130,12280,59907.006656
2025-01-25T16:00:00,12260,12380,12200,12300,14107.398225
2025-01-25T20:00:00,12300,12370,12140,12150,50790.963342
2025-01-26T00:00:00,12170,12380,12120,12350,65794.395677
2025-01-26T04:00:00,12350,12640,12330,12430,57134.48801
2025-01-26T08:00:00,12430,12500,12230,12310,35042.330287
2025-01-26T12:00:00,12310,12350,12270,12300,37139.39621
2025-01-26T16:00:00,12300,12400,12260,12340,10805.317435
2025-01-26T20:00:00,12340,12350,11900,11950,89333.612561
2025-01-27T00:00:00,11940,11940,11200,11290,362055.797027
2025-01-27T04:00:00,11290,11310,10650,11000,291795.689009
2025-01-27T08:00:00,10990,11020,10730,10900,171440.960682
2025-01-27T12:00:00,10900,11440,10890,11390,147268.342509
2025-01-27T16:00:00,11390,11410,11120,11280,43932.542924
2025-01-27T20:00:00,11280,11750,11280,11570,58889.780722
2025-01-28T00:00:00,11570,11680,11370,11590,53464.387864
2025-01-28T04:00:00,11590,11750,11580,11640,52870.42407
2025-01-28T08:00:00,11640,11660,11500,11550,29239.0716
2025-01-28T12:00:00,11540,11630,11360,11490,66847.02382
2025-01-28T16:00:00,11510,11510,11240,11310,81528.981264
2025-01-28T20:00:00,11330,11360,11000,11100,72669.964437
2025-01-29T00:00:00,11100,11320,10990,11280,43478.428468
2025-01-29T04:00:00,11270,11470,11230,11420,26465.196153
2025-01-29T08:00:00,11420,11460,11270,11330,39722.317139
2025-01-29T12:00:00,11360,11480,11110,11210,64842.195988
2025-01-29T16:00:00,11180,11550,11110,11410,51183.256128
2025-01-29T20:00:00,11430,11680,11310,11400,78640.731543
2025-01-30T00:00:00,11400,11620,11320,11570,69929.29966
2025-01-30T04:00:00,11580,11620,11420,11500,106360.927369
2025-01-30T08:00:00,11510,11660,11430,11660,87918.25102
2025-01-30T12:00:00,11660,11940,11570,11850,125536.356187
2025-01-30T16:00:00,11870,12130,11850,11940,80906.95349
2025-01-30T20:00:00,11920,12050,11800,11800,164181.94806
2025-01-31T00:00:00,11830,11990,11680,11750,117298.872947
2025-01-31T04:00:00,11750,12280,11670,12150,149561.808774
2025-01-31T08:00:00,12130,12470,11930,12290,152668.826223
2025-01-31T12:00:00,12300,12670,12210,12650,147764.53878
2025-01-31T16:00:00,12650,12830,12070,12130,142956.860707
2025-01-31T20:00:00,12120,12130,11910,11940,85377.109888
2025-02-01T00:00:00,11940,12030,11770,11820,99323.497627
2025-02-01T04:00:00,11820,11850,11650,11670,80879.435436
2025-02-01T08:00:00,11670,11690,11330,11430,242093.264785
2025-02-01T12:00:00,11410,11530,11270,11420,227991.875216
2025-02-01T16:00:00,11420,11470,11200,11250,74347.049477
2025-02-01T20:00:00,11250,11330,10910,11040,151715.303915
2025-02-02T00:00:00,11060,11200,10750,10770,165708.86999
2025-02-02T04:00:00,10770,11080,10760,10880,83344.16031
2025-02-02T08:00:00,10900,11090,10800,10850,79350.046218
2025-02-02T12:00:00,10830,11030,10710,10810,85299.63734
2025-02-02T16:00:00,10800,10800,9930,10120,311416.479242
2025-02-02T20:00:00,10130,10170,9359,9713,298336.228552
2025-02-03T00:00:00,9713,9717,7990,8407,857621.228128
2025-02-03T04:00:00,8407,9388,8241,9270,312298.290461
2025-02-03T08:00:00,9258,9355,8890,9092,145623.313802
2025-02-03T12:00:00,9110,9810,8872,9693,353111.367222
2025-02-03T16:00:00,9675,9915,9562,9891,140907.357741
2025-02-03T20:00:00,9881,10240,9649,10160,199505.397619
2025-02-04T00:00:00,10160,10300,9716,9748,199704.367156
2025-02-04T04:00:00,9787,9814,9147,9167,274169.687813
2025-02-04T08:00:00,9171,9671,9145,9529,108131.883499
2025-02-04T12:00:00,9531,9880,9531,9687,166584.899103
2025-02-04T16:00:00,9664,9916,9510,9510,76241.041442
2025-02-04T20:00:00,9529,9647,9230,9564,135612.112828
2025-02-05T00:00:00,9562,9697,9445,9602,82147.41953
2025-02-05T04:00:00,9602,9744,9483,9546,63272.306086
2025-02-05T08:00:00,9543,9755,9499,9725,53593.284771
2025-02-05T12:00:00,9724,9770,9509,9569,57181.272356
2025-02-05T16:00:00,9616,9623,9234,9528,50109.974546
2025-02-05T20:00:00,9510,9526,9232,9340,33503.418012
2025-02-06T00:00:00,9348,9463,9246,9389,39319.701669
2025-02-06T04:00:00,9389,9549,9354,9411,39428.259732
2025-02-06T08:00:00,9417,9506,9273,9359,48122.150703
2025-02-06T12:00:00,9374,9374,8911,8980,137774.877443
2025-02-06T16:00:00,8980,9122,8862,8956,66122.975974
2025-02-06T20:00:00,8962,9100,8903,8985,33084.386593
2025-02-07T00:00:00,8983,9320,8933,9167,86611.057048
2025-02-07T04:00:00,9159,9162,8789,8790,84594.242305
2025-02-07T08:00:00,8790,9105,8760,9103,60950.983598
2025-02-07T12:00:00,9103,9606,9004,9263,163647.271109
2025-02-07T16:00:00,9263,9274,8939,8963,35950.933856
2025-02-07T20:00:00,8964,8964,8606,8861,94807.206044
2025-02-08T00:00:00,8840,8942,8700,8715,74692.516396
2025-02-08T04:00:00,8733,8738,8530,8653,98659.776307
2025-02-08T08:00:00,8653,8744,8558,8667,36533.484458
2025-02-08T12:00:00,8657,8888,8575,8750,33985.471388
2025-02-08T16:00:00,8750,9010,8688,8990,34911.441166
2025-02-08T20:00:00,8990,9081,8902,9018,48816.423067
2025-02-09T00:00:00,9026,9192,8900,9172,76626.588017
2025-02-09T04:00:00,9172,9172,8976,9036,63681.623097
2025-02-09T08:00:00,9050,9120,9019,9019,45083.201557
2025-02-09T12:00:00,9018,9061,8800,9051,62391.545513
2025-02-09T16:00:00,9051,9123,8925,8935,10058.138748
2025-02-09T20:00:00,8956,9075,8652,9055,56403.198116
2025-02-10T00:00:00,9051,9327,8672,8995,147444.144983
2025-02-10T04:00:00,9011,9312,8972,9224,91263.965351
2025-02-10T08:00:00,9212,9637,9193,9429,162036.633522
2025-02-10T12:00:00,9402,9670,9235,9418,108645.320519
2025-02-10T16:00:00,9432,9550,9361,9383,34265.693519
2025-02-10T20:00:00,9366,9471,9283,9390,34575.419682
2025-02-11T00:00:00,9390,9666,9374,9538,87143.436512
2025-02-11T04:00:00,9538,9644,9322,9544,110683.708838
2025-02-11T08:00:00,9569,9600,9232,9306,118592.543669
2025-02-11T12:00:00,9306,9306,8900,9045,250307.462329
2025-02-11T16:00:00,9045,9137,8885,8911,45093.390416
2025-02-11T20:00:00,8903,9078,8894,8970,88880.474126
2025-02-12T00:00:00,8970,9145,8882,8950,118661.812923
2025-02-12T04:00:00,8950,9008,8869,8914,73413.603049
2025-02-12T08:00:00,8971,9161,8922,9085,68166.316616
2025-02-12T12:00:00,9100,9280,8751,8977,256185.922662
2025-02-12T16:00:00,8977,9274,8880,9090,83439.402825
2025-02-12T20:00:00,9119,9426,9051,9318,81046.464269
2025-02-13T00:00:00,9317,9529,9218,9450,118765.301044
2025-02-13T04:00:00,9450,9451,9195,9212,68901.713531
2025-02-13T08:00:00,9214,9400,9193,9323,77589.518698
2025-02-13T12:00:00,9323,9353,9030,9179,98881.211531
2025-02-13T16:00:00,9167,9317,9070,9216,40505.895284
2025-02-13T20:00:00,9211,9350,9211,9266,23714.607778
2025-02-14T00:00:00,9269,9419,9158,9402,55300.012101
2025-02-14T04:00:00,9382,9399,9258,9305,20713.185723
2025-02-14T08:00:00,9300,9490,9241,9279,122399.61092
2025-02-14T12:00:00,9266,9429,9113,9252,125655.313519
2025-02-14T16:00:00,9252,9403,9115,9261,78971.80063
2025-02-14T20:00:00,9261,9322,9100,9180,108344.216602
2025-02-15T00:00:00,9180,9297,9078,9283,69664.339933
2025-02-15T04:00:00,9283,9429,9230,9258,87299.80451
2025-02-15T08:00:00,9256,9277,9101,9128,39494.195635
2025-02-15T12:00:00,9118,9250,9001,9018,66619.243554
2025-02-15T16:00:00,9014,9340,9005,9094,41433.146792
2025-02-15T20:00:00,9094,9160,9052,9077,8292.595074
2025-02-16T00:00:00,9091,9133,8925,8980,45168.54489
2025-02-16T04:00:00,8985,9064,8881,8890,41753.967814
2025-02-16T08:00:00,8892,9034,8873,9033,86529.997505
2025-02-16T12:00:00,9033,9040,8834,8908,64037.206855
2025-02-16T16:00:00,8908,8935,8730,8825,34211.822625
2025-02-16T20:00:00,8815,8855,8735,8818,84518.762638
2025-02-17T00:00:00,8799,8930,8780,8928,125939.807394
2025-02-17T04:00:00,8906,8930,8705,8807,106536.487957
2025-02-17T08:00:00,8807,9217,8788,9094,98771.961266
2025-02-17T12:00:00,9098,9250,9049,9064,99033.463275
2025-02-17T16:00:00,9064,9140,8777,8960,44945.739448
2025-02-17T20:00:00,8958,9131,8867,8940,32550.155879
2025-02-18T00:00:00,8941,8968,8795,8847,52966.561149
2025-02-18T04:00:00,8856,8920,8290,8389,249708.053343
2025-02-18T08:00:00,8389,8480,8280,8420,79558.516841
2025-02-18T12:00:00,8410,8546,8195,8224,136423.105298
2025-02-18T16:00:00,8241,8366,8080,8326,124133.014476
2025-02-18T20:00:00,8326,8481,8268,8462,70385.857761
2025-02-19T00:00:00,8462,8808,8380,8707,150389.475294
2025-02-19T04:00:00,8701,9376,8618,9230,915425.344671
2025-02-19T08:00:00,9230,9763,9211,9647,2151130.445984
2025-02-19T12:00:00,9663,9930,9509,9604,2097399.329746
2025-02-19T16:00:00,9608,9830,9546,9583,369081.96481
2025-02-19T20:00:00,9591,9692,9318,9455,540329.649414
2025-02-20T00:00:00,9454,10050,9358,9990,1405113.010767
2025-02-20T04:00:00,9989,10470,9708,9746,2275509.250891
2025-02-20T08:00:00,9746,9945,9592,9770,845028.22852
2025-02-20T12:00:00,9770,9770,9174,9179,789614.975191
2025-02-20T16:00:00,9179,9462,9130,9311,257944.002166
2025-02-20T20:00:00,9315,9448,9226,9375,302883.902215
2025-02-21T00:00:00,9375,9528,9200,9383,673179.368743
2025-02-21T04:00:00,9384,9515,9332,9362,442460.199695
2025-02-21T08:00:00,9371,9565,9315,9363,221194.856932
2025-02-21T12:00:00,9379,9466,8950,9097,319826.997269
2025-02-21T16:00:00,9097,9296,8770,8803,254012.707533
2025-02-21T20:00:00,8803,9035,8782,8887,98548.866357
2025-02-22T00:00:00,8888,8960,8750,8799,239309.017015
2025-02-22T04:00:00,8797,9023,8777,8944,102916.605845
2025-02-22T08:00:00,8944,8969,8750,8922,73558.256008
2025-02-22T12:00:00,8918,8989,8845,8965,54267.972503
2025-02-22T16:00:00,8965,9059,8927,8930,50690.46724
2025-02-22T20:00:00,8926,8966,8874,8877,28075.796582
2025-02-23T00:00:00,8877,9080,8839,8862,153548.120273
2025-02-23T04:00:00,8851,9165,8784,9130,126091.076925
2025-02-23T08:00:00,9126,9160,9004,9026,84285.917467
2025-02-23T12:00:00,9033,9111,8913,8942,102523.309037
2025-02-23T16:00:00,8939,9060,8917,8956,22875.312818
2025-02-23T20:00:00,8956,9020,8882,8984,75545.829932
2025-02-24T00:00:00,8980,9026,8421,8472,341365.54388
2025-02-24T04:00:00,8472,8550,8367,8470,136877.264435
2025-02-24T08:00:00,8469,8519,8328,8461,122299.028936
2025-02-24T12:00:00,8461,8565,8210,8296,212278.149643
2025-02-24T16:00:00,8297,8380,8080,8173,143306.478253
2025-02-24T20:00:00,8173,8320,7681,7800,441993.028919
2025-02-25T00:00:00,7801,8040,7600,7756,252354.035335
2025-02-25T04:00:00,7757,7875,7305,7580,470377.250697
2025-02-25T08:00:00,7571,7900,7451,7861,272195.327445
2025-02-25T12:00:00,7863,8050,7656,7966,222210.314109
2025-02-25T16:00:00,7964,8263,7930,8253,124835.770036
2025-02-25T20:00:00,8253,8390,8212,8227,188685.310491
2025-02-26T00:00:00,8227,8227,8001,8100,103144.599434
2025-02-26T04:00:00,8100,8239,8084,8185,58839.608276
2025-02-26T08:00:00,8174,8330,8098,8198,71891.508578
2025-02-26T12:00:00,8191,8411,8030,8389,120436.526924
2025-02-26T16:00:00,8389,8523,8163,8302,118444.28161
2025-02-26T20:00:00,8302,8675,8302,8610,183906.213362
2025-02-27T00:00:00,8617,9443,8584,9116,522497.978307
2025-02-27T04:00:00,9115,9443,8826,8975,735771.126882
2025-02-27T08:00:00,8972,9058,8890,8931,141161.260539
2025-02-27T12:00:00,8940,9214,8921,9110,258184.555691
2025-02-27T16:00:00,9110,9133,8910,8935,54828.993481
2025-02-27T20:00:00,8923,9029,8854,9028,118486.68087
2025-02-28T00:00:00,9028,9063,8525,8549,346493.199569
2025-02-28T04:00:00,8549,8620,8371,8495,225929.778489
2025-02-28T08:00:00,8473,8852,8380,8769,169730.995874
2025-02-28T12:00:00,8788,9334,8681,9179,298262.50288
2025-02-28T16:00:00,9165,9546,9131,9456,175767.233226
2025-02-28T20:00:00,9451,9583,9340,9537,114731.241504
2025-03-01T00:00:00,9536,9610,9375,9533,170950.250172
2025-03-01T04:00:00,9547,9629,9439,9502,101189.163179
2025-03-01T08:00:00,9504,9836,9501,9683,152937.765432
2025-03-01T12:00:00,9687,9722,9373,9529,121580.38678
2025-03-01T16:00:00,9502,9583,9433,9490,37701.884162
2025-03-01T20:00:00,9489,9600,9280,9393,63786.861232
2025-03-02T00:00:00,9393,9397,9253,9283,81241.18791
2025-03-02T04:00:00,9295,9357,9235,9260,38678.364592
2025-03-02T08:00:00,9254,9372,9211,9276,41762.525138
2025-03-02T12:00:00,9276,9628,9191,9383,157647.919499
2025-03-02T16:00:00,9403,10080,9358,9882,668859.767303
2025-03-02T20:00:00,9883,10200,9763,10180,198031.637521
2025-03-03T00:00:00,10190,10210,9500,9584,222681.768018
2025-03-03T04:00:00,9584,9630,9200,9579,155416.97112
2025-03-03T08:00:00,9549,9597,9382,9500,77385.156696
2025-03-03T12:00:00,9500,9703,9366,9366,131269.060074
2025-03-03T16:00:00,9365,9442,8742,8790,125069.927155
2025-03-03T20:00:00,8790,8856,8449,8645,165534.581443
2025-03-04T00:00:00,8645,8730,8044,8314,201649.766773
2025-03-04T04:00:00,8306,8350,8161,8235,75550.793504
2025-03-04T08:00:00,8230,8313,8117,8195,62102.023263
2025-03-04T12:00:00,8196,8401,7910,8083,175413.476767
2025-03-04T16:00:00,8084,8311,7640,8271,174063.962051
2025-03-04T20:00:00,8271,8382,8087,8150,84790.46566
2025-03-05T00:00:00,8166,8457,8067,8164,124530.723124
2025-03-05T04:00:00,8180,8273,8122,8258,69803.872508
2025-03-05T08:00:00,8258,8988,8258,8744,422615.859037
2025-03-05T12:00:00,8762,8939,8620,8828,159957.033346
2025-03-05T16:00:00,8847,9620,8731,9471,355605.399811
2025-03-05T20:00:00,9471,9762,9145,9239,352777.325105
2025-03-06T00:00:00,9238,9391,9105,9284,180526.930407
2025-03-06T04:00:00,9301,9349,9148,9190,109261.547983
2025-03-06T08:00:00,9174,9311,9128,9251,83360.480443
2025-03-06T12:00:00,9283,9285,8962,9082,112684.205326
2025-03-06T16:00:00,9105,9132,8832,8900,40417.484843
2025-03-06T20:00:00,8886,9056,8855,8917,56365.157209
2025-03-07T00:00:00,8917,9315,8717,8998,484433.140373
2025-03-07T04:00:00,8998,9306,8968,9085,149591.697707
2025-03-07T08:00:00,9090,9268,9027,9238,80105.692315
2025-03-07T12:00:00,9239,9419,9123,9218,170361.237946
2025-03-07T16:00:00,9218,9498,9056,9308,197993.92696
2025-03-07T20:00:00,9308,9520,9193,9205,119464.057892
2025-03-08T00:00:00,9221,9287,9010,9046,85768.131683
2025-03-08T04:00:00,9046,9124,8947,8950,31377.213561
2025-03-08T08:00:00,8942,8966,8735,8751,66261.826524
2025-03-08T12:00:00,8744,8934,8675,8728,62384.718692
2025-03-08T16:00:00,8712,8939,8615,8928,28929.695645
2025-03-08T20:00:00,8928,8928,8764,8875,19809.134646
2025-03-09T00:00:00,8875,8938,8816,8819,29430.881035
2025-03-09T04:00:00,8815,9163,8800,9018,97326.339739
2025-03-09T08:00:00,9024,9028,8822,8879,177275.130291
2025-03-09T12:00:00,8869,9084,8750,8874,273604.206345
2025-03-09T16:00:00,8873,9011,8440,8695,155425.705952
2025-03-09T20:00:00,8688,8736,8346,8421,122339.524607
2025-03-10T00:00:00,8411,8609,8230,8382,205989.743935
2025-03-10T04:00:00,8362,8480,8205,8235,86092.387277
2025-03-10T08:00:00,8236,8549,7994,8373,237289.597577
2025-03-10T12:00:00,8385,8435,7928,7995,301273.490459
2025-03-10T16:00:00,7994,8005,7546,7793,260556.76056
2025-03-10T20:00:00,7776,7872,7583,7766,138805.992822
2025-03-11T00:00:00,7769,7944,7530,7797,387253.618195
2025-03-11T04:00:00,7797,8135,7762,8124,143011.291591
2025-03-11T08:00:00,8100,8429,8078,8220,294517.881769
2025-03-11T12:00:00,8210,8348,7936,8152,348137.221927
2025-03-11T16:00:00,8152,8313,8010,8275,40987.143417
2025-03-11T20:00:00,8274,8275,7829,7877,96334.710716
2025-03-12T00:00:00,7880,7992,7575,7590,226681.22369
2025-03-12T04:00:00,7590,7718,7530,7713,134567.060526
2025-03-12T08:00:00,7714,7815,7596,7715,127174.528227
2025-03-12T12:00:00,7715,7875,7500,7614,368396.34312
2025-03-12T16:00:00,7608,7657,7523,7614,70203.957455
2025-03-12T20:00:00,7607,7726,7593,7716,82948.91141
2025-03-13T00:00:00,7716,7738,7560,7585,122682.316337
2025-03-13T04:00:00,7578,7610,7451,7603,126768.185152
2025-03-13T08:00:00,7595,7699,7494,7660,77578.485699
2025-03-13T12:00:00,7657,7704,7473,7592,125260.769172
2025-03-13T16:00:00,7592,7620,7310,7443,157706.935185
2025-03-13T20:00:00,7427,7676,7382,7617,92137.116073
2025-03-14T00:00:00,7630,7700,7579,7608,89212.55249
2025-03-14T04:00:00,7624,7654,7551,7595,87741.785152
2025-03-14T08:00:00,7595,7743,7584,7710,97246.405595
2025-03-14T12:00:00,7709,7842,7584,7743,150089.49929
2025-03-14T16:00:00,7736,7847,7676,7715,47221.098619
2025-03-14T20:00:00,7708,7747,7626,7690,49591.132258
2025-03-15T00:00:00,7692,7830,7640,7815,94905.091456
2025-03-15T04:00:00,7815,7913,7756,7799,94549.49651
2025-03-15T08:00:00,7797,7930,7765,7835,73627.400172
2025-03-15T12:00:00,7842,7897,7806,7832,49997.587857
2025-03-15T16:00:00,7832,7901,7821,7875,25623.778703
2025-03-15T20:00:00,7877,8000,7856,7858,32478.126795
2025-03-16T00:00:00,7864,7930,7777,7884,87989.053306
2025-03-16T04:00:00,7873,7928,7816,7827,54883.978564
2025-03-16T08:00:00,7829,7834,7605,7629,99541.750608
2025-03-16T12:00:00,7629,7724,7554,7638,91945.294766
2025-03-16T16:00:00,7626,7768,7527,7568,34180.189148
2025-03-16T20:00:00,7592,7668,7541,7590,66493.818184
2025-03-17T00:00:00,7600,7926,7588,7864,99287.027448
2025-03-17T04:00:00,7863,7897,7713,7830,78793.017413
2025-03-17T08:00:00,7830,7937,7781,7873,86821.933092
2025-03-17T12:00:00,7873,7969,7837,7895,74463.211352
2025-03-17T16:00:00,7884,7949,7827,7872,25426.710175
2025-03-17T20:00:00,7853,7923,7802,7805,30108.816902
2025-03-18T00:00:00,7806,7825,7658,7678,53031.092315
2025-03-18T04:00:00,7670,7835,7650,7796,43208.19305
2025-03-18T08:00:00,7816,8017,7816,7884,157780.816743
2025-03-18T12:00:00,7880,8042,7800,7922,132229.555905
2025-03-18T16:00:00,7939,7951,7672,7784,131529.113283
2025-03-18T20:00:00,7793,8010,7736,7972,68960.98168
2025-03-19T00:00:00,7973,8139,7853,8113,77663.752026
2025-03-19T04:00:00,8109,8150,7961,8039,56148.613118
2025-03-19T08:00:00,8061,8282,8025,8244,87364.626613
2025-03-19T12:00:00,8239,8263,8071,8215,201693.134772
2025-03-19T16:00:00,8231,8235,8061,8142,87616.146676
2025-03-19T20:00:00,8154,8245,8090,8219,35881.481018
2025-03-20T00:00:00,8216,8249,8045,8065,78879.355829
2025-03-20T04:00:00,8065,8097,8020,8074,39559.630715
2025-03-20T08:00:00,8070,8125,7970,7985,46620.562099
2025-03-20T12:00:00,7985,8160,7977,8077,48868.426347
2025-03-20T16:00:00,8071,8197,8071,8192,32949.629266
2025-03-20T20:00:00,8192,8324,8185,8307,83287.660941
2025-03-21T00:00:00,8294,8390,8201,8207,39698.294836
2025-03-21T04:00:00,8212,8318,8075,8088,49959.631106
2025-03-21T08:00:00,8088,8133,7994,8117,62860.125709
2025-03-21T12:00:00,8130,8227,8055,8131,46893.166242
2025-03-21T16:00:00,8136,8326,8107,8326,14889.129785
2025-03-21T20:00:00,8326,8482,8305,8320,34831.388402
2025-03-22T00:00:00,8319,8384,8255,8359,41164.731189
2025-03-22T04:00:00,8364,8436,8345,8379,100841.787377
2025-03-22T08:00:00,8379,8552,8370,8511,41256.702749
2025-03-22T12:00:00,8518,8587,8422,8517,45261.487985
2025-03-22T16:00:00,8495,8587,8485,8514,53426.307335
2025-03-22T20:00:00,8517,8517,8366,8412,22987.136816
2025-03-23T00:00:00,8408,8408,8301,8348,40533.964825
2025-03-23T04:00:00,8336,8355,8250,8340,37561.051026
2025-03-23T08:00:00,8342,8390,8276,8325,36031.175896
2025-03-23T12:00:00,8328,8372,8289,8354,34520.874621
2025-03-23T16:00:00,8354,8448,8323,8417,12914.338379
2025-03-23T20:00:00,8401,8434,8332,8433,13666.046892
2025-03-24T00:00:00,8430,8547,8295,8440,44612.247444
2025-03-24T04:00:00,8440,8745,8440,8531,76179.082259
2025-03-24T08:00:00,8528,8656,8511,8612,60252.75177
2025-03-24T12:00:00,8612,8730,8560,8656,52757.477229
2025-03-24T16:00:00,8656,8734,8560,8734,19903.037577
2025-03-24T20:00:00,8734,9143,8721,8881,170164.718111
2025-03-25T00:00:00,8881,9000,8715,8745,70101.814874
2025-03-25T04:00:00,8737,8857,8731,8823,55448.787321
2025-03-25T08:00:00,8805,8846,8742,8818,26647.7805
2025-03-25T12:00:00,8822,8868,8590,8632,161702.930452
2025-03-25T16:00:00,8632,8694,8606,8653,45384.707365
2025-03-25T20:00:00,8647,8764,8647,8705,34234.818399
2025-03-26T00:00:00,8720,8773,8640,8655,50855.654344
2025-03-26T04:00:00,8666,8838,8657,8817,56835.454615
2025-03-26T08:00:00,8834,8930,8780,8899,54017.559233
2025-03-26T12:00:00,8910,8910,8607,8722,104449.50661
2025-03-26T16:00:00,8718,8746,8576,8698,21075.089478
2025-03-26T20:00:00,8701,8806,8627,8788,28882.79055
2025-03-27T00:00:00,8801,8918,8749,8892,32075.933862
2025-03-27T04:00:00,8913,8972,8814,8828,51593.586476
2025-03-27T08:00:00,8849,8907,8656,8668,60187.30828
2025-03-27T12:00:00,8668,8849,8611,8782,49949.518693
2025-03-27T16:00:00,8784,8808,8712,8735,16010.192223
2025-03-27T20:00:00,8722,8893,8709,8804,23725.722945
2025-03-28T00:00:00,8804,8804,8631,8665,40596.355019
2025-03-28T04:00:00,8665,8686,8230,8250,91919.746446
2025-03-28T08:00:00,8270,8363,8119,8184,52794.170394
2025-03-28T12:00:00,8185,8279,8077,8241,43276.733996
2025-03-28T16:00:00,8241,8305,8210,8210,11154.491552
2025-03-28T20:00:00,8255,8326,8155,8264,25810.347749
2025-03-29T00:00:00,8274,8337,8116,8239,51402.372787
2025-03-29T04:00:00,8238,8239,8077,8112,24730.828527
2025-03-29T08:00:00,8126,8183,7902,7951,66830.701318
2025-03-29T12:00:00,7940,8032,7895,7910,27180.973062
2025-03-29T16:00:00,7910,7931,7710,7786,38932.25159
2025-03-29T20:00:00,7785,7809,7690,7804,28651.881249
2025-03-30T00:00:00,7800,7955,7715,7887,28228.626275
2025-03-30T04:00:00,7887,7941,7857,7900,20404.887854
2025-03-30T08:00:00,7900,7983,7900,7957,16880.382239
2025-03-30T12:00:00,7957,7967,7807,7910,22137.130936
2025-03-30T16:00:00,7918,8085,7870,8003,65340.330176
2025-03-30T20:00:00,8004,8029,7828,7922,27348.677586
2025-03-31T00:00:00,7922,7968,7777,7797,64791.600181
2025-03-31T04:00:00,7784,7870,7600,7651,48645.511157
2025-03-31T08:00:00,7651,7759,7571,7733,48253.68508
2025-03-31T12:00:00,7745,8072,7700,7950,76234.303717
2025-03-31T16:00:00,7983,7994,7930,7948,925.740158
2025-03-31T20:00:00,7940,7940,7807,7872,19932.163639
2025-04-01T00:00:00,7851,7945,7808,7882,36068.390001
2025-04-01T04:00:00,7882,7930,7834,7862,35395.39973
2025-04-01T08:00:00,7862,8049,7850,7952,78722.736174
2025-04-01T12:00:00,7949,8098,7850,8050,47545.935675
2025-04-01T16:00:00,8059,8078,7947,7985,27785.361533
2025-04-01T20:00:00,7985,8089,7930,8029,24204.118086
2025-04-02T00:00:00,8028,8028,7734,7819,50909.5251
2025-04-02T04:00:00,7852,7866,7700,7802,35294.507166
2025-04-02T08:00:00,7817,7915,7774,7846,17578.857795
2025-04-02T12:00:00,7852,8060,7740,8024,67243.479399
2025-04-02T16:00:00,8024,8054,7893,8012,17034.044954
2025-04-02T20:00:00,8012,8121,7453,7571,136928.84405
2025-04-03T00:00:00,7574,7839,7545,7820,36758.065138
2025-04-03T04:00:00,7818,7908,7688,7760,44718.354219
2025-04-03T08:00:00,7746,7825,7600,7618,29899.425946
2025-04-03T12:00:00,7626,7660,7373,7415,99618.866818
2025-04-03T16:00:00,7449,7510,7350,7422,33313.239788
2025-04-03T20:00:00,7443,7550,7400,7497,27052.477512
2025-04-04T00:00:00,7499,7513,7307,7334,60176.143503
2025-04-04T04:00:00,7334,7469,7250,7465,193139.973465
2025-04-04T08:00:00,7466,7513,7021,7086,225267.989086
2025-04-04T12:00:00,7086,7306,7038,7140,141630.789849
2025-04-04T16:00:00,7159,7237,7045,7201,96510.503066
2025-04-04T20:00:00,7224,7286,7175,7220,24331.96147
2025-04-05T00:00:00,7220,7276,7115,7129,42356.343293
2025-04-05T04:00:00,7129,7244,7120,7231,17300.853734
2025-04-05T08:00:00,7231,7270,7202,7219,30629.917323
2025-04-05T12:00:00,7219,7230,7086,7118,34184.1611
2025-04-05T16:00:00,7118,7156,7094,7130,9507.375318
2025-04-05T20:00:00,7143,7222,7109,7222,17398.768772
2025-04-06T00:00:00,7222,7256,7140,7172,26006.80839
2025-04-06T04:00:00,7187,7191,6990,7035,67240.383196
2025-04-06T08:00:00,7035,7120,7010,7056,42436.101716
2025-04-06T12:00:00,7065,7072,6851,6871,135750.310302
2025-04-06T16:00:00,6872,6876,6532,6605,182401.190114
2025-04-06T20:00:00,6593,6641,6367,6516,145748.012782
2025-04-07T00:00:00,6515,6660,6201,6333,160257.465776
2025-04-07T04:00:00,6331,6412,5832,6041,242268.217452
2025-04-07T08:00:00,6050,6412,6006,6270,122210.949846
2025-04-07T12:00:00,6283,6789,6200,6462,200799.370561
2025-04-07T16:00:00,6456,6679,6439,6559,45924.82579
2025-04-07T20:00:00,6567,6700,6567,6589,34051.886877
2025-04-08T00:00:00,6589,6800,6512,6666,47581.528055
2025-04-08T04:00:00,6691,6730,6528,6584,31069.990058
2025-04-08T08:00:00,6584,6998,6550,6996,63976.756251
2025-04-08T12:00:00,6993,7037,6825,6826,78975.553164
2025-04-08T16:00:00,6826,6826,6485,6514,70117.274526
2025-04-08T20:00:00,6525,6624,6471,6518,58585.429216
2025-04-09T00:00:00,6535,6631,6293,6477,103549.691839
2025-04-09T04:00:00,6466,6663,6466,6601,113368.376494
2025-04-09T08:00:00,6605,6630,6369,6392,109615.958755
2025-04-09T12:00:00,6392,6606,6352,6527,93241.899544
2025-04-09T16:00:00,6521,7060,6510,7040,133120.581214
2025-04-09T20:00:00,7050,7107,6935,6953,72306.128447
2025-04-10T00:00:00,6950,6971,6783,6833,71220.990874
2025-04-10T04:00:00,6832,6899,6772,6781,51299.450581
2025-04-10T08:00:00,6800,6838,6710,6756,47222.52576
2025-04-10T12:00:00,6756,6866,6600,6633,94373.561906
2025-04-10T16:00:00,6643,6821,6603,6770,29886.405536
2025-04-10T20:00:00,6798,6857,6778,6831,27465.7111
2025-04-11T00:00:00,6832,7039,6830,6987,68625.5104
2025-04-11T04:00:00,6987,7016,6945,6965,56716.0565
2025-04-11T08:00:00,6965,7009,6900,6948,48626.530118
2025-04-11T12:00:00,6955,7061,6909,7020,51105.73968
2025-04-11T16:00:00,7028,7078,6965,6989,35858.147609
2025-04-11T20:00:00,6987,7019,6973,6980,26667.073955
2025-04-12T00:00:00,6972,6980,6932,6975,36726.993821
2025-04-12T04:00:00,6975,7053,6938,7031,38104.972398
2025-04-12T08:00:00,7031,7098,7011,7063,42415.663986
2025-04-12T12:00:00,7050,7238,7008,7176,73158.44959
2025-04-12T16:00:00,7176,7242,7108,7111,26117.426548
2025-04-12T20:00:00,7123,7228,7103,7195,29008.421271
2025-04-13T00:00:00,7195,7273,7140,7195,66741.564306
2025-04-13T04:00:00,7195,7210,7103,7130,40804.635923
2025-04-13T08:00:00,7125,7577,7101,7280,415241.827733
2025-04-13T12:00:00,7280,7336,7000,7167,93592.335683
2025-04-13T16:00:00,7167,7312,7030,7115,24887.862527
2025-04-13T20:00:00,7115,7148,6914,7010,77102.139282
2025-04-14T00:00:00,7010,7230,6990,7137,58951.10768
2025-04-14T04:00:00,7145,7223,6977,7039,39571.518162
2025-04-14T08:00:00,7047,7231,6993,7181,45635.944895
2025-04-14T12:00:00,7180,7217,6988,6996,46726.827383
2025-04-14T16:00:00,6999,7093,6943,7044,17928.525032
2025-04-14T20:00:00,7081,7095,6956,6988,25104.813404
2025-04-15T00:00:00,6987,7013,6872,6956,41096.095037
2025-04-15T04:00:00,6950,6966,6726,6857,79576.690212
2025-04-15T08:00:00,6857,6926,6800,6835,55525.23305
2025-04-15T12:00:00,6836,6930,6730,6805,77695.685173
2025-04-15T16:00:00,6817,6840,6730,6800,19087.42323
2025-04-15T20:00:00,6814,6844,6749,6761,45658.673482
2025-04-16T00:00:00,6761,6849,6710,6822,38626.295076
2025-04-16T04:00:00,6822,6902,6765,6874,51703.719401
2025-04-16T08:00:00,6858,6858,6642,6705,73002.226509
2025-04-16T12:00:00,6709,6836,6600,6736,55514.237993
2025-04-16T16:00:00,6730,6800,6530,6763,40697.656131
2025-04-16T20:00:00,6763,6802,6681,6707,19742.569198
2025-04-17T00:00:00,6708,6766,6685,6720,36626.791987
2025-04-17T04:00:00,6720,6836,6696,6792,27580.967764
2025-04-17T08:00:00,6792,6793,6667,6667,35793.094032
2025-04-17T12:00:00,6669,6741,6550,6647,86324.570972
2025-04-17T16:00:00,6640,6760,6622,6684,19489.31415
2025-04-17T20:00:00,6694,6739,6623,6640,21420.616954
2025-04-18T00:00:00,6640,6683,6585,6637,58045.37889
2025-04-18T04:00:00,6635,6708,6615,6698,30496.722121
2025-04-18T08:00:00,6705,6815,6690,6815,50450.47117
2025-04-18T12:00:00,6815,6950,6770,6837,77534.740749
2025-04-18T16:00:00,6831,6906,6826,6868,11062.985274
2025-04-18T20:00:00,6868,6880,6774,6798,10580.472081
2025-04-19T00:00:00,6800,6888,6784,6850,38512.330393
2025-04-19T04:00:00,6858,6875,6713,6866,64594.034055
2025-04-19T08:00:00,6873,6966,6873,6962,27616.530831
2025-04-19T12:00:00,6962,7012,6901,7003,34326.772993
2025-04-19T16:00:00,7003,7121,6985,7075,9887.520915
2025-04-19T20:00:00,7079,7141,7065,7095,29197.740299
2025-04-20T00:00:00,7095,7121,7047,7109,27614.310025
2025-04-20T04:00:00,7098,7141,7028,7074,21430.423063
2025-04-20T08:00:00,7084,7160,7048,7138,58084.164788
2025-04-20T12:00:00,7137,7267,7085,7183,111373.512288
2025-04-20T16:00:00,7183,7351,7183,7293,39396.050788
2025-04-20T20:00:00,7279,7315,7246,7315,32806.918937
2025-04-21T00:00:00,7315,7447,7285,7344,50846.44254
2025-04-21T04:00:00,7357,7430,7315,7430,38261.072773
2025-04-21T08:00:00,7426,7500,7361,7392,38689.222536
2025-04-21T12:00:00,7401,7449,7161,7256,47253.254318
2025-04-21T16:00:00,7264,7290,7129,7204,59108.528113
2025-04-21T20:00:00,7204,7212,7073,7095,29274.048908
2025-04-22T00:00:00,7101,7153,6987,7017,68723.513617
2025-04-22T04:00:00,7016,7028,6872,7005,67922.837978
2025-04-22T08:00:00,7025,7136,6947,7122,65258.186961
2025-04-22T12:00:00,7122,7449,7109,7338,118818.818336
2025-04-22T16:00:00,7339,7365,7280,7348,16256.277868
2025-04-22T20:00:00,7347,7594,7324,7551,79429.023207
2025-04-23T00:00:00,7551,7659,7476,7563,81096.839017
2025-04-23T04:00:00,7554,7659,7520,7628,63545.220465
2025-04-23T08:00:00,7646,7748,7604,7653,86402.195291
2025-04-23T12:00:00,7670,7720,7468,7634,91485.607903
2025-04-23T16:00:00,7621,7709,7573,7650,26199.365718
2025-04-23T20:00:00,7655,7744,7615,7680,23931.990008
2025-04-24T00:00:00,7689,7870,7544,7552,123895.017732
2025-04-24T04:00:00,7552,7649,7532,7560,45182.256667
2025-04-24T08:00:00,7560,7627,7470,7623,39500.777918
2025-04-24T12:00:00,7616,8066,7605,7900,115159.298117
2025-04-24T16:00:00,7900,7948,7758,7856,37587.086297
2025-04-24T20:00:00,7872,7936,7798,7896,31526.839336
2025-04-25T00:00:00,7887,7993,7703,7867,107158.829099
2025-04-25T04:00:00,7863,8104,7820,8029,67915.792762
2025-04-25T08:00:00,8019,8089,7965,8026,74755.20863
2025-04-25T12:00:00,8027,8085,7918,7966,86130.246507
2025-04-25T16:00:00,7966,8045,7902,7946,19825.427222
2025-04-25T20:00:00,7965,8059,7935,8000,38311.882689
2025-04-26T00:00:00,8000,8131,8000,8031,45556.367442
2025-04-26T04:00:00,8031,8130,7970,8035,45959.118712
2025-04-26T08:00:00,8030,8189,7915,8017,64269.940354
2025-04-26T12:00:00,8023,8085,7931,8064,40377.294696
2025-04-26T16:00:00,8064,8135,7998,8107,23093.535719
2025-04-26T20:00:00,8112,8142,8061,8100,20193.372998
2025-04-27T00:00:00,8118,8162,7927,8016,79513.048447
2025-04-27T04:00:00,8016,8033,7875,7986,34561.850969
2025-04-27T08:00:00,7978,8052,7957,8032,20009.851753
2025-04-27T12:00:00,8033,8046,7756,7793,56769.667392
2025-04-27T16:00:00,7793,7854,7681,7854,15652.359222
2025-04-27T20:00:00,7854,7876,7731,7738,21365.521464
2025-04-28T00:00:00,7751,7884,7571,7854,82017.162688
2025-04-28T04:00:00,7859,8087,7836,8028,77305.127939
2025-04-28T08:00:00,8028,8140,7980,8076,92652.409475
2025-04-28T12:00:00,8076,8139,7870,7929,110185.125169
2025-04-28T16:00:00,7932,8080,7811,8066,29637.470832
2025-04-28T20:00:00,8045,8052,7948,7963,26348.851919
2025-04-29T00:00:00,7980,8180,7966,8051,76979.381831
2025-04-29T04:00:00,8040,8100,7905,8062,47200.330145
2025-04-29T08:00:00,8080,8181,7986,8020,54095.258657
2025-04-29T12:00:00,8021,8098,7955,7998,43323.252446
2025-04-29T16:00:00,7998,8097,7961,7989,19979.896181
2025-04-29T20:00:00,7998,7998,7787,7852,40925.982373
2025-04-30T00:00:00,7851,7868,7707,7803,51312.862485
2025-04-30T04:00:00,7804,7820,7719,7739,33061.021119
2025-04-30T08:00:00,7739,7820,7690,7802,27210.60079
2025-04-30T12:00:00,7802,7812,7459,7617,98905.588971
2025-04-30T16:00:00,7606,7774,7575,7750,10520.391501
2025-04-30T20:00:00,7747,7805,7695,7716,24225.749017
2025-05-01T00:00:00,7736,7857,7716,7776,56624.974
2025-05-01T04:00:00,7761,7825,7716,7772,36853.035173
2025-05-01T08:00:00,7759,7996,7759,7995,53616.456479
2025-05-01T12:00:00,7995,8010,7890,7920,38834.866955
2025-05-01T16:00:00,7932,8050,7924,7993,34463.532764
2025-05-01T20:00:00,7994,8002,7916,7951,19380.546396
2025-05-02T00:00:00,7933,8054,7932,7948,36741.533239
2025-05-02T04:00:00,7950,7965,7794,7794,46762.350534
2025-05-02T08:00:00,7794,7940,7738,7738,31906.434773
2025-05-02T12:00:00,7736,7835,7709,7787,31272.968463
2025-05-02T16:00:00,7791,7850,7704,7724,13404.750753
2025-05-02T20:00:00,7723,7790,7706,7779,8867.138457
2025-05-03T00:00:00,7787,7814,7681,7717,20955.661273
2025-05-03T04:00:00,7717,7725,7644,7680,15328.35852
2025-05-03T08:00:00,7667,7674,7472,7485,33762.201356
2025-05-03T12:00:00,7485,7532,7461,7475,26678.834474
2025-05-03T16:00:00,7475,7535,7372,7502,37415.070411
2025-05-03T20:00:00,7510,7516,7433,7434,14673.506326
2025-05-04T00:00:00,7434,7478,7358,7400,79587.815186
2025-05-04T04:00:00,7400,7461,7365,7390,20017.70856
2025-05-04T08:00:00,7389,7442,7333,7418,17048.298709
2025-05-04T12:00:00,7414,7430,7303,7318,16223.373327
2025-05-04T16:00:00,7339,7373,7297,7345,7541.99022
2025-05-04T20:00:00,7350,7419,7295,7336,10995.737683
2025-05-05T00:00:00,7326,7403,7253,7374,21591.420907
2025-05-05T04:00:00,7385,7444,7300,7335,19460.02899
2025-05-05T08:00:00,7341,7372,7173,7210,43967.183254
2025-05-05T12:00:00,7194,7258,7155,7189,22088.963746
2025-05-05T16:00:00,7188,7265,7170,7177,18246.865423
2025-05-05T20:00:00,7169,7200,7087,7091,44973.787463
2025-05-06T00:00:00,7095,7163,6937,7036,126877.256991
2025-05-06T04:00:00,7046,7046,6965,6981,36282.906291
2025-05-06T08:00:00,6980,6982,6716,6758,118852.123984
2025-05-06T12:00:00,6761,6837,6664,6676,162417.696435
2025-05-06T16:00:00,6687,6773,6640,6672,44970.957008
2025-05-06T20:00:00,6677,6800,6522,6762,81515.317522
2025-05-07T00:00:00,6764,6839,6680,6771,66716.145153
2025-05-07T04:00:00,6771,6825,6684,6757,31613.780946
2025-05-07T08:00:00,6759,6825,6724,6749,31632.183594
2025-05-07T12:00:00,6763,6782,6674,6686,59279.159327
2025-05-07T16:00:00,6696,6790,6610,6730,30419.097759
2025-05-07T20:00:00,6729,6841,6700,6817,24602.38784
2025-05-08T00:00:00,6808,7026,6791,7014,65770.54083
2025-05-08T04:00:00,7014,7140,7011,7110,83101.500498
2025-05-08T08:00:00,7109,7240,7101,7153,46227.499435
2025-05-08T12:00:00,7152,7353,7114,7292,73880.37431
2025-05-08T16:00:00,7294,7488,7277,7485,35712.721642
2025-05-08T20:00:00,7484,7701,7430,7700,65619.631699
2025-05-09T00:00:00,7700,7917,7675,7805,109903.337824
2025-05-09T04:00:00,7805,8030,7715,7993,142186.837307
2025-05-09T08:00:00,7980,8188,7855,7957,185274.874702
2025-05-09T12:00:00,7967,8077,7733,7775,118404.598115
2025-05-09T16:00:00,7775,7814,7654,7694,61750.603209
2025-05-09T20:00:00,7701,7791,7666,7780,68482.828854
2025-05-10T00:00:00,7781,7948,7698,7890,114577.131077
2025-05-10T04:00:00,7897,8109,7801,8084,137968.682841
2025-05-10T08:00:00,8071,8156,7883,7914,156796.38091
2025-05-10T12:00:00,7912,8100,7912,7990,135196.615037
2025-05-10T16:00:00,7985,8183,7970,8049,107475.235925
2025-05-10T20:00:00,8044,8409,8008,8409,144481.724413
2025-05-11T00:00:00,8409,8728,8208,8593,348065.41752
2025-05-11T04:00:00,8590,8650,8095,8158,192678.663428
2025-05-11T08:00:00,8159,8419,8149,8408,82401.838352
2025-05-11T12:00:00,8404,8410,8118,8187,72796.998675
2025-05-11T16:00:00,8187,8274,8100,8193,22752.912922
2025-05-11T20:00:00,8193,8320,8178,8225,27874.172628
2025-05-12T00:00:00,8226,8402,8143,8358,84617.415525
2025-05-12T04:00:00,8343,8579,8274,8469,124731.693565
2025-05-12T08:00:00,8476,8540,8371,8428,84285.096428
2025-05-12T12:00:00,8418,8540,8169,8216,253081.708089
2025-05-12T16:00:00,8225,8392,7957,8208,182996.2789
2025-05-12T20:00:00,8201,8332,8156,8255,53343.564438
2025-05-13T00:00:00,8253,8255,7805,7823,169459.977802
2025-05-13T04:00:00,7823,8049,7790,8034,72121.300485
2025-05-13T08:00:00,8027,8190,7982,8132,75449.961816
2025-05-13T12:00:00,8131,8235,8050,8234,109409.418583
2025-05-13T16:00:00,8234,8747,8229,8640,184435.838238
2025-05-13T20:00:00,8651,8740,8578,8616,71876.478284
2025-05-14T00:00:00,8616,8688,8449,8482,87022.269394
2025-05-14T04:00:00,8482,8620,8435,8461,49863.604083
2025-05-14T08:00:00,8461,8474,8250,8347,128299.290875
2025-05-14T12:00:00,8356,8361,8133,8178,103295.049619
2025-05-14T16:00:00,8162,8230,8090,8173,28406.459074
2025-05-14T20:00:00,8168,8183,8040,8088,60252.046132
2025-05-15T00:00:00,8087,8189,8041,8081,94456.662632
2025-05-15T04:00:00,8074,8146,7750,7763,112371.501774
2025-05-15T08:00:00,7764,7923,7711,7812,96006.838124
2025-05-15T12:00:00,7802,7876,7606,7862,76929.140057
2025-05-15T16:00:00,7871,7958,7525,7602,68593.172523
2025-05-15T20:00:00,7600,7645,7277,7479,121239.21024
2025-05-16T00:00:00,7479,7649,7451,7631,77296.819569
2025-05-16T04:00:00,7631,7655,7535,7598,44516.288931
2025-05-16T08:00:00,7598,7666,7470,7617,56540.926217
2025-05-16T12:00:00,7610,7646,7525,7573,50170.783579
2025-05-16T16:00:00,7600,7602,7481,7534,17310.987334
2025-05-16T20:00:00,7552,7570,7402,7443,41250.73683
2025-05-17T00:00:00,7442,7476,7177,7332,111446.484884
2025-05-17T04:00:00,7333,7380,7225,7256,60841.371614
2025-05-17T08:00:00,7266,7443,7180,7269,58385.266293
2025-05-17T12:00:00,7269,7324,7180,7285,20545.256323
2025-05-17T16:00:00,7285,7297,7180,7192,38833.292995
2025-05-17T20:00:00,7206,7316,7160,7219,40671.366903
2025-05-18T00:00:00,7231,7234,7161,7200,33441.103888
2025-05-18T04:00:00,7201,7378,7201,7378,33296.760602
2025-05-18T08:00:00,7379,7443,7329,7329,38471.686501
2025-05-18T12:00:00,7329,7518,7294,7493,41149.133277
2025-05-18T16:00:00,7507,7508,7135,7136,50181.700975
2025-05-18T20:00:00,7136,7356,7001,7333,113253.102341
2025-05-19T00:00:00,7333,7379,7022,7027,110520.708606
2025-05-19T04:00:00,7028,7076,6899,7044,116650.027906
2025-05-19T08:00:00,7045,7120,7000,7073,51979.676146
2025-05-19T12:00:00,7074,7249,7044,7227,81232.686145
2025-05-19T16:00:00,7227,7337,7189,7287,33197.679461
2025-05-19T20:00:00,7287,7366,7221,7359,58386.236295
2025-05-20T00:00:00,7358,7458,7311,7403,81646.19898
2025-05-20T04:00:00,7403,7403,7272,7279,43833.238348
2025-05-20T08:00:00,7285,7292,7167,7216,48531.668302
2025-05-20T12:00:00,7212,7216,7139,7181,39160.289685
2025-05-20T16:00:00,7200,7232,7070,7222,25010.166516
2025-05-20T20:00:00,7204,7298,7196,7256,32986.465814
2025-05-21T00:00:00,7255,7283,7148,7263,59514.796512
2025-05-21T04:00:00,7263,7351,7221,7221,64815.136616
2025-05-21T08:00:00,7231,7294,7199,7285,32646.272445
2025-05-21T12:00:00,7284,7333,7207,7315,42582.274941
2025-05-21T16:00:00,7317,7477,7160,7269,59729.822366
2025-05-21T20:00:00,7265,7400,7202,7340,26093.350415
2025-05-22T00:00:00,7340,7465,7333,7449,61894.985523
2025-05-22T04:00:00,7451,7518,7416,7482,58998.979026
2025-05-22T08:00:00,7490,7631,7480,7572,92649.789267
2025-05-22T12:00:00,7564,7956,7466,7865,169760.643259
2025-05-22T16:00:00,7866,7957,7838,7946,36014.582429
2025-05-22T20:00:00,7946,8028,7851,7929,69376.854376
2025-05-23T00:00:00,7929,8269,7925,8263,123979.864159
2025-05-23T04:00:00,8263,8263,7985,7985,152190.327364
2025-05-23T08:00:00,8002,8177,7750,7843,152584.81283
2025-05-23T12:00:00,7841,8012,7604,7751,268592.397692
2025-05-23T16:00:00,7750,7818,7652,7693,42925.669591
2025-05-23T20:00:00,7695,7707,7435,7456,81895.309875
2025-05-24T00:00:00,7459,7553,7434,7495,84928.681107
2025-05-24T04:00:00,7486,7593,7474,7536,43603.213583
2025-05-24T08:00:00,7550,7586,7468,7549,45862.295064
2025-05-24T12:00:00,7549,7580,7470,7518,43123.385636
2025-05-24T16:00:00,7519,7543,7469,7526,7834.43007
2025-05-24T20:00:00,7519,7549,7400,7444,25536.470012
2025-05-25T00:00:00,7430,7469,7266,7353,80371.635256
2025-05-25T04:00:00,7347,7347,7229,7266,36968.127684
2025-05-25T08:00:00,7258,7258,7160,7203,58811.979161
2025-05-25T12:00:00,7190,7216,7047,7113,121322.940509
2025-05-25T16:00:00,7101,7216,7043,7186,10828.843988
2025-05-25T20:00:00,7186,7387,7158,7351,51699.377774
2025-05-26T00:00:00,7352,7490,7322,7411,60004.709156
2025-05-26T04:00:00,7414,7598,7398,7540,86510.200263
2025-05-26T08:00:00,7540,7583,7431,7463,75225.922906
2025-05-26T12:00:00,7471,7539,7381,7470,49631.929596
2025-05-26T16:00:00,7470,7486,7291,7358,18887.560415
2025-05-26T20:00:00,7353,7447,7307,7366,35449.296412
2025-05-27T00:00:00,7366,7409,7218,7328,52774.995834
2025-05-27T04:00:00,7326,7521,7274,7496,42718.971536
2025-05-27T08:00:00,7495,7595,7495,7525,54279.128178
2025-05-27T12:00:00,7539,7640,7419,7512,63907.947987
2025-05-27T16:00:00,7512,7571,7476,7519,20313.269496
2025-05-27T20:00:00,7505,7548,7444,7462,29690.405075
2025-05-28T00:00:00,7451,7534,7414,7503,58487.449439
2025-05-28T04:00:00,7500,7510,7405,7434,24775.137264
2025-05-28T08:00:00,7442,7525,7328,7520,40870.707684
2025-05-28T12:00:00,7524,7600,7302,7338,73267.015504
2025-05-28T16:00:00,7323,7484,7309,7338,23978.153292
2025-05-28T20:00:00,7338,7556,7318,7521,34451.289013
2025-05-29T00:00:00,7519,7760,7486,7646,80904.859571
2025-05-29T04:00:00,7659,7670,7460,7479,72827.919286
2025-05-29T08:00:00,7479,7532,7434,7518,38436.243207
2025-05-29T12:00:00,7532,7532,7325,7383,81166.336299
2025-05-29T16:00:00,7383,7430,7225,7249,55581.021357
2025-05-29T20:00:00,7259,7342,7178,7202,63487.676671
2025-05-30T00:00:00,7200,7237,6817,6984,183069.171149
2025-05-30T04:00:00,6980,7029,6824,6953,108948.678826
2025-05-30T08:00:00,6953,7220,6921,7117,95849.498395
2025-05-30T12:00:00,7117,7236,6986,6986,110467.038003
2025-05-30T16:00:00,6980,7036,6862,7015,45206.632672
2025-05-30T20:00:00,6995,7036,6651,6716,127511.593964
2025-05-31T00:00:00,6715,6720,6438,6558,222356.739773
2025-05-31T04:00:00,6561,6660,6500,6564,43461.284263
2025-05-31T08:00:00,6568,6640,6500,6533,71497.84606
2025-05-31T12:00:00,6533,6753,6516,6666,66183.50728
2025-05-31T16:00:00,6660,6767,6645,6764,18030.998859
2025-05-31T20:00:00,6757,6821,6676,6690,46148.688868
2025-06-01T00:00:00,6690,6755,6641,6700,42440.567601
2025-06-01T04:00:00,6690,6771,6670,6699,27676.546389
2025-06-01T08:00:00,6699,6704,6560,6650,55523.950064
2025-06-01T12:00:00,6648,6756,6594,6739,31600.886127
2025-06-01T16:00:00,6758,6817,6655,6737,20125.396714
2025-06-01T20:00:00,6737,6811,6719,6791,23465.159941
2025-06-02T00:00:00,6793,6795,6604,6637,46102.102677
2025-06-02T04:00:00,6652,6723,6590,6673,62043.630797
2025-06-02T08:00:00,6672,6709,6556,6597,57160.01074
2025-06-02T12:00:00,6610,6700,6588,6669,43922.355094
2025-06-02T16:00:00,6670,6766,6639,6660,28596.067624
2025-06-02T20:00:00,6669,6873,6669,6848,40286.591346
2025-06-03T00:00:00,6849,6950,6830,6848,56007.076006
2025-06-03T04:00:00,6848,6932,6801,6871,26732.78217
2025-06-03T08:00:00,6869,6918,6840,6882,23382.83964
2025-06-03T12:00:00,6885,7018,6878,6970,28634.493328
2025-06-03T16:00:00,6970,7038,6952,6994,13287.305696
2025-06-03T20:00:00,6997,6997,6871,6887,22495.455571
2025-06-04T00:00:00,6907,6986,6865,6955,38085.052164
2025-06-04T04:00:00,6955,6971,6850,6864,26497.091417
2025-06-04T08:00:00,6866,6938,6835,6840,28460.286264
2025-06-04T12:00:00,6840,6857,6729,6817,56707.233246
2025-06-04T16:00:00,6832,6842,6740,6740,19326.600049
2025-06-04T20:00:00,6738,6739,6631,6650,27638.794627
2025-06-05T00:00:00,6661,6683,6584,6642,43530.427576
2025-06-05T04:00:00,6642,6676,6562,6623,52827.574843
2025-06-05T08:00:00,6622,6674,6568,6607,38164.141444
2025-06-05T12:00:00,6602,6725,6553,6669,60865.610462
2025-06-05T16:00:00,6662,6668,6400,6440,78891.709817
2025-06-05T20:00:00,6440,6651,6228,6266,118655.500796
2025-06-06T00:00:00,6266,6375,6222,6375,58544.925103
2025-06-06T04:00:00,6370,6444,6361,6401,28175.66194
2025-06-06T08:00:00,6417,6456,6375,6409,26274.187946
2025-06-06T12:00:00,6410,6570,6410,6493,32029.027087
2025-06-06T16:00:00,6485,6514,6380,6405,20714.048445
2025-06-06T20:00:00,6406,6460,6396,6434,12150.962766
2025-06-07T00:00:00,6431,6588,6416,6566,26559.033848
2025-06-07T04:00:00,6581,6617,6555,6606,15534.681325
2025-06-07T08:00:00,6606,6607,6541,6542,22898.798346
2025-06-07T12:00:00,6542,6596,6539,6571,26311.958349
2025-06-07T16:00:00,6567,6587,6496,6552,11566.332652
2025-06-07T20:00:00,6558,6629,6558,6592,16366.175854
2025-06-08T00:00:00,6592,6595,6519,6541,17202.846103
2025-06-08T04:00:00,6526,6545,6473,6480,25338.723201
2025-06-08T08:00:00,6480,6560,6341,6516,65998.329662
2025-06-08T12:00:00,6514,6570,6467,6526,24101.418018
2025-06-08T16:00:00,6539,6600,6524,6537,5985.291847
2025-06-08T20:00:00,6537,6561,6481,6496,17534.247406
2025-06-09T00:00:00,6496,6524,6432,6465,21062.45102
2025-06-09T04:00:00,6471,6488,6386,6417,26552.281836
2025-06-09T08:00:00,6428,6599,6400,6544,28793.635561
2025-06-09T12:00:00,6553,6606,6492,6562,39357.410865
2025-06-09T16:00:00,6570,6654,6570,6640,33004.885891
2025-06-09T20:00:00,6640,6770,6629,6770,34844.419955
2025-06-10T00:00:00,6751,6815,6745,6750,43432.468968
2025-06-10T04:00:00,6751,6770,6699,6744,23740.178607
2025-06-10T08:00:00,6751,6954,6719,6950,35630.832747
2025-06-10T12:00:00,6950,7041,6835,6921,65791.354453
2025-06-10T16:00:00,6918,6981,6879,6937,25391.264046
2025-06-10T20:00:00,6937,7025,6905,7025,31083.104524
2025-06-11T00:00:00,7025,7052,6933,7000,40742.983719
2025-06-11T04:00:00,7000,7070,6950,7045,24582.644674
2025-06-11T08:00:00,7044,7158,6905,6919,47129.039197
2025-06-11T12:00:00,6919,7210,6905,7172,63744.865599
2025-06-11T16:00:00,7177,7177,6992,7010,17354.216415
2025-06-11T20:00:00,7002,7064,6825,6920,34674.23405
2025-06-12T00:00:00,6920,7000,6829,6829,38372.54513
2025-06-12T04:00:00,6829,6840,6744,6755,24083.155288
2025-06-12T08:00:00,6751,6775,6653,6667,38684.292317
2025-06-12T12:00:00,6668,6800,6656,6676,30080.206174
2025-06-12T16:00:00,6675,6750,6540,6553,26470.894689
2025-06-12T20:00:00,6555,6586,6465,6470,57413.483806
2025-06-13T00:00:00,6471,6484,6056,6199,390040.808715
2025-06-13T04:00:00,6198,6210,6103,6204,66065.637681
2025-06-13T08:00:00,6203,6359,6126,6187,87479.570912
2025-06-13T12:00:00,6187,6210,6070,6160,57380.332207
2025-06-13T16:00:00,6165,6217,6111,6162,22029.67948
2025-06-13T20:00:00,6151,6266,6147,6250,18312.327196
2025-06-14T00:00:00,6242,6280,6218,6262,23763.490048
2025-06-14T04:00:00,6255,6325,6229,6268,21039.015459
2025-06-14T08:00:00,6259,6306,6227,6288,23409.829505
2025-06-14T12:00:00,6295,6304,6190,6197,26540.212307
2025-06-14T16:00:00,6226,6238,6003,6145,41839.119116
2025-06-14T20:00:00,6133,6231,6115,6195,13843.708918
2025-06-15T00:00:00,6203,6261,6189,6254,17738.237772
2025-06-15T04:00:00,6255,6305,6194,6218,20988.841412
2025-06-15T08:00:00,6224,6246,6150,6243,33845.309607
2025-06-15T12:00:00,6242,6301,6213,6277,27552.182246
2025-06-15T16:00:00,6275,6290,6209,6219,11595.864632
2025-06-15T20:00:00,6216,6295,6168,6275,21899.869578
2025-06-16T00:00:00,6275,6339,6221,6286,35487.953524
2025-06-16T04:00:00,6287,6427,6286,6425,49451.003418
2025-06-16T08:00:00,6424,6454,6370,6436,35702.120831
2025-06-16T12:00:00,6436,6495,6400,6453,126788.636706
2025-06-16T16:00:00,6465,6644,6453,6597,30437.23253
2025-06-16T20:00:00,6581,6720,6424,6434,67429.629518
2025-06-17T00:00:00,6445,6556,6330,6467,122889.632522
2025-06-17T04:00:00,6474,6474,6362,6378,22589.155083
2025-06-17T08:00:00,6378,6387,6254,6293,147745.92511
2025-06-17T12:00:00,6291,6334,6156,6193,93374.592658
2025-06-17T16:00:00,6185,6316,6105,6285,65295.48441
2025-06-17T20:00:00,6293,6300,6126,6187,37913.556058
2025-06-18T00:00:00,6191,6241,6157,6220,44442.790031
2025-06-18T04:00:00,6220,6276,6174,6197,27873.764506
2025-06-18T08:00:00,6197,6212,6015,6088,83235.180889
2025-06-18T12:00:00,6087,6094,5938,6059,105351.304344
2025-06-18T16:00:00,6050,6132,6012,6057,19934.815689
2025-06-18T20:00:00,6080,6209,6052,6179,36014.760313
2025-06-19T00:00:00,6189,6249,6156,6180,38864.475899
2025-06-19T04:00:00,6201,6225,6150,6159,22406.340852
2025-06-19T08:00:00,6158,6192,6125,6153,14762.550412
2025-06-19T12:00:00,6156,6188,6077,6096,37429.809349
2025-06-19T16:00:00,6116,6134,5986,6040,27268.346907
2025-06-19T20:00:00,6040,6122,6030,6072,29194.261205
2025-06-20T00:00:00,6072,6095,6009,6032,46583.688694
2025-06-20T04:00:00,6032,6130,5971,6120,50527.613303
2025-06-20T08:00:00,6128,6169,6090,6130,34515.709277
2025-06-20T12:00:00,6130,6183,6015,6056,43413.63565
2025-06-20T16:00:00,6057,6061,5815,6013,103650.204608
2025-06-20T20:00:00,6008,6054,5900,5955,25202.10613
2025-06-21T00:00:00,5953,6207,5948,6167,213904.791188
2025-06-21T04:00:00,6167,6400,6162,6298,1028241.272049
2025-06-21T08:00:00,6299,6528,6287,6311,883332.494728
2025-06-21T12:00:00,6311,6367,6027,6114,744229.356473
2025-06-21T16:00:00,6114,6120,5981,5981,319107.213021
2025-06-21T20:00:00,5984,6046,5682,5825,440518.932914
2025-06-22T00:00:00,5830,5914,5608,5641,522866.362587
2025-06-22T04:00:00,5631,5715,5610,5615,271769.921742
2025-06-22T08:00:00,5617,5638,5503,5591,228134.113987
2025-06-22T12:00:00,5607,5642,5320,5388,467211.3545
2025-06-22T16:00:00,5387,5424,5320,5345,161716.908905
2025-06-22T20:00:00,5354,5507,5240,5485,137496.73807
2025-06-23T00:00:00,5488,5566,5459,5477,96889.994848
2025-06-23T04:00:00,5477,5606,5477,5571,72532.969066
2025-06-23T08:00:00,5571,5638,5550,5625,75780.052494
2025-06-23T12:00:00,5621,5720,5551,5574,144834.278742
2025-06-23T16:00:00,5566,5727,5420,5708,122934.785684
2025-06-23T20:00:00,5710,6053,5710,5989,208442.520164
2025-06-24T00:00:00,5991,6058,5946,5971,200647.573208
2025-06-24T04:00:00,5969,6139,5918,5991,198909.452679
2025-06-24T08:00:00,5991,6002,5852,5894,215119.12705
2025-06-24T12:00:00,5897,6777,5856,6441,2124823.357668
2025-06-24T16:00:00,6449,7100,6442,6723,1599775.759487
2025-06-24T20:00:00,6723,6828,6605,6810,643675.360508
2025-06-25T00:00:00,6810,6843,6635,6699,1057318.577155
2025-06-25T04:00:00,6700,7072,6558,6595,1685943.947669
2025-06-25T08:00:00,6599,6614,6495,6571,471147.290906
2025-06-25T12:00:00,6571,6621,6380,6415,662850.303285
2025-06-25T16:00:00,6410,6787,6398,6716,368560.679468
2025-06-25T20:00:00,6718,6780,6615,6720,276269.85603
2025-06-26T00:00:00,6717,6861,6573,6612,520352.436739
2025-06-26T04:00:00,6612,6699,6527,6685,138668.787232
2025-06-26T08:00:00,6684,6693,6523,6560,176189.793367
2025-06-26T12:00:00,6557,6569,6372,6504,305765.695527
2025-06-26T16:00:00,6504,6852,6466,6814,230490.459213
2025-06-26T20:00:00,6802,6909,6678,6696,410034.559367
2025-06-27T00:00:00,6697,6925,6596,6925,717086.329484
2025-06-27T04:00:00,6924,7200,6915,7051,1698230.592966
2025-06-27T08:00:00,7057,7262,6856,6922,1077559.930203
2025-06-27T12:00:00,6930,6942,6610,6667,647161.768856
2025-06-27T16:00:00,6670,6767,6629,6661,228727.197439
2025-06-27T20:00:00,6658,6747,6631,6645,255185.848684
2025-06-28T00:00:00,6645,6821,6598,6626,799689.956175
2025-06-28T04:00:00,6626,6636,6484,6576,514879.238643
2025-06-28T08:00:00,6576,6622,6500,6500,237331.502053
2025-06-28T12:00:00,6500,6576,6495,6571,142311.615194
2025-06-28T16:00:00,6569,6622,6555,6596,65017.127297
2025-06-28T20:00:00,6600,6677,6587,6646,176273.09066
2025-06-29T00:00:00,6646,6652,6470,6540,390035.408033
2025-06-29T04:00:00,6539,6609,6510,6576,168169.183792
2025-06-29T08:00:00,6588,6699,6551,6665,237366.357761
2025-06-29T12:00:00,6664,6690,6515,6520,278721.118061
2025-06-29T16:00:00,6521,6645,6521,6635,67499.828979
2025-06-29T20:00:00,6639,6846,6592,6764,278884.038861
2025-06-30T00:00:00,6764,6777,6649,6673,290006.149172
2025-06-30T04:00:00,6673,6748,6580,6724,239015.727057
2025-06-30T08:00:00,6724,6731,6554,6573,280799.67786
2025-06-30T12:00:00,6576,6619,6517,6557,114836.691967
2025-06-30T16:00:00,6557,6625,6554,6616,12608.48657
2025-06-30T20:00:00,6623,6696,6611,6647,116725.129379
2025-07-01T00:00:00,6649,6748,6570,6573,220406.558786
2025-07-01T04:00:00,6572,6572,6382,6439,321727.541021
2025-07-01T08:00:00,6439,6439,6334,6344,193555.395571
2025-07-01T12:00:00,6359,6452,6305,6359,191206.572185
2025-07-01T16:00:00,6359,6378,6222,6223,104463.786166
2025-07-01T20:00:00,6234,6300,6157,6160,209394.606361
2025-07-02T00:00:00,6164,6165,6060,6089,307565.231135
2025-07-02T04:00:00,6090,6239,6054,6216,215916.542775
2025-07-02T08:00:00,6228,6293,6191,6219,160094.593814
2025-07-02T12:00:00,6227,6377,6175,6369,161308.110923
2025-07-02T16:00:00,6372,6543,6352,6518,156171.794724
2025-07-02T20:00:00,6518,6571,6411,6411,136361.002615
2025-07-03T00:00:00,6424,6478,6401,6411,165292.597159
2025-07-03T04:00:00,6411,6554,6405,6546,148053.037378
2025-07-03T08:00:00,6554,6590,6467,6495,125631.800702
2025-07-03T12:00:00,6495,6567,6333,6355,213113.268946
2025-07-03T16:00:00,6365,6464,6365,6454,34843.102716
2025-07-03T20:00:00,6465,6512,6407,6431,40700.516363
2025-07-04T00:00:00,6431,6490,6353,6384,149423.463808
2025-07-04T04:00:00,6381,6431,6173,6177,187738.150141
2025-07-04T08:00:00,6175,6224,6143,6172,174813.566552
2025-07-04T12:00:00,6172,6184,5947,5948,314679.66826
2025-07-04T16:00:00,5955,6017,5921,5979,165874.217892
2025-07-04T20:00:00,5979,6065,5979,6030,62218.236468
2025-07-05T00:00:00,6027,6076,6002,6033,121045.780643
2025-07-05T04:00:00,6033,6070,5998,6034,91580.064912
2025-07-05T08:00:00,6034,6101,6011,6093,54941.026531
2025-07-05T12:00:00,6091,6091,6022,6024,76261.992373
2025-07-05T16:00:00,6025,6073,5962,6036,66728.733164
2025-07-05T20:00:00,6040,6076,6008,6048,22312.909122
2025-07-06T00:00:00,6055,6076,6004,6017,84484.963881
2025-07-06T04:00:00,6010,6044,5977,6021,53510.70649
2025-07-06T08:00:00,6021,6054,5998,6050,47142.311205
2025-07-06T12:00:00,6049,6117,6033,6107,159873.749317
2025-07-06T16:00:00,6110,6126,6059,6062,58186.635223
2025-07-06T20:00:00,6074,6167,6055,6082,59025.865258
2025-07-07T00:00:00,6089,6132,6056,6091,55775.621817
2025-07-07T04:00:00,6096,6120,6050,6100,54245.881522
2025-07-07T08:00:00,6090,6136,6054,6085,47743.693125
2025-07-07T12:00:00,6085,6108,6016,6058,84684.754077
2025-07-07T16:00:00,6058,6141,6035,6109,35315.812947
2025-07-07T20:00:00,6093,6098,6031,6090,20788.57864
2025-07-08T00:00:00,6090,6103,5979,5985,113061.12725
2025-07-08T04:00:00,5985,6017,5957,6016,59803.332623
2025-07-08T08:00:00,6016,6070,5972,6043,80066.89093
2025-07-08T12:00:00,6050,6072,5961,5973,127028.010723
2025-07-08T16:00:00,5981,6093,5969,6046,58707.575552
2025-07-08T20:00:00,6055,6093,6050,6086,41812.448611
2025-07-09T00:00:00,6086,6088,5990,6025,86026.76353
2025-07-09T04:00:00,6044,6169,6042,6157,105073.878194
2025-07-09T08:00:00,6158,6200,6127,6189,145583.066643
2025-07-09T12:00:00,6186,6237,6136,6174,145004.839183
2025-07-09T16:00:00,6174,6298,6148,6266,103719.460249
2025-07-09T20:00:00,6284,6348,6227,6297,129742.032113
2025-07-10T00:00:00,6301,6307,6214,6246,143626.905476
2025-07-10T04:00:00,6246,6306,6207,6266,150585.587533
2025-07-10T08:00:00,6266,6305,6245,6261,123938.644675
2025-07-10T12:00:00,6260,6287,6208,6236,184044.446232
2025-07-10T16:00:00,6236,6413,6233,6359,111950.988249
2025-07-10T20:00:00,6365,6615,6360,6580,479411.267184
2025-07-11T00:00:00,6581,6708,6434,6686,326704.355377
2025-07-11T04:00:00,6680,6817,6631,6641,260488.131191
2025-07-11T08:00:00,6644,6783,6640,6704,202728.74017
2025-07-11T12:00:00,6715,6821,6659,6671,316993.072268
2025-07-11T16:00:00,6671,6822,6639,6822,95107.223328
2025-07-11T20:00:00,6807,6838,6450,6577,266540.014578
2025-07-12T00:00:00,6575,6656,6433,6628,253370.08194
2025-07-12T04:00:00,6635,6636,6478,6607,350442.397257
2025-07-12T08:00:00,6608,6692,6567,6637,140030.245438
2025-07-12T12:00:00,6637,6649,6368,6430,281459.123092
2025-07-12T16:00:00,6431,6554,6418,6513,101645.06439
2025-07-12T20:00:00,6514,6547,6432,6541,67177.652646
2025-07-13T00:00:00,6540,6674,6511,6674,238582.864898
2025-07-13T04:00:00,6674,6767,6632,6761,328158.329819
2025-07-13T08:00:00,6762,6834,6660,6712,220626.139489
2025-07-13T12:00:00,6712,6830,6683,6782,211760.871796
2025-07-13T16:00:00,6782,6818,6738,6760,73947.846178
2025-07-13T20:00:00,6753,6795,6677,6714,90141.480682
2025-07-14T00:00:00,6717,7033,6691,6991,457202.44834
2025-07-14T04:00:00,6992,7085,6902,6997,427708.145048
2025-07-14T08:00:00,6995,7060,6912,6959,286897.919914
2025-07-14T12:00:00,6947,6995,6780,6819,296030.26994
2025-07-14T16:00:00,6817,6879,6753,6760,101885.14747
2025-07-14T20:00:00,6778,6847,6703,6804,133440.318263
2025-07-15T00:00:00,6804,6820,6551,6599,338011.006097
2025-07-15T04:00:00,6599,6704,6560,6631,173141.98793
2025-07-15T08:00:00,6630,6653,6570,6625,85258.832295
2025-07-15T12:00:00,6619,6779,6550,6732,234693.723106
2025-07-15T16:00:00,6739,6932,6716,6767,122983.301208
2025-07-15T20:00:00,6770,6988,6751,6965,156207.945813
2025-07-16T00:00:00,6965,7091,6886,6975,390677.919802
2025-07-16T04:00:00,6975,7170,6929,7155,379026.33218
2025-07-16T08:00:00,7155,7176,7027,7089,248740.670081
2025-07-16T12:00:00,7082,7136,7000,7080,240090.434358
2025-07-16T16:00:00,7080,7212,7054,7181,158320.082555
2025-07-16T20:00:00,7172,7290,7011,7070,242308.487528
2025-07-17T00:00:00,7074,7180,6919,6967,393634.610049
2025-07-17T04:00:00,6973,7128,6957,7108,244871.735242
2025-07-17T08:00:00,7109,7219,7055,7055,335991.355806
2025-07-17T12:00:00,7056,7184,6960,7117,389038.647248
2025-07-17T16:00:00,7113,7151,7000,7020,147492.235577
2025-07-17T20:00:00,7022,7288,6940,7200,413937.462253
2025-07-18T00:00:00,7207,7426,7182,7371,501148.286454
2025-07-18T04:00:00,7378,7580,7181,7248,578441.976402
2025-07-18T08:00:00,7192,7538,7190,7503,447096.334834
2025-07-18T12:00:00,7503,7614,7224,7279,517128.916084
2025-07-18T16:00:00,7285,7388,7173,7291,137952.791933
2025-07-18T20:00:00,7291,7378,7124,7279,200075.370354
2025-07-19T00:00:00,7269,7373,7070,7360,280817.686357
2025-07-19T04:00:00,7363,7434,7243,7247,238385.921029
2025-07-19T08:00:00,7247,7271,7154,7157,238791.056997
2025-07-19T12:00:00,7158,7204,7074,7109,171442.543209
2025-07-19T16:00:00,7109,7290,7083,7272,93392.532408
2025-07-19T20:00:00,7272,7338,7210,7296,132229.099563
2025-07-20T00:00:00,7295,7335,7196,7280,196196.593282
2025-07-20T04:00:00,7280,7332,7212,7299,169851.488583
2025-07-20T08:00:00,7299,7480,7299,7437,227601.658869
2025-07-20T12:00:00,7445,7476,7352,7410,226853.049372
2025-07-20T16:00:00,7405,7490,7305,7326,325909.492372
2025-07-20T20:00:00,7330,7344,7142,7259,592107.874262
2025-07-21T00:00:00,7259,7440,7145,7440,546306.240415
2025-07-21T04:00:00,7440,7525,7332,7510,405627.152815
2025-07-21T08:00:00,7510,7530,7333,7458,513108.987062
2025-07-21T12:00:00,7458,7542,7364,7452,721956.004317
2025-07-21T16:00:00,7453,7499,7272,7303,274904.539469
2025-07-21T20:00:00,7299,7452,7272,7383,246377.578569
2025-07-22T00:00:00,7383,7468,7148,7268,781307.413787
2025-07-22T04:00:00,7283,7310,7042,7176,460526.266875
2025-07-22T08:00:00,7176,7240,7056,7216,271626.974249
2025-07-22T12:00:00,7211,7249,7039,7201,338497.005612
2025-07-22T16:00:00,7196,7412,7171,7229,151082.438799
2025-07-22T20:00:00,7219,7424,7214,7415,190948.447436
2025-07-23T00:00:00,7415,7426,7297,7335,253669.269041
2025-07-23T04:00:00,7343,7588,7333,7507,507098.588857
2025-07-23T08:00:00,7512,7868,7264,7282,1215985.412453
2025-07-23T12:00:00,7282,7283,6842,7066,843938.601481
2025-07-23T16:00:00,7051,7066,6831,6877,171443.259647
2025-07-23T20:00:00,6879,6919,6562,6702,441110.91225
2025-07-24T00:00:00,6702,6853,6618,6692,354178.916359
2025-07-24T04:00:00,6692,6692,6250,6440,591806.669478
2025-07-24T08:00:00,6433,6542,6218,6377,667664.200262
2025-07-24T12:00:00,6377,6513,6249,6451,581853.1286
2025-07-24T16:00:00,6451,6464,6310,6390,154560.236801
2025-07-24T20:00:00,6390,6468,6281,6296,248108.898456
2025-07-25T00:00:00,6297,6410,6183,6296,492530.558158
2025-07-25T04:00:00,6299,6439,6240,6397,374918.610081
2025-07-25T08:00:00,6395,6498,6362,6483,273634.84251
2025-07-25T12:00:00,6482,6512,6305,6377,291189.099161
2025-07-25T16:00:00,6368,6430,6343,6372,79496.153401
2025-07-25T20:00:00,6372,6496,6372,6477,123475.94225
2025-07-26T00:00:00,6488,6600,6446,6539,237407.577159
2025-07-26T04:00:00,6537,6539,6480,6491,116360.455737
2025-07-26T08:00:00,6501,6558,6493,6514,90407.013391
2025-07-26T12:00:00,6510,6581,6496,6581,169644.876419
2025-07-26T16:00:00,6581,6601,6518,6600,81053.374961
2025-07-26T20:00:00,6600,6614,6547,6561,59442.221494
2025-07-27T00:00:00,6563,6642,6539,6605,124948.231201
2025-07-27T04:00:00,6613,6637,6580,6589,147796.638992
2025-07-27T08:00:00,6589,6611,6507,6568,203293.966141
2025-07-27T12:00:00,6564,6615,6542,6590,172592.578714
2025-07-27T16:00:00,6589,6646,6582,6629,67750.822231
2025-07-27T20:00:00,6629,6683,6588,6678,96366.50413
2025-07-28T00:00:00,6678,6725,6606,6673,268446.763935
2025-07-28T04:00:00,6673,6759,6630,6744,165327.684528
2025-07-28T08:00:00,6744,6798,6668,6701,142606.086688
2025-07-28T12:00:00,6702,6737,6447,6500,300244.29891
2025-07-28T16:00:00,6494,6525,6418,6449,61456.923575
2025-07-28T20:00:00,6463,6477,6363,6404,111735.762171
2025-07-29T00:00:00,6400,6463,6300,6411,205741.974802
2025-07-29T04:00:00,6411,6564,6373,6547,106740.710897
2025-07-29T08:00:00,6547,6567,6390,6452,192069.600575
2025-07-29T12:00:00,6452,6532,6321,6333,162505.633665
2025-07-29T16:00:00,6334,6345,6202,6218,147785.104728
2025-07-29T20:00:00,6215,6366,6170,6356,129053.830017
2025-07-30T00:00:00,6356,6356,6226,6281,289114.845372
2025-07-30T04:00:00,6275,6310,6209,6253,156299.580964
2025-07-30T08:00:00,6255,6307,6107,6132,265187.940646
2025-07-30T12:00:00,6125,6243,6101,6195,178868.661802
2025-07-30T16:00:00,6200,6273,6000,6200,155210.523356
2025-07-30T20:00:00,6220,6250,6130,6220,80326.415249
2025-07-31T00:00:00,6220,6351,6190,6330,124455.410594
2025-07-31T04:00:00,6330,6370,6295,6330,70295.514273
2025-07-31T08:00:00,6330,6375,6300,6320,59760.50795
2025-07-31T12:00:00,6320,6335,6070,6185,357625.227392
2025-07-31T16:00:00,6180,6265,6105,6130,75005.166503
2025-07-31T20:00:00,6145,6185,6010,6020,124030.0702
2025-08-01T00:00:00,6040,6115,5855,6075,318661.047121
2025-08-01T04:00:00,6080,6090,5935,5975,117196.726614
2025-08-01T08:00:00,5975,5990,5875,5975,177229.905873
2025-08-01T12:00:00,5975,6065,5820,5945,228324.789534
2025-08-01T16:00:00,5940,6000,5845,5995,79090.543634
2025-08-01T20:00:00,6000,6120,5770,5900,181454.15974
2025-08-02T00:00:00,5890,5970,5890,5935,54066.027337
2025-08-02T04:00:00,5945,5980,5795,5915,93180.003322
2025-08-02T08:00:00,5915,5925,5800,5870,64470.097047
2025-08-02T12:00:00,5850,5875,5775,5780,126857.362067
2025-08-02T16:00:00,5780,5850,5715,5775,92338.662681
2025-08-02T20:00:00,5790,5850,5720,5770,85864.833737
2025-08-03T00:00:00,5760,5855,5680,5845,151446.471567
2025-08-03T04:00:00,5840,5870,5800,5870,73468.916919
2025-08-03T08:00:00,5870,5950,5855,5920,59414.173105
2025-08-03T12:00:00,5905,5925,5860,5900,62206.66595
2025-08-03T16:00:00,5905,5925,5870,5905,22827.461813
2025-08-03T20:00:00,5910,5960,5890,5940,54125.360697
2025-08-04T00:00:00,5945,6020,5920,5980,121076.734587
2025-08-04T04:00:00,5975,5985,5900,5985,62136.950269
2025-08-04T08:00:00,5980,5985,5920,5940,34607.687057
2025-08-04T12:00:00,5930,6045,5920,6000,126405.343128
2025-08-04T16:00:00,6000,6060,5985,5990,76448.526932
2025-08-04T20:00:00,5995,6085,5990,6080,67750.655472
2025-08-05T00:00:00,6080,6110,6000,6005,155277.888662
2025-08-05T04:00:00,6005,6035,5890,5905,106937.397235
2025-08-05T08:00:00,5905,6045,5875,6035,124113.213101
2025-08-05T12:00:00,6035,6065,5890,5900,186095.982866
2025-08-05T16:00:00,5910,6055,5900,5945,60991.836348
2025-08-05T20:00:00,5945,6020,5870,6015,56235.229564
2025-08-06T00:00:00,6015,6015,5850,5880,105492.599109
2025-08-06T04:00:00,5880,6025,5835,5985,86134.807573
2025-08-06T08:00:00,6000,6000,5925,5930,61871.121501
2025-08-06T12:00:00,5935,5985,5845,5985,174211.296246
2025-08-06T16:00:00,5965,5980,5900,5915,80061.854964
2025-08-06T20:00:00,5915,5940,5900,5915,53064.73109
2025-08-07T00:00:00,5915,5980,5870,5895,179161.738412
2025-08-07T04:00:00,5895,5960,5885,5910,78905.64635
2025-08-07T08:00:00,5915,6015,5905,5985,225516.576408
2025-08-07T12:00:00,5990,6035,5975,6020,200097.850554
2025-08-07T16:00:00,6020,6045,5915,6045,119997.677876
2025-08-07T20:00:00,6045,6105,5985,6095,189924.683617
2025-08-08T00:00:00,6085,6285,6000,6230,636349.79135
2025-08-08T04:00:00,6230,6455,6190,6405,704639.632711
2025-08-08T08:00:00,6400,6500,6365,6440,592805.572037
2025-08-08T12:00:00,6440,6445,6310,6355,367853.386007
2025-08-08T16:00:00,6360,6450,6320,6420,73649.139596
2025-08-08T20:00:00,6420,6440,6370,6380,134228.114263
2025-08-09T00:00:00,6375,6560,6350,6540,320350.122606
2025-08-09T04:00:00,6550,6660,6505,6650,396524.882893
2025-08-09T08:00:00,6655,6700,6595,6605,239678.104948
2025-08-09T12:00:00,6620,6650,6520,6600,267868.760278
2025-08-09T16:00:00,6605,6640,6565,6595,66085.446042
2025-08-09T20:00:00,6595,6660,6565,6590,83834.910316
2025-08-10T00:00:00,6590,6695,6545,6620,301673.936563
2025-08-10T04:00:00,6615,6650,6405,6425,223618.000697
2025-08-10T08:00:00,6420,6485,6320,6325,242614.858835
2025-08-10T12:00:00,6325,6475,6290,6455,152772.039613
2025-08-10T16:00:00,6440,6485,6425,6460,54980.674804
2025-08-10T20:00:00,6465,6465,6380,6460,78746.059401
2025-08-11T00:00:00,6455,6590,6405,6560,182397.018083
2025-08-11T04:00:00,6560,6605,6435,6455,205803.344626
2025-08-11T08:00:00,6455,6510,6300,6330,251467.116603
2025-08-11T12:00:00,6335,6495,6270,6450,302250.402234
2025-08-11T16:00:00,6450,6530,6310,6345,44159.190851
2025-08-11T20:00:00,6360,6380,6215,6260,123331.874871
2025-08-12T00:00:00,6260,6365,6240,6290,75013.438944
2025-08-12T04:00:00,6285,6340,6235,6335,159795.475231
2025-08-12T08:00:00,6335,6350,6190,6280,192598.46219
2025-08-12T12:00:00,6270,6535,6245,6530,379808.260918
2025-08-12T16:00:00,6530,6625,6500,6625,120952.219709
2025-08-12T20:00:00,6625,6695,6555,6595,166434.430018
2025-08-13T00:00:00,6595,6655,6480,6630,247584.140112
2025-08-13T04:00:00,6630,6660,6500,6610,130793.855452
2025-08-13T08:00:00,6605,6815,6600,6770,264713.851796
2025-08-13T12:00:00,6760,6829,6635,6735,256401.296059
2025-08-13T16:00:00,6750,6900,6705,6785,112527.46343
2025-08-13T20:00:00,6785,6930,6755,6880,198381.306452
2025-08-14T00:00:00,6885,7000,6825,6995,391447.772806
2025-08-14T04:00:00,7000,7020,6795,6845,305264.148284
2025-08-14T08:00:00,6845,6920,6705,6810,396412.685486
2025-08-14T12:00:00,6810,6890,6380,6610,600270.854658
2025-08-14T16:00:00,6615,6685,6515,6620,76564.047792
2025-08-14T20:00:00,6620,6630,6480,6570,84310.851573
2025-08-15T00:00:00,6570,6730,6565,6715,113137.100465
2025-08-15T04:00:00,6700,6725,6595,6675,119649.881492
2025-08-15T08:00:00,6675,6710,6570,6590,114928.621332
2025-08-15T12:00:00,6590,6675,6360,6400,276569.396657
2025-08-15T16:00:00,6390,6490,6340,6410,79033.417997
2025-08-15T20:00:00,6405,6605,6390,6525,88952.206253
2025-08-16T00:00:00,6520,6570,6480,6495,85125.733318
2025-08-16T04:00:00,6495,6525,6455,6510,120823.807978
2025-08-16T08:00:00,6510,6530,6415,6415,57103.646239
2025-08-16T12:00:00,6420,6570,6405,6540,51330.137484
2025-08-16T16:00:00,6530,6550,6495,6525,33263.809891
2025-08-16T20:00:00,6535,6615,6525,6585,141704.864683
2025-08-17T00:00:00,6585,6600,6540,6600,116200.267926
2025-08-17T04:00:00,6600,6710,6580,6625,223284.086427
2025-08-17T08:00:00,6625,6745,6615,6740,74091.250828
2025-08-17T12:00:00,6740,6815,6650,6815,194023.290876
2025-08-17T16:00:00,6815,6840,6660,6700,68562.134175
2025-08-17T20:00:00,6700,6740,6645,6650,98682.350244
2025-08-18T00:00:00,6660,6665,6365,6450,307813.308913
2025-08-18T04:00:00,6445,6495,6380,6400,126412.462195
2025-08-18T08:00:00,6400,6445,6355,6405,95632.406761
2025-08-18T12:00:00,6405,6485,6360,6410,65858.990656
2025-08-18T16:00:00,6415,6450,6350,6425,30989.445658
2025-08-18T20:00:00,6425,6490,6350,6360,64482.599312
2025-08-19T00:00:00,6355,6435,6205,6230,266099.771564
2025-08-19T04:00:00,6215,6245,6110,6175,228020.582109
2025-08-19T08:00:00,6165,6270,6135,6250,79625.847139
2025-08-19T12:00:00,6250,6250,6065,6085,270826.407721
2025-08-19T16:00:00,6085,6110,6030,6075,61104.051567
2025-08-19T20:00:00,6075,6110,5970,5985,300909.520117
2025-08-20T00:00:00,5985,6085,5985,6045,164578.342728
2025-08-20T04:00:00,6050,6115,6050,6080,61153.455565
2025-08-20T08:00:00,6070,6155,6025,6095,118456.246487
2025-08-20T12:00:00,6095,6305,6000,6160,202307.178904
2025-08-20T16:00:00,6165,6275,6150,6265,99595.878758
2025-08-20T20:00:00,6255,6275,6210,6250,73399.821715
2025-08-21T00:00:00,6255,6270,6180,6205,123633.538139
2025-08-21T04:00:00,6205,6220,6160,6200,54536.607745
2025-08-21T08:00:00,6200,6220,6170,6220,74145.280142
2025-08-21T12:00:00,6215,6230,6090,6105,107295.216461
2025-08-21T16:00:00,6105,6205,6085,6170,37235.141635
2025-08-21T20:00:00,6185,6245,6165,6190,33642.376242
2025-08-22T00:00:00,6195,6250,6140,6155,92689.816609
2025-08-22T04:00:00,6160,6200,6130,6180,57024.882594
2025-08-22T08:00:00,6190,6215,6090,6090,69417.479823
2025-08-22T12:00:00,6095,6375,6000,6320,536253.151955
2025-08-22T16:00:00,6345,6540,6340,6520,191446.141622
2025-08-22T20:00:00,6530,6625,6515,6610,133713.505799
2025-08-23T00:00:00,6610,6640,6360,6380,264125.919795
2025-08-23T04:00:00,6385,6560,6385,6435,136150.795444
2025-08-23T08:00:00,6435,6500,6405,6470,49932.441722
2025-08-23T12:00:00,6490,6605,6480,6550,127892.611647
2025-08-23T16:00:00,6550,6600,6520,6600,40352.37416
2025-08-23T20:00:00,6600,6600,6545,6575,41774.086771
2025-08-24T00:00:00,6575,6620,6505,6525,94155.340764
2025-08-24T04:00:00,6525,6525,6400,6415,84754.659236
2025-08-24T08:00:00,6415,6440,6320,6350,101069.441253
2025-08-24T12:00:00,6350,6440,6320,6385,77502.646043
2025-08-24T16:00:00,6385,6615,6355,6465,243028.490193
2025-08-24T20:00:00,6450,6485,6355,6415,101272.306878
2025-08-25T00:00:00,6415,6460,6300,6390,123320.843873
2025-08-25T04:00:00,6390,6400,6185,6200,221921.584936
2025-08-25T08:00:00,6200,6245,6115,6180,125338.244854
2025-08-25T12:00:00,6185,6250,6140,6165,107037.106754
2025-08-25T16:00:00,6165,6220,6080,6085,46638.139908
2025-08-25T20:00:00,6090,6110,5960,6015,196721.044746
2025-08-26T00:00:00,6015,6120,5985,6080,118697.538748
2025-08-26T04:00:00,6080,6120,6055,6090,53718.090699
2025-08-26T08:00:00,6090,6140,6065,6095,72735.843309
2025-08-26T12:00:00,6095,6180,6045,6085,111071.256884
2025-08-26T16:00:00,6085,6195,6075,6180,21497.372397
2025-08-26T20:00:00,6170,6185,6095,6130,67612.90773
2025-08-27T00:00:00,6130,6190,6090,6155,68611.370178
2025-08-27T04:00:00,6155,6200,6105,6130,87559.33813
2025-08-27T08:00:00,6140,6165,6080,6125,50547.149895
2025-08-27T12:00:00,6135,6170,6080,6155,85222.896585
2025-08-27T16:00:00,6155,6170,6100,6130,33509.452021
2025-08-27T20:00:00,6130,6190,6080,6115,60357.632071
2025-08-28T00:00:00,6115,6140,6065,6140,91518.636495
2025-08-28T04:00:00,6140,6165,6120,6150,90962.807243
2025-08-28T08:00:00,6150,6180,6130,6160,65242.815734
2025-08-28T12:00:00,6160,6240,6145,6175,175267.782994
2025-08-28T16:00:00,6180,6200,6110,6120,50419.400776
2025-08-28T20:00:00,6115,6240,6110,6230,45633.213982
2025-08-29T00:00:00,6230,6255,6130,6165,144504.523586
2025-08-29T04:00:00,6165,6180,6025,6035,124474.314828
2025-08-29T08:00:00,6040,6055,5930,5975,207122.265305
2025-08-29T12:00:00,5975,6105,5920,5945,232355.774306
2025-08-29T16:00:00,5945,5980,5890,5940,87079.579638
2025-08-29T20:00:00,5950,6010,5900,5990,73056.575397
2025-08-30T00:00:00,5990,6000,5835,5985,111483.894312
2025-08-30T04:00:00,5980,6050,5970,6035,40015.387372
2025-08-30T08:00:00,6030,6040,5985,6010,45893.341408
2025-08-30T12:00:00,6010,6020,5915,6005,137888.586068
2025-08-30T16:00:00,5995,6010,5950,5990,31253.178199
2025-08-30T20:00:00,6000,6060,5980,6045,52319.933186
2025-08-31T00:00:00,6045,6100,6035,6080,107350.861839
2025-08-31T04:00:00,6080,6100,6020,6020,55433.888451
2025-08-31T08:00:00,6020,6070,5990,6020,113545.821156
2025-08-31T12:00:00,6015,6020,5950,6000,72422.158783
2025-08-31T16:00:00,6000,6000,5960,5965,25271.647507
2025-08-31T20:00:00,5960,6010,5920,5925,39569.771949
2025-09-01T00:00:00,5925,5930,5775,5845,235058.733991
2025-09-01T04:00:00,5830,6000,5760,6000,170854.677857
2025-09-01T08:00:00,6000,6200,5930,5940,567640.395651
2025-09-01T12:00:00,5950,5975,5885,5890,72703.198931
2025-09-01T16:00:00,5885,5900,5830,5900,56111.822495
2025-09-01T20:00:00,5880,5895,5760,5875,136721.546452
2025-09-02T00:00:00,5875,6015,5840,5970,146815.515036
2025-09-02T04:00:00,5965,5995,5915,5930,44015.34129
2025-09-02T08:00:00,5930,6010,5920,5985,55732.41479
2025-09-02T12:00:00,5990,6080,5885,5915,299824.245955
2025-09-02T16:00:00,5925,6015,5925,5990,28299.613313
2025-09-02T20:00:00,5990,6060,5990,6040,51385.658255
2025-09-03T00:00:00,6050,6050,5985,6010,76116.851033
2025-09-03T04:00:00,6010,6035,5940,5980,47363.979329
2025-09-03T08:00:00,5980,6020,5965,6005,43874.076145
2025-09-03T12:00:00,6000,6080,5985,6050,69512.963821
2025-09-03T16:00:00,6050,6085,6025,6075,29195.772367
2025-09-03T20:00:00,6080,6120,6060,6070,26913.079504
2025-09-04T00:00:00,6070,6075,6010,6020,64521.163337
2025-09-04T04:00:00,6020,6045,5955,5990,82148.733129
2025-09-04T08:00:00,5980,6010,5965,5970,48169.930984
2025-09-04T12:00:00,5970,5985,5905,5915,67802.018924
2025-09-04T16:00:00,5920,5945,5905,5915,38746.723395
2025-09-04T20:00:00,5915,6000,5915,5950,27982.961136
2025-09-05T00:00:00,5960,6000,5950,5990,35524.769456
2025-09-05T04:00:00,5990,6045,5975,6040,32062.385751
2025-09-05T08:00:00,6040,6045,6005,6025,45256.412361
2025-09-05T12:00:00,6020,6070,5930,5965,102075.770732
2025-09-05T16:00:00,5960,5980,5935,5950,24646.543301
2025-09-05T20:00:00,5960,5975,5935,5950,39645.423521
2025-09-06T00:00:00,5950,5970,5920,5930,76115.335797
2025-09-06T04:00:00,5930,5935,5900,5920,48291.804457
2025-09-06T08:00:00,5920,5925,5890,5900,154228.051272
2025-09-06T12:00:00,5910,5935,5880,5885,28771.4026
2025-09-06T16:00:00,5885,5925,5870,5880,27747.348178
2025-09-06T20:00:00,5880,5915,5880,5890,50432.835011
2025-09-07T00:00:00,5890,5930,5890,5920,32732.657711
2025-09-07T04:00:00,5920,5955,5910,5920,54794.130116
2025-09-07T08:00:00,5925,5940,5905,5940,34079.521783
2025-09-07T12:00:00,5940,5975,5925,5955,73925.319916
2025-09-07T16:00:00,5955,5965,5920,5955,10547.512054
2025-09-07T20:00:00,5955,5975,5945,5955,22747.550253
2025-09-08T00:00:00,5965,6075,5945,6055,80437.389495
2025-09-08T04:00:00,6055,6075,6015,6015,71288.261203
2025-09-08T08:00:00,6020,6095,6020,6060,62915.51261
2025-09-08T12:00:00,6060,6160,6045,6160,147995.135286
2025-09-08T16:00:00,6160,6180,6085,6095,47810.28102
2025-09-08T20:00:00,6095,6155,6085,6140,48105.792818
2025-09-09T00:00:00,6140,6185,6085,6175,165812.670676
2025-09-09T04:00:00,6165,6270,6145,6225,136295.39574
2025-09-09T08:00:00,6230,6290,6230,6255,134376.949776
2025-09-09T12:00:00,6255,6280,6075,6105,182501.615017
2025-09-09T16:00:00,6105,6140,6075,6125,41893.333941
2025-09-09T20:00:00,6125,6140,6095,6130,56530.253627
2025-09-10T00:00:00,6125,6175,6085,6155,93487.600599
2025-09-10T04:00:00,6155,6160,6110,6145,93746.409534
2025-09-10T08:00:00,6140,6160,6085,6105,85339.773443
2025-09-10T12:00:00,6105,6240,6105,6200,244870.341262
2025-09-10T16:00:00,6200,6225,6160,6170,77334.416006
2025-09-10T20:00:00,6195,6250,6185,6245,65525.036807
2025-09-11T00:00:00,6245,6325,6225,6320,88297.719091
2025-09-11T04:00:00,6315,6330,6245,6305,95416.077691
2025-09-11T08:00:00,6300,6320,6250,6260,85473.526749
2025-09-11T12:00:00,6260,6325,6175,6215,202297.407916
2025-09-11T16:00:00,6225,6250,6205,6250,43043.802515
2025-09-11T20:00:00,6240,6295,6230,6285,69434.519227
2025-09-12T00:00:00,6285,6335,6280,6330,142863.421205
2025-09-12T04:00:00,6330,6385,6295,6325,131909.929533
2025-09-12T08:00:00,6325,6330,6240,6240,72946.10324
2025-09-12T12:00:00,6245,6320,6230,6285,104126.935503
2025-09-12T16:00:00,6285,6390,6285,6375,86363.73733
2025-09-12T20:00:00,6375,6425,6360,6420,121891.524059
2025-09-13T00:00:00,6420,6470,6380,6440,165283.30518
2025-09-13T04:00:00,6445,6485,6410,6455,103713.051612
2025-09-13T08:00:00,6455,6550,6455,6550,164026.344484
2025-09-13T12:00:00,6540,6565,6400,6455,216520.422307
2025-09-13T16:00:00,6460,6475,6325,6400,92604.227576
2025-09-13T20:00:00,6405,6475,6400,6465,54298.043374
2025-09-14T00:00:00,6465,6475,6340,6340,160113.102175
2025-09-14T04:00:00,6340,6420,6300,6370,83617.056674
2025-09-14T08:00:00,6370,6405,6300,6305,68160.82424
2025-09-14T12:00:00,6310,6335,6190,6230,159112.274946
2025-09-14T16:00:00,6230,6320,6230,6275,33738.117699
2025-09-14T20:00:00,6295,6360,6275,6300,47529.796157
2025-09-15T00:00:00,6295,6370,6230,6345,130599.820275
2025-09-15T04:00:00,6355,6390,6220,6235,122301.628175
2025-09-15T08:00:00,6225,6350,6080,6140,158026.970528
2025-09-15T12:00:00,6140,6145,6030,6070,124456.659411
2025-09-15T16:00:00,6065,6110,6015,6100,58800.026137
2025-09-15T20:00:00,6105,6120,6085,6110,34968.119537
2025-09-16T00:00:00,6105,6115,6055,6075,73742.349079
2025-09-16T04:00:00,6070,6140,6000,6135,104244.154719
2025-09-16T08:00:00,6125,6165,6110,6135,77629.80108
2025-09-16T12:00:00,6135,6165,6070,6150,73673.083612
2025-09-16T16:00:00,6150,6175,6115,6175,22201.415794
2025-09-16T20:00:00,6175,6215,6165,6180,58288.476987
2025-09-17T00:00:00,6190,6200,6140,6145,52353.753651
2025-09-17T04:00:00,6145,6205,6110,6195,51949.643735
2025-09-17T08:00:00,6190,6195,6100,6165,82721.752176
2025-09-17T12:00:00,6165,6165,6100,6110,53446.037873
2025-09-17T16:00:00,6110,6220,6080,6215,112408.847447
2025-09-17T20:00:00,6210,6395,6175,6345,127605.296368
2025-09-18T00:00:00,6340,6425,6320,6425,126498.704079
2025-09-18T04:00:00,6425,6430,6320,6370,90107.106929
2025-09-18T08:00:00,6370,6460,6365,6395,98132.474842
2025-09-18T12:00:00,6395,6490,6385,6490,141112.393857
2025-09-18T16:00:00,6490,6570,6470,6525,129587.434604
2025-09-18T20:00:00,6515,6565,6480,6505,124685.580048
2025-09-19T00:00:00,6515,6640,6505,6510,462623.484884
2025-09-19T04:00:00,6515,6575,6435,6480,217243.652564
2025-09-19T08:00:00,6480,6545,6380,6415,172306.434079
2025-09-19T12:00:00,6420,6495,6380,6435,83772.91981
2025-09-19T16:00:00,6440,6465,6370,6385,56852.68606
2025-09-19T20:00:00,6385,6420,6345,6390,41379.769829
2025-09-20T00:00:00,6375,6440,6375,6390,221492.54789
2025-09-20T04:00:00,6395,6590,6390,6585,120010.218562
2025-09-20T08:00:00,6585,6630,6425,6485,279435.777876
2025-09-20T12:00:00,6495,6560,6440,6510,119916.984091
2025-09-20T16:00:00,6520,6595,6430,6435,84148.571201
2025-09-20T20:00:00,6445,6515,6435,6475,42256.581517
2025-09-21T00:00:00,6470,6500,6425,6480,90080.001885
2025-09-21T04:00:00,6485,6570,6445,6550,77038.340563
2025-09-21T08:00:00,6555,6570,6410,6465,119364.296985
2025-09-21T12:00:00,6465,6530,6430,6445,96401.421233
2025-09-21T16:00:00,6445,6520,6410,6520,48234.871249
2025-09-21T20:00:00,6520,6520,6455,6460,56666.794848
2025-09-22T00:00:00,6455,6495,6185,6265,323050.649979
2025-09-22T04:00:00,6265,6290,6000,6055,331633.000731
2025-09-22T08:00:00,6050,6100,6000,6060,166087.907867
2025-09-22T12:00:00,6060,6100,6010,6020,132695.154267
2025-09-22T16:00:00,6020,6045,5990,5995,79819.991071
2025-09-22T20:00:00,5995,6145,5990,6135,46177.298112
2025-09-23T00:00:00,6145,6170,5985,6100,165520.2532
2025-09-23T04:00:00,6100,6210,6045,6165,88810.114254
2025-09-23T08:00:00,6165,6225,6155,6170,75439.361827
2025-09-23T12:00:00,6165,6170,6105,6125,68336.89349
2025-09-23T16:00:00,6120,6185,6065,6075,37871.697494
2025-09-23T20:00:00,6075,6165,6075,6115,37480.278395
2025-09-24T00:00:00,6115,6175,6070,6070,44300.39798
2025-09-24T04:00:00,6065,6135,6005,6105,83299.088261
2025-09-24T08:00:00,6120,6180,6095,6145,63523.265821
2025-09-24T12:00:00,6145,6165,6075,6080,86200.627024
2025-09-24T16:00:00,6080,6120,6025,6045,46795.766474
2025-09-24T20:00:00,6045,6060,5990,6010,104547.624607
2025-09-25T00:00:00,6010,6020,5930,5970,178936.343063
2025-09-25T04:00:00,5970,5980,5885,5915,236107.267935
2025-09-25T08:00:00,5905,5955,5870,5890,130553.192674
2025-09-25T12:00:00,5890,5935,5795,5860,207990.001197
2025-09-25T16:00:00,5860,5875,5705,5765,163618.351096
2025-09-25T20:00:00,5770,5780,5670,5715,194186.345555
2025-09-26T00:00:00,5720,5795,5670,5775,122549.927339
2025-09-26T04:00:00,5785,5790,5690,5725,106052.846936
2025-09-26T08:00:00,5740,5795,5670,5720,101552.564446
2025-09-26T12:00:00,5720,5835,5685,5835,106629.188736
2025-09-26T16:00:00,5835,5900,5820,5870,103607.839996
2025-09-26T20:00:00,5870,5935,5855,5920,90259.784192
2025-09-27T00:00:00,5920,5930,5870,5880,46691.533811
2025-09-27T04:00:00,5870,5925,5865,5910,15624.929857
2025-09-27T08:00:00,5895,5920,5825,5880,46072.470661
2025-09-27T12:00:00,5875,5935,5865,5925,57816.079914
2025-09-27T16:00:00,5930,6035,5910,6020,28152.112323
2025-09-27T20:00:00,6030,6140,6030,6070,83877.532383
2025-09-28T00:00:00,6085,6090,5970,6015,58166.171528
2025-09-28T04:00:00,6015,6015,5900,5915,46757.847255
2025-09-28T08:00:00,5925,5925,5870,5890,68476.422296
2025-09-28T12:00:00,5890,5975,5865,5955,49856.300124
2025-09-28T16:00:00,5960,5990,5950,5970,12955.334934
2025-09-28T20:00:00,5975,6080,5965,6060,47915.802371
2025-09-29T00:00:00,6060,6075,6020,6055,63913.924011
2025-09-29T04:00:00,6060,6100,6035,6060,93940.799396
2025-09-29T08:00:00,6070,6140,6020,6085,102589.326397
2025-09-29T12:00:00,6085,6160,6005,6100,204347.978998
2025-09-29T16:00:00,6120,6135,6050,6135,34981.408489
2025-09-29T20:00:00,6135,6175,6100,6105,60448.117361
2025-09-30T00:00:00,6105,6115,6045,6065,94358.177674
2025-09-30T04:00:00,6075,6085,6035,6035,86195.802002
2025-09-30T08:00:00,6035,6140,5985,6120,149706.273997
2025-09-30T12:00:00,6120,6150,6035,6105,97316.669785
2025-09-30T16:00:00,6085,6205,6050,6200,37095.412266
2025-09-30T20:00:00,6205,6290,6190,6285,136820.255391
2025-10-01T00:00:00,6285,6445,6285,6315,467056.378051
2025-10-01T04:00:00,6320,6390,6255,6350,234719.124056
2025-10-01T08:00:00,6350,6565,6335,6540,364901.906667
2025-10-01T12:00:00,6540,6595,6465,6595,215744.1829
2025-10-01T16:00:00,6600,6810,6570,6775,162527.150186
2025-10-01T20:00:00,6775,6930,6755,6925,215540.748255
2025-10-02T00:00:00,6925,6985,6840,6980,418105.763784
2025-10-02T04:00:00,6980,7096,6865,6900,286763.599227
2025-10-02T08:00:00,6900,7286,6895,7255,309492.581393
2025-10-02T12:00:00,7260,7300,7005,7120,504883.946477
2025-10-02T16:00:00,7120,7345,7095,7340,151592.122194
2025-10-02T20:00:00,7335,7415,7280,7400,201160.350363
2025-10-03T00:00:00,7395,7420,7210,7245,277589.04123
2025-10-03T04:00:00,7250,7350,7190,7275,131030.393902
2025-10-03T08:00:00,7275,7365,7230,7355,102270.33731
2025-10-03T12:00:00,7360,7675,7335,7620,542898.59706
2025-10-03T16:00:00,7620,7696,7395,7675,214214.95619
2025-10-03T20:00:00,7665,7696,7600,7615,136839.503949
2025-10-04T00:00:00,7615,7770,7570,7750,356279.394224
2025-10-04T04:00:00,7750,7880,7715,7880,324465.043391
2025-10-04T08:00:00,7880,7900,7300,7355,569192.421466
2025-10-04T12:00:00,7375,7455,7315,7345,168832.962242
2025-10-04T16:00:00,7375,7510,7345,7510,43548.642113
2025-10-04T20:00:00,7515,7520,7420,7430,57497.018379
2025-10-05T00:00:00,7430,7605,7430,7510,350966.574996
2025-10-05T04:00:00,7520,7950,7520,7935,379405.580602
2025-10-05T08:00:00,7930,8030,7730,7900,695135.071566
2025-10-05T12:00:00,7905,7910,7680,7860,373372.42917
2025-10-05T16:00:00,7840,7940,7745,7750,203637.724935
2025-10-05T20:00:00,7750,7940,7745,7835,180292.252225
2025-10-06T00:00:00,7840,7880,7670,7785,318995.206677
2025-10-06T04:00:00,7795,7805,7625,7670,233631.579558
2025-10-06T08:00:00,7670,7675,7500,7565,306015.129731
2025-10-06T12:00:00,7570,7715,7560,7655,296934.655356
2025-10-06T16:00:00,7650,7790,7565,7700,131072.8475
2025-10-06T20:00:00,7705,7705,7520,7525,203067.202314
2025-10-07T00:00:00,7540,7630,7435,7505,280697.740039
2025-10-07T04:00:00,7505,7720,7445,7640,344131.87005
2025-10-07T08:00:00,7640,7805,7550,7760,445576.250408
2025-10-07T12:00:00,7760,7825,7510,7540,455771.596444
2025-10-07T16:00:00,7550,7750,7480,7680,183622.32733
2025-10-07T20:00:00,7680,7780,7645,7680,131765.53116
2025-10-08T00:00:00,7685,7800,7600,7600,246651.280703
2025-10-08T04:00:00,7600,7800,7570,7670,209708.935963
2025-10-08T08:00:00,7675,7680,7510,7540,217204.19239
2025-10-08T12:00:00,7535,7645,7460,7555,154554.591817
2025-10-08T16:00:00,7545,7650,7505,7530,81349.852702
2025-10-08T20:00:00,7530,7545,7450,7470,123162.189014
2025-10-09T00:00:00,7470,7475,7240,7335,284763.989674
2025-10-09T04:00:00,7335,7395,7285,7340,101337.883668
2025-10-09T08:00:00,7340,7355,7210,7210,191896.214251
2025-10-09T12:00:00,7210,7250,7030,7210,303166.716012
2025-10-09T16:00:00,7200,7360,7155,7350,60216.805147
2025-10-09T20:00:00,7360,7380,7295,7305,63503.096724
2025-10-10T00:00:00,7310,7460,7305,7420,227776.81879
2025-10-10T04:00:00,7425,7430,7240,7250,117409.266627
2025-10-10T08:00:00,7250,7275,7185,7205,116225.170471
2025-10-10T12:00:00,7220,7375,7050,7230,373433.801619
2025-10-10T16:00:00,7220,7260,7090,7100,135759.840231
2025-10-10T20:00:00,7100,7130,5500,5840,1801329.050457
2025-10-11T00:00:00,5840,6130,5335,5955,1419336.30259
2025-10-11T04:00:00,5945,6240,5920,6065,365451.305971
2025-10-11T08:00:00,6075,6240,5850,5930,342087.893827
2025-10-11T12:00:00,5925,5925,5645,5875,434499.081915
2025-10-11T16:00:00,5865,6020,5620,5660,160716.607418
2025-10-11T20:00:00,5655,5675,5520,5620,187188.022748
2025-10-12T00:00:00,5615,5630,5390,5455,443660.642045
2025-10-12T04:00:00,5450,5620,5430,5555,243530.877975
2025-10-12T08:00:00,5555,5570,5410,5490,322309.161812
2025-10-12T12:00:00,5490,6085,5415,5955,961792.102724
2025-10-12T16:00:00,5950,6005,5845,5990,381896.46806
2025-10-12T20:00:00,6000,6050,5840,5920,381442.874183
2025-10-13T00:00:00,5920,5950,5775,5805,426804.417901
2025-10-13T04:00:00,5805,5850,5740,5755,584185.498866
2025-10-13T08:00:00,5755,5810,5510,5610,1150130.752416
2025-10-13T12:00:00,5610,5755,5570,5730,872905.71507
2025-10-13T16:00:00,5735,5850,5690,5835,360182.14656
2025-10-13T20:00:00,5835,5900,5800,5860,483664.886298
2025-10-14T00:00:00,5855,5895,5665,5695,660810.973332
2025-10-14T04:00:00,5695,5715,5425,5485,929211.03255
2025-10-14T08:00:00,5490,5580,5445,5530,540225.349539
2025-10-14T12:00:00,5530,5560,5415,5545,581530.270291
2025-10-14T16:00:00,5550,5620,5460,5515,312891.018851
2025-10-14T20:00:00,5525,5575,5485,5555,169550.537699
2025-10-15T00:00:00,5555,5580,5470,5540,363041.659479
2025-10-15T04:00:00,5540,5580,5485,5560,257486.622749
2025-10-15T08:00:00,5560,5630,5455,5475,384097.002968
2025-10-15T12:00:00,5475,5475,5290,5325,847275.070959
2025-10-15T16:00:00,5335,5375,5295,5310,209819.870707
2025-10-15T20:00:00,5320,5365,5250,5360,200732.584075
2025-10-16T00:00:00,5355,5450,5265,5285,374953.861835
2025-10-16T04:00:00,5290,5335,5265,5305,281545.016913
2025-10-16T08:00:00,5305,5360,5125,5350,475208.222398
2025-10-16T12:00:00,5350,5385,5145,5170,403955.306529
2025-10-16T16:00:00,5165,5210,5035,5070,439929.801993
2025-10-16T20:00:00,5080,5100,5000,5040,355732.731961
2025-10-17T00:00:00,5050,5105,4955,4983,568296.106861
2025-10-17T04:00:00,4983,4985,4603,4625,1425114.671234
2025-10-17T08:00:00,4624,4800,4561,4793,796894.785526
2025-10-17T12:00:00,4794,4884,4726,4871,323648.430648
2025-10-17T16:00:00,4874,4945,4834,4852,150538.094305
2025-10-17T20:00:00,4851,4939,4844,4901,132199.752509
2025-10-18T00:00:00,4910,4959,4885,4897,135564.256108
2025-10-18T04:00:00,4897,4897,4777,4782,288178.395636
2025-10-18T08:00:00,4785,4895,4769,4872,165132.13201
2025-10-18T12:00:00,4872,4885,4779,4832,178519.908003
2025-10-18T16:00:00,4832,4913,4799,4885,61778.881227
2025-10-18T20:00:00,4888,4915,4863,4899,44735.620986
2025-10-19T00:00:00,4896,4899,4814,4835,138975.985457
2025-10-19T04:00:00,4833,4865,4818,4836,112793.239502
2025-10-19T08:00:00,4836,4905,4750,4846,337803.046306
2025-10-19T12:00:00,4846,4932,4797,4914,299602.054604
2025-10-19T16:00:00,4912,4928,4823,4852,137198.398613
2025-10-19T20:00:00,4852,4905,4839,4854,148875.262452
2025-10-20T00:00:00,4854,4926,4762,4913,220009.563982
2025-10-20T04:00:00,4913,5000,4867,4915,324039.759327
2025-10-20T08:00:00,4920,5005,4888,4990,244196.914845
2025-10-20T12:00:00,4990,5040,4928,4928,256795.690044
2025-10-20T16:00:00,4927,4937,4830,4890,210509.189621
2025-10-20T20:00:00,4890,4920,4875,4896,72233.793031
2025-10-21T00:00:00,4896,4904,4763,4778,316139.80354
2025-10-21T04:00:00,4772,4782,4698,4761,299788.043665
2025-10-21T08:00:00,4761,4783,4707,4770,74606.642582
2025-10-21T12:00:00,4770,5010,4747,4992,349010.108815
2025-10-21T16:00:00,4992,5035,4900,4933,235419.779799
2025-10-21T20:00:00,4925,4930,4803,4852,131638.049107
2025-10-22T00:00:00,4852,5010,4842,4878,425465.774158
2025-10-22T04:00:00,4872,4918,4800,4884,195555.384107
2025-10-22T08:00:00,4871,5115,4837,5025,510279.150259
2025-10-22T12:00:00,5035,5110,4954,4983,467404.597191
2025-10-22T16:00:00,4986,5010,4852,4883,125447.690634
2025-10-22T20:00:00,4890,4891,4735,4842,222304.140663
2025-10-23T00:00:00,4837,4857,4805,4830,133656.325789
2025-10-23T04:00:00,4828,4905,4797,4862,212407.891449
2025-10-23T08:00:00,4862,4917,4830,4832,166469.43315
2025-10-23T12:00:00,4832,4959,4793,4922,191210.080909
2025-10-23T16:00:00,4928,4974,4906,4935,44884.598269
2025-10-23T20:00:00,4935,4935,4841,4884,119144.345029
2025-10-24T00:00:00,4884,4909,4766,4782,259983.496656
2025-10-24T04:00:00,4781,4879,4761,4837,257257.093195
2025-10-24T08:00:00,4837,4891,4804,4849,191356.790257
2025-10-24T12:00:00,4849,4940,4784,4856,320995.621812
2025-10-24T16:00:00,4856,4919,4821,4898,99097.171063
2025-10-24T20:00:00,4899,4949,4895,4934,90311.47323
2025-10-25T00:00:00,4934,4973,4898,4904,234251.306821
2025-10-25T04:00:00,4904,5150,4850,4880,446685.623497
2025-10-25T08:00:00,4880,4938,4873,4934,80024.753595
2025-10-25T12:00:00,4933,4965,4904,4905,141968.681831
2025-10-25T16:00:00,4905,4922,4894,4915,14971.479809
2025-10-25T20:00:00,4915,4937,4901,4930,6392.76365
2025-10-26T00:00:00,4935,4949,4895,4910,146777.432923
2025-10-26T04:00:00,4912,4967,4911,4945,145730.99982
2025-10-26T08:00:00,4955,5130,4950,5115,352748.175761
2025-10-26T12:00:00,5115,5320,5110,5315,502693.631802
2025-10-26T16:00:00,5315,5370,5210,5285,218987.465011
2025-10-26T20:00:00,5290,5340,5210,5300,253769.710127
2025-10-27T00:00:00,5310,5350,5255,5300,196896.596285
2025-10-27T04:00:00,5300,5385,5165,5220,188788.978178
2025-10-27T08:00:00,5215,5240,5130,5170,189169.482287
2025-10-27T12:00:00,5175,5185,5055,5130,163749.356935
2025-10-27T16:00:00,5135,5215,5130,5145,68162.233032
2025-10-27T20:00:00,5145,5155,5090,5115,61926.315613
2025-10-28T00:00:00,5110,5140,5070,5075,125046.639201
2025-10-28T04:00:00,5075,5195,5050,5110,142198.085559
2025-10-28T08:00:00,5125,5185,5100,5115,60522.687395
2025-10-28T12:00:00,5115,5180,5030,5100,114689.121926
2025-10-28T16:00:00,5105,5145,5070,5090,43225.448659
2025-10-28T20:00:00,5090,5090,4940,5000,175042.804749
2025-10-29T00:00:00,5000,5025,4966,4970,106468.506383
2025-10-29T04:00:00,4970,4999,4960,4988,80003.674676
2025-10-29T08:00:00,4983,5080,4951,5065,97149.062073
2025-10-29T12:00:00,5065,5090,4977,4995,90066.444138
2025-10-29T16:00:00,4987,5200,4960,5165,171623.801202
2025-10-29T20:00:00,5165,5235,5055,5080,153465.84569
2025-10-30T00:00:00,5090,5160,5045,5085,123472.041322
2025-10-30T04:00:00,5090,5155,4925,5150,250716.524792
2025-10-30T08:00:00,5145,5160,5015,5035,244571.243165
2025-10-30T12:00:00,5025,5040,4803,4815,351288.739208
2025-10-30T16:00:00,4816,4844,4670,4685,143545.682843
2025-10-30T20:00:00,4682,4869,4670,4864,93689.664776
2025-10-31T00:00:00,4858,4913,4827,4841,97255.380987
2025-10-31T04:00:00,4847,4915,4833,4841,64745.094345
2025-10-31T08:00:00,4841,4910,4800,4905,245542.201964
2025-10-31T12:00:00,4898,4937,4870,4915,59493.063568
2025-10-31T16:00:00,4914,4929,4792,4911,49290.142762
2025-10-31T20:00:00,4912,4928,4866,4883,21923.459928
2025-11-01T00:00:00,4883,4927,4855,4907,77332.62403
2025-11-01T04:00:00,4904,4917,4823,4905,68949.454064
2025-11-01T08:00:00,4906,4926,4876,4892,85973.941171
2025-11-01T12:00:00,4899,4968,4885,4944,116459.612417
2025-11-01T16:00:00,4937,4971,4921,4925,27330.097558
2025-11-01T20:00:00,4937,4964,4898,4963,19854.169116
2025-11-02T00:00:00,4961,4961,4895,4902,47401.609463
2025-11-02T04:00:00,4902,5045,4895,5040,76277.167068
2025-11-02T08:00:00,5030,5090,4979,5030,113550.918998
2025-11-02T12:00:00,5040,5080,4883,4896,142495.951329
2025-11-02T16:00:00,4891,4930,4841,4885,49563.379712
2025-11-02T20:00:00,4895,5020,4895,5000,44491.535331
2025-11-03T00:00:00,5005,5015,4699,4708,302808.899287
2025-11-03T04:00:00,4708,4758,4594,4685,366576.474768
2025-11-03T08:00:00,4691,4717,4582,4642,360220.255284
2025-11-03T12:00:00,4642,4681,4250,4285,575705.386552
2025-11-03T16:00:00,4284,4411,4223,4226,288349.09596
2025-11-03T20:00:00,4232,4236,4084,4148,551778.138416
2025-11-04T00:00:00,4150,4262,4116,4176,344927.551553
2025-11-04T04:00:00,4171,4217,3902,3912,916744.645569
2025-11-04T08:00:00,3915,4130,3882,4083,411408.449863
2025-11-04T12:00:00,4083,4098,3912,3990,375460.88657
2025-11-04T16:00:00,3990,4010,3770,3809,395350.164361
2025-11-04T20:00:00,3809,3884,3577,3860,725152.07666
2025-11-05T00:00:00,3860,3935,3583,3896,756507.354553
2025-11-05T04:00:00,3899,3933,3841,3892,177061.065961
2025-11-05T08:00:00,3890,3915,3802,3898,179894.436923
2025-11-05T12:00:00,3898,3976,3872,3967,145564.356259
2025-11-05T16:00:00,3969,4014,3924,3994,83967.553773
2025-11-05T20:00:00,3994,4050,3970,4024,98325.214028
2025-11-06T00:00:00,4022,4029,3906,3998,147743.578607
2025-11-06T04:00:00,3997,4012,3895,3921,97609.398571
2025-11-06T08:00:00,3923,3985,3895,3948,77287.865955
2025-11-06T12:00:00,3951,4058,3903,4040,277228.743339
2025-11-06T16:00:00,4035,4115,3961,4059,209733.81292
2025-11-06T20:00:00,4068,4152,4012,4101,206999.27033
2025-11-07T00:00:00,4101,4685,4084,4515,2264490.307503
2025-11-07T04:00:00,4523,4734,4480,4734,2221832.709143
2025-11-07T08:00:00,4733,4733,4352,4384,860068.073111
2025-11-07T12:00:00,4387,4714,4246,4687,771016.433457
2025-11-07T16:00:00,4695,4837,4568,4741,635919.795228
2025-11-07T20:00:00,4740,4880,4700,4708,284141.651623
2025-11-08T00:00:00,4729,4845,4646,4675,331731.78521
2025-11-08T04:00:00,4686,4726,4547,4639,279365.728581
2025-11-08T08:00:00,4638,4734,4600,4699,157394.575884
2025-11-08T12:00:00,4699,4737,4490,4516,239370.060045
2025-11-08T16:00:00,4518,4609,4454,4563,62394.260015
2025-11-08T20:00:00,4575,4625,4551,4599,39116.910707
2025-11-09T00:00:00,4604,4604,4402,4430,129223.572191
2025-11-09T04:00:00,4430,4516,4426,4502,116654.308406
2025-11-09T08:00:00,4511,4536,4380,4513,105260.071012
2025-11-09T12:00:00,4510,4661,4506,4638,135164.938333
2025-11-09T16:00:00,4645,4823,4615,4823,148598.293861
2025-11-09T20:00:00,4811,4835,4740,4799,80521.966289
2025-11-10T00:00:00,4799,4852,4742,4824,181543.733087
2025-11-10T04:00:00,4822,4866,4760,4786,112163.042152
2025-11-10T08:00:00,4795,4926,4750,4854,194511.75615
2025-11-10T12:00:00,4855,4868,4667,4791,196905.285032
2025-11-10T16:00:00,4797,4875,4720,4822,31257.495137
2025-11-10T20:00:00,4834,4961,4795,4882,101951.266557
2025-11-11T00:00:00,4888,4999,4837,4942,288619.825109
2025-11-11T04:00:00,4942,4955,4708,4708,191484.262443
2025-11-11T08:00:00,4713,4810,4683,4763,102420.945464
2025-11-11T12:00:00,4756,4867,4719,4788,89133.075697
2025-11-11T16:00:00,4783,4814,4659,4662,69085.896387
2025-11-11T20:00:00,4672,4685,4596,4642,81345.876687
2025-11-12T00:00:00,4642,4700,4564,4694,114996.737316
2025-11-12T04:00:00,4687,4698,4638,4651,71243.934309
2025-11-12T08:00:00,4646,4789,4645,4692,111080.068948
2025-11-12T12:00:00,4692,4727,4546,4605,194647.277659
2025-11-12T16:00:00,4612,4633,4500,4552,87444.862034
2025-11-12T20:00:00,4547,4643,4534,4575,67395.641817
2025-11-13T00:00:00,4584,4626,4480,4595,105056.13862
2025-11-13T04:00:00,4594,4690,4570,4615,76852.470717
2025-11-13T08:00:00,4611,4642,4558,4604,38234.83966
2025-11-13T12:00:00,4609,4728,4553,4604,143614.850648
2025-11-13T16:00:00,4606,4615,4370,4381,141789.892381
2025-11-13T20:00:00,4380,4550,4370,4515,93139.407184
2025-11-14T00:00:00,4505,4530,4405,4418,104116.724658
2025-11-14T04:00:00,4420,4495,4284,4466,195987.332267
2025-11-14T08:00:00,4466,4467,4354,4366,113145.277733
2025-11-14T12:00:00,4360,4707,4283,4695,345271.243136
2025-11-14T16:00:00,4699,4750,4587,4598,224047.279075
2025-11-14T20:00:00,4597,4598,4378,4423,94881.345241
2025-11-15T00:00:00,4430,4526,4423,4471,224366.872623
2025-11-15T04:00:00,4471,4571,4465,4478,127479.968584
2025-11-15T08:00:00,4477,4481,4360,4364,159916.576048
2025-11-15T12:00:00,4368,4462,4364,4433,46553.331481
2025-11-15T16:00:00,4430,4482,4398,4438,16449.51848
2025-11-15T20:00:00,4438,4448,4386,4417,30470.331472
2025-11-16T00:00:00,4416,4431,4323,4428,66655.155745
2025-11-16T04:00:00,4423,4465,4384,4427,26018.820117
2025-11-16T08:00:00,4430,4442,4330,4344,54969.47674
2025-11-16T12:00:00,4343,4369,4271,4279,83121.71471
2025-11-16T16:00:00,4288,4310,4136,4212,143700.660032
2025-11-16T20:00:00,4215,4249,4127,4221,119172.713983
2025-11-17T00:00:00,4221,4321,4190,4312,89941.272227
2025-11-17T04:00:00,4318,4337,4261,4334,61416.460747
2025-11-17T08:00:00,4329,4357,4294,4342,33530.975261
2025-11-17T12:00:00,4345,4400,4199,4258,185543.35968
2025-11-17T16:00:00,4258,4306,4070,4090,100880.322404
2025-11-17T20:00:00,4086,4133,4041,4110,93643.638975
2025-11-18T00:00:00,4110,4185,4046,4162,155485.290295
2025-11-18T04:00:00,4162,4227,4110,4163,133830.140875
2025-11-18T08:00:00,4163,4309,4162,4260,200935.670602
2025-11-18T12:00:00,4259,4380,4181,4355,111205.378679
2025-11-18T16:00:00,4338,4382,4309,4351,59912.617327
2025-11-18T20:00:00,4350,4364,4272,4315,37949.254625
2025-11-19T00:00:00,4315,4338,4261,4261,38128.821325
2025-11-19T04:00:00,4269,4282,4180,4278,48523.337542
2025-11-19T08:00:00,4273,4329,4240,4314,53272.997971
2025-11-19T12:00:00,4327,4327,4196,4201,86971.882119
2025-11-19T16:00:00,4200,4224,4064,4089,86620.399653
2025-11-19T20:00:00,4090,4300,4084,4300,57207.185749
2025-11-20T00:00:00,4300,4445,4288,4428,69840.968226
2025-11-20T04:00:00,4421,4462,4370,4415,55949.343225
2025-11-20T08:00:00,4412,4512,4399,4511,77412.468514
2025-11-20T12:00:00,4504,4549,4404,4404,173957.911007
2025-11-20T16:00:00,4404,4404,4139,4194,185550.869192
2025-11-20T20:00:00,4179,4283,4103,4108,143082.447243
2025-11-21T00:00:00,4108,4224,4044,4047,209930.477144
2025-11-21T04:00:00,4054,4058,3659,3831,331815.62587
2025-11-21T08:00:00,3822,3874,3687,3705,317816.423534
2025-11-21T12:00:00,3705,3840,3630,3702,375697.337507
2025-11-21T16:00:00,3719,3830,3672,3685,268996.063204
2025-11-21T20:00:00,3685,3687,3522,3600,511116.88318
2025-11-22T00:00:00,3601,3635,3555,3572,283979.784416
2025-11-22T04:00:00,3572,3572,3439,3518,361452.167119
2025-11-22T08:00:00,3517,3529,3459,3505,212935.733396
2025-11-22T12:00:00,3505,3533,3442,3492,135788.644776
2025-11-22T16:00:00,3485,3519,3455,3480,64884.090053
2025-11-22T20:00:00,3487,3549,3466,3503,66986.615789
2025-11-23T00:00:00,3499,3563,3475,3542,191611.954272
2025-11-23T04:00:00,3542,3584,3500,3533,117628.110929
2025-11-23T08:00:00,3535,3570,3521,3546,55651.762633
2025-11-23T12:00:00,3553,3579,3514,3556,159492.733895
2025-11-23T16:00:00,3555,3579,3506,3560,148738.484675
2025-11-23T20:00:00,3562,3610,3544,3556,96893.877618
2025-11-24T00:00:00,3555,3608,3498,3581,167034.680199
2025-11-24T04:00:00,3580,3588,3486,3494,147304.741335
2025-11-24T08:00:00,3494,3494,3385,3429,270003.559071
2025-11-24T12:00:00,3429,3460,3385,3415,264293.704518
2025-11-24T16:00:00,3417,3558,3416,3528,128862.226196
2025-11-24T20:00:00,3528,3583,3518,3519,285042.418109
2025-11-25T00:00:00,3522,3551,3457,3465,259102.854401
2025-11-25T04:00:00,3465,3490,3398,3399,271239.732489
2025-11-25T08:00:00,3400,3419,3360,3385,351796.231479
2025-11-25T12:00:00,3385,3418,3305,3339,526118.718774
2025-11-25T16:00:00,3345,3440,3307,3345,244043.713345
2025-11-25T20:00:00,3348,3460,3348,3431,317894.306157
2025-11-26T00:00:00,3435,3435,3372,3384,305179.227604
2025-11-26T04:00:00,3389,3420,3380,3413,186863.014195
2025-11-26T08:00:00,3413,3417,3341,3350,267011.089479
2025-11-26T12:00:00,3350,3350,3223,3247,599803.681276
2025-11-26T16:00:00,3247,3409,3247,3387,280285.701647
2025-11-26T20:00:00,3387,3411,3354,3396,215514.556402
2025-11-27T00:00:00,3396,3440,3351,3353,399428.281103
2025-11-27T04:00:00,3352,3391,3337,3376,289478.1221
2025-11-27T08:00:00,3378,3420,3368,3389,372090.100783
2025-11-27T12:00:00,3391,3473,3382,3446,341047.676798
2025-11-27T16:00:00,3457,3509,3457,3463,57322.088106
2025-11-27T20:00:00,3462,3467,3391,3400,128161.814005
2025-11-28T00:00:00,3400,3415,3332,3362,366636.69689
2025-11-28T04:00:00,3370,3372,3319,3360,236970.688094
2025-11-28T08:00:00,3360,3410,3349,3384,234706.782236
2025-11-28T12:00:00,3381,3400,3287,3298,977196.366599
2025-11-28T16:00:00,3302,3302,3182,3200,975848.338033
2025-11-28T20:00:00,3200,3241,3172,3236,428453.084008
2025-11-29T00:00:00,3236,3241,3188,3198,469940.964422
2025-11-29T04:00:00,3198,3214,3159,3172,414109.366839
2025-11-29T08:00:00,3170,3176,3103,3115,964219.570952
2025-11-29T12:00:00,3115,3118,3030,3048,1660158.0625
2025-11-29T16:00:00,3048,3053,2962,3032,864846.845065
2025-11-29T20:00:00,3034,3066,3019,3053,219754.688688
2025-11-30T00:00:00,3053,3053,3010,3047,469189.876861
2025-11-30T04:00:00,3047,3080,3008,3039,393920.622215
2025-11-30T08:00:00,3037,3047,3010,3015,346216.320453
2025-11-30T12:00:00,3015,3065,3001,3034,328379.061199
2025-11-30T16:00:00,3034,3075,3024,3043,145928.471359
2025-11-30T20:00:00,3040,3046,2980,2987,451569.94979
2025-12-01T00:00:00,2987,2987,2751,2780,1799855.105795
2025-12-01T04:00:00,2780,2796,2724,2753,501839.006429
2025-12-01T08:00:00,2753,2776,2734,2753,272835.151966
2025-12-01T12:00:00,2753,2810,2718,2760,480891.387638
2025-12-01T16:00:00,2758,2778,2718,2759,248384.850664
2025-12-01T20:00:00,2758,2812,2758,2800,212977.686121
2025-12-02T00:00:00,2800,2812,2756,2784,395565.020322
2025-12-02T04:00:00,2786,2929,2773,2903,435903.858382
2025-12-02T08:00:00,2908,2910,2804,2830,333200.084985
2025-12-02T12:00:00,2831,2989,2830,2983,462403.923508
2025-12-02T16:00:00,2985,2988,2933,2947,208178.248718
2025-12-02T20:00:00,2947,2947,2898,2926,185083.890247
2025-12-03T00:00:00,2928,2994,2925,2966,459205.884547
2025-12-03T04:00:00,2962,3009,2958,2990,229317.440749
2025-12-03T08:00:00,2990,3020,2962,2973,227081.686215
2025-12-03T12:00:00,2973,3000,2910,2953,309798.462301
2025-12-03T16:00:00,2959,2984,2941,2978,89046.963724
2025-12-03T20:00:00,2980,3030,2968,3004,119142.630658
2025-12-04T00:00:00,3003,3029,2979,2995,280094.662375
2025-12-04T04:00:00,2995,3001,2961,2970,175983.999571
2025-12-04T08:00:00,2964,2997,2953,2965,155809.827995
2025-12-04T12:00:00,2967,2985,2918,2964,188904.850154
2025-12-04T16:00:00,2968,2983,2864,2916,123020.616719
2025-12-04T20:00:00,2917,2924,2886,2891,114874.15728
2025-12-05T00:00:00,2890,2918,2870,2873,189505.1157
2025-12-05T04:00:00,2873,2881,2818,2848,337279.156969
2025-12-05T08:00:00,2842,2847,2742,2759,480271.738768
2025-12-05T12:00:00,2760,2770,2701,2712,580316.034045
2025-12-05T16:00:00,2715,2719,2573,2605,709858.161511
2025-12-05T20:00:00,2608,2636,2580,2626,367203.353998
2025-12-06T00:00:00,2627,2628,2564,2611,528187.390208
2025-12-06T04:00:00,2611,2611,2563,2590,257149.694082
2025-12-06T08:00:00,2591,2592,2526,2570,382368.169778
2025-12-06T12:00:00,2571,2653,2557,2630,243036.233499
2025-12-06T16:00:00,2630,2714,2630,2640,179527.432743
2025-12-06T20:00:00,2642,2660,2611,2632,168395.089186
2025-12-07T00:00:00,2632,2636,2602,2616,212500.299781
2025-12-07T04:00:00,2615,2620,2584,2590,195892.706069
2025-12-07T08:00:00,2590,2599,2551,2557,254306.313418
2025-12-07T12:00:00,2557,2609,2500,2582,467070.558116
2025-12-07T16:00:00,2585,2648,2553,2624,146225.207316
2025-12-07T20:00:00,2624,2624,2505,2557,242667.28041
2025-12-08T00:00:00,2559,2605,2519,2593,249224.359557
2025-12-08T04:00:00,2595,2646,2585,2627,299050.061923
2025-12-08T08:00:00,2623,2657,2612,2626,119257.91031
2025-12-08T12:00:00,2621,2680,2610,2644,266101.254084
2025-12-08T16:00:00,2642,2681,2619,2653,109024.847093
2025-12-08T20:00:00,2661,2696,2659,2672,111098.903614
2025-12-09T00:00:00,2672,2680,2610,2648,202903.047754
2025-12-09T04:00:00,2639,2663,2578,2659,209018.772901
2025-12-09T08:00:00,2658,2666,2573,2603,134142.4392
2025-12-09T12:00:00,2599,2719,2598,2718,230407.544218
2025-12-09T16:00:00,2719,2837,2719,2803,372478.342807
2025-12-09T20:00:00,2803,2820,2749,2790,197867.007136
2025-12-10T00:00:00,2796,2799,2725,2734,155125.986316
2025-12-10T04:00:00,2734,2742,2698,2714,235308.562989
2025-12-10T08:00:00,2714,2714,2648,2656,327918.906603
2025-12-10T12:00:00,2660,2688,2637,2673,208769.958906
2025-12-10T16:00:00,2670,2765,2665,2762,131802.139309
2025-12-10T20:00:00,2760,2830,2637,2642,316665.968659
2025-12-11T00:00:00,2642,2647,2527,2533,408945.697378
2025-12-11T04:00:00,2530,2596,2518,2550,144263.44748
2025-12-11T08:00:00,2550,2557,2532,2547,121232.319172
2025-12-11T12:00:00,2548,2562,2515,2535,217377.597888
2025-12-11T16:00:00,2535,2587,2512,2550,92970.118018
2025-12-11T20:00:00,2554,2612,2540,2563,124878.124457
2025-12-12T00:00:00,2567,2580,2526,2554,141612.449514
2025-12-12T04:00:00,2557,2575,2536,2541,125866.622827
2025-12-12T08:00:00,2541,2570,2518,2544,187778.074535
2025-12-12T12:00:00,2544,2555,2423,2433,598153.053
2025-12-12T16:00:00,2436,2467,2401,2431,359701.945878
2025-12-12T20:00:00,2430,2456,2429,2437,99893.364445
2025-12-13T00:00:00,2437,2487,2412,2485,256227.755109
2025-12-13T04:00:00,2487,2497,2451,2476,185711.039605
2025-12-13T08:00:00,2476,2516,2463,2506,191190.810678
2025-12-13T12:00:00,2508,2518,2468,2518,143683.26976
2025-12-13T16:00:00,2519,2551,2516,2532,111055.280811
2025-12-13T20:00:00,2533,2543,2505,2533,94315.267473
2025-12-14T00:00:00,2538,2541,2510,2517,118871.108383
2025-12-14T04:00:00,2517,2520,2483,2498,95576.417184
2025-12-14T08:00:00,2504,2527,2470,2496,256391.228976
2025-12-14T12:00:00,2496,2507,2451,2451,153753.463775
2025-12-14T16:00:00,2451,2467,2433,2441,51036.054585
2025-12-14T20:00:00,2440,2446,2391,2414,180084.689126
2025-12-15T00:00:00,2415,2488,2415,2458,194416.694746
2025-12-15T04:00:00,2468,2488,2446,2448,80645.559522
2025-12-15T08:00:00,2449,2471,2431,2437,128212.547649
2025-12-15T12:00:00,2434,2465,2303,2319,589521.771085
2025-12-15T16:00:00,2320,2357,2279,2330,308018.599017
2025-12-15T20:00:00,2330,2350,2301,2347,134141.455687
2025-12-16T00:00:00,2348,2365,2314,2335,256211.298625
2025-12-16T04:00:00,2335,2337,2295,2315,180803.873849
2025-12-16T08:00:00,2315,2377,2315,2377,161645.668333
2025-12-16T12:00:00,2376,2390,2313,2386,170618.285268
2025-12-16T16:00:00,2386,2393,2357,2381,33603.879104
2025-12-16T20:00:00,2378,2384,2356,2362,44027.282644
2025-12-17T00:00:00,2361,2377,2348,2359,81321.721233
2025-12-17T04:00:00,2359,2362,2321,2347,129900.241561
2025-12-17T08:00:00,2347,2347,2303,2327,108273.509168
2025-12-17T12:00:00,2327,2436,2309,2328,146507.14484
2025-12-17T16:00:00,2326,2342,2230,2254,192140.775949
2025-12-17T20:00:00,2269,2288,2211,2234,198256.763043
2025-12-18T00:00:00,2240,2242,2196,2201,181838.741318
2025-12-18T04:00:00,2206,2217,2180,2214,104957.622667
2025-12-18T08:00:00,2215,2245,2213,2222,135752.175406
2025-12-18T12:00:00,2222,2327,2219,2292,203175.38671
2025-12-18T16:00:00,2291,2302,2119,2121,127211.945812
2025-12-18T20:00:00,2129,2187,2126,2158,127540.471476
2025-12-19T00:00:00,2158,2243,2117,2220,222898.173066
2025-12-19T04:00:00,2225,2273,2200,2260,126396.756866
2025-12-19T08:00:00,2261,2272,2250,2260,61411.249123
2025-12-19T12:00:00,2260,2355,2255,2331,182915.516817
2025-12-19T16:00:00,2334,2471,2334,2426,814924.99504
2025-12-19T20:00:00,2429,2473,2415,2443,249012.368933
2025-12-20T00:00:00,2442,2458,2420,2445,141831.156926
2025-12-20T04:00:00,2444,2474,2420,2470,150323.768445
2025-12-20T08:00:00,2472,2538,2427,2445,261264.18707
2025-12-20T12:00:00,2445,2450,2380,2380,245265.808217
2025-12-20T16:00:00,2386,2397,2372,2388,36146.689354
2025-12-20T20:00:00,2388,2425,2387,2404,54599.554369
2025-12-21T00:00:00,2398,2405,2376,2399,87821.484631
2025-12-21T04:00:00,2393,2435,2392,2419,102509.791994
2025-12-21T08:00:00,2427,2467,2408,2410,194351.447139
2025-12-21T12:00:00,2410,2417,2316,2334,180684.934501
2025-12-21T16:00:00,2334,2360,2323,2345,39135.584319
2025-12-21T20:00:00,2346,2366,2307,2341,75437.64376
2025-12-22T00:00:00,2347,2398,2321,2364,119261.496945
2025-12-22T04:00:00,2365,2430,2357,2430,102652.729232
2025-12-22T08:00:00,2435,2459,2399,2452,168127.127901
2025-12-22T12:00:00,2450,2458,2416,2452,142632.87951
2025-12-22T16:00:00,2456,2479,2399,2402,61392.126555
2025-12-22T20:00:00,2404,2434,2391,2416,62247.947018
2025-12-23T00:00:00,2421,2438,2377,2388,170628.026236
2025-12-23T04:00:00,2384,2450,2361,2380,236197.918854
2025-12-23T08:00:00,2377,2399,2335,2393,118817.275064
2025-12-23T12:00:00,2393,2393,2329,2365,154693.372301
2025-12-23T16:00:00,2364,2426,2364,2403,34373.515896
2025-12-23T20:00:00,2403,2426,2390,2407,38381.250364
2025-12-24T00:00:00,2407,2418,2332,2359,136045.055693
2025-12-24T04:00:00,2361,2370,2315,2339,106658.227948
2025-12-24T08:00:00,2339,2349,2312,2316,142737.237323
2025-12-24T12:00:00,2316,2379,2301,2349,165758.294829
2025-12-24T16:00:00,2360,2386,2339,2382,29099.876616
2025-12-24T20:00:00,2382,2425,2380,2422,89720.122545
2025-12-25T00:00:00,2422,2445,2391,2437,97320.297123
2025-12-25T04:00:00,2436,2494,2423,2466,244816.027835
2025-12-25T08:00:00,2466,2472,2405,2419,105969.924502
2025-12-25T12:00:00,2419,2444,2406,2436,82898.239865
2025-12-25T16:00:00,2436,2441,2400,2424,60347.671765
2025-12-25T20:00:00,2421,2432,2342,2345,124581.372773
2025-12-26T00:00:00,2346,2485,2344,2440,315496.137263
2025-12-26T04:00:00,2436,2552,2421,2436,1131381.046646
2025-12-26T08:00:00,2435,2474,2431,2472,142843.604585
2025-12-26T12:00:00,2470,2510,2438,2448,667264.018864
2025-12-26T16:00:00,2455,2484,2412,2475,102976.543831
2025-12-26T20:00:00,2475,2494,2452,2467,89609.934928
2025-12-27T00:00:00,2462,2533,2456,2516,240871.734966
2025-12-27T04:00:00,2516,2517,2482,2487,125322.246548
2025-12-27T08:00:00,2487,2542,2477,2535,229888.02942
2025-12-27T12:00:00,2535,2561,2500,2543,236661.01217
2025-12-27T16:00:00,2540,2550,2511,2518,60024.469153
2025-12-27T20:00:00,2519,2572,2507,2565,87499.789206
2025-12-28T00:00:00,2561,2565,2528,2550,137553.738755
2025-12-28T04:00:00,2546,2557,2539,2553,53112.395213
2025-12-28T08:00:00,2554,2565,2517,2526,89107.85193
2025-12-28T12:00:00,2526,2537,2505,2527,102952.673293
2025-12-28T16:00:00,2525,2533,2485,2485,43795.61382
2025-12-28T20:00:00,2485,2511,2477,2511,60228.573176
2025-12-29T00:00:00,2513,2569,2489,2559,281985.637298
2025-12-29T04:00:00,2559,2611,2530,2539,369947.571567
2025-12-29T08:00:00,2542,2564,2491,2504,292054.305551
2025-12-29T12:00:00,2504,2504,2451,2480,239138.669456
2025-12-29T16:00:00,2482,2492,2443,2448,32151.0256
2025-12-29T20:00:00,2450,2463,2436,2446,64141.454666
2025-12-30T00:00:00,2446,2505,2425,2448,264605.87708
2025-12-30T04:00:00,2443,2466,2424,2460,117987.434175
2025-12-30T08:00:00,2460,2530,2460,2514,149445.853468
2025-12-30T12:00:00,2513,2545,2479,2545,136193.902152
2025-12-30T16:00:00,2543,2543,2479,2495,45168.683758
2025-12-30T20:00:00,2495,2498,2472,2496,40599.966094
2025-12-31T00:00:00,2496,2514,2480,2507,271855.81168
2025-12-31T04:00:00,2507,2528,2458,2472,165384.031507
2025-12-31T08:00:00,2473,2476,2450,2472,105508.727922
2025-12-31T12:00:00,2475,2480,2446,2480,133349.864041
2025-12-31T16:00:00,2479,2486,2410,2421,52120.500116
2025-12-31T20:00:00,2424,2447,2424,2424,62177.850324
2026-01-01T00:00:00,2424,2437,2413,2427,130858.717987
2026-01-01T04:00:00,2429,2462,2415,2444,83252.914443
2026-01-01T08:00:00,2443,2485,2430,2485,87663.702832
2026-01-01T12:00:00,2485,2586,2477,2586,447434.041314
2026-01-01T16:00:00,2586,2705,2583,2689,514939.056557
2026-01-01T20:00:00,2687,2724,2651,2705,221447.366833
2026-01-02T00:00:00,2707,2718,2608,2718,259193.175328
2026-01-02T04:00:00,2718,2732,2671,2680,160053.710426
2026-01-02T08:00:00,2681,2717,2673,2679,121264.204844
2026-01-02T12:00:00,2677,2690,2630,2672,220737.839664
2026-01-02T16:00:00,2673,2741,2660,2726,168657.524366
2026-01-02T20:00:00,2726,2761,2710,2753,116201.981363
2026-01-03T00:00:00,2757,2798,2735,2792,168488.722754
2026-01-03T04:00:00,2797,2797,2686,2694,213665.837641
2026-01-03T08:00:00,2694,2705,2675,2703,238635.41107
2026-01-03T12:00:00,2695,2749,2693,2737,39658.024311
2026-01-03T16:00:00,2743,2774,2733,2751,48810.621137
2026-01-03T20:00:00,2744,2776,2741,2751,38528.253433
2026-01-04T00:00:00,2749,2779,2740,2775,133550.591884
2026-01-04T04:00:00,2775,2789,2743,2780,183257.102914
2026-01-04T08:00:00,2770,2775,2750,2774,90489.670801
2026-01-04T12:00:00,2768,2787,2761,2787,182756.594287
2026-01-04T16:00:00,2784,2831,2760,2777,126575.574255
2026-01-04T20:00:00,2778,2823,2778,2808,67294.290719
2026-01-05T00:00:00,2805,2862,2805,2819,278095.872422
2026-01-05T04:00:00,2821,2828,2757,2781,347887.217089
2026-01-05T08:00:00,2781,2795,2757,2792,179219.50793
2026-01-05T12:00:00,2792,2847,2768,2840,133789.346164
2026-01-05T16:00:00,2840,2880,2791,2846,83085.331943
2026-01-05T20:00:00,2850,2864,2815,2847,288812.483222
2026-01-06T00:00:00,2848,2862,2790,2847,242551.659656
2026-01-06T04:00:00,2847,2865,2794,2798,179361.654469
2026-01-06T08:00:00,2798,2846,2790,2844,144138.966651
2026-01-06T12:00:00,2846,2910,2783,2803,362342.745799
2026-01-06T16:00:00,2809,2813,2721,2776,178142.692384
2026-01-06T20:00:00,2784,2868,2784,2849,155874.068247
2026-01-07T00:00:00,2849,2852,2770,2790,211992.804402
2026-01-07T04:00:00,2791,2833,2746,2833,141858.079284
2026-01-07T08:00:00,2834,2847,2787,2818,94718.02593
2026-01-07T12:00:00,2821,2829,2728,2742,308226.140002
2026-01-07T16:00:00,2740,2768,2727,2757,43114.809634
2026-01-07T20:00:00,2748,2757,2720,2745,71498.820968
2026-01-08T00:00:00,2745,2765,2712,2713,110533.975218
2026-01-08T04:00:00,2712,2734,2650,2700,117886.668073
2026-01-08T08:00:00,2698,2710,2632,2646,168414.697909
2026-01-08T12:00:00,2644,2658,2589,2658,202907.315409
2026-01-08T16:00:00,2664,2685,2639,2654,55973.628597
2026-01-08T20:00:00,2639,2690,2627,2663,46910.932702
2026-01-09T00:00:00,2665,2680,2628,2678,109315.99657
2026-01-09T04:00:00,2678,2690,2639,2657,82658.87835
2026-01-09T08:00:00,2663,2663,2613,2629,78421.772065
2026-01-09T12:00:00,2628,2688,2605,2659,101885.099179
2026-01-09T16:00:00,2674,2697,2647,2653,58508.859508
2026-01-09T20:00:00,2653,2702,2653,2687,42594.377584
2026-01-10T00:00:00,2687,2689,2661,2662,58715.628305
2026-01-10T04:00:00,2662,2695,2651,2690,44821.03296
2026-01-10T08:00:00,2693,2710,2681,2697,71813.393021
2026-01-10T12:00:00,2693,2711,2684,2684,48373.002657
2026-01-10T16:00:00,2683,2699,2667,2695,20187.173307
2026-01-10T20:00:00,2692,2699,2666,2678,16132.581666
2026-01-11T00:00:00,2673,2695,2669,2678,47117.368565
2026-01-11T04:00:00,2678,2684,2630,2655,135107.310836
2026-01-11T08:00:00,2656,2666,2642,2651,91076.683533
2026-01-11T12:00:00,2658,2674,2627,2635,53349.988324
2026-01-11T16:00:00,2635,2666,2628,2631,26113.20706
2026-01-11T20:00:00,2631,2631,2573,2601,136953.973214
2026-01-12T00:00:00,2601,2678,2569,2635,186352.37919
2026-01-12T04:00:00,2635,2657,2596,2599,59081.368153
2026-01-12T08:00:00,2598,2613,2568,2609,111713.305338
2026-01-12T12:00:00,2605,2616,2556,2612,104042.537121
2026-01-12T16:00:00,2616,2658,2592,2608,41640.484421
2026-01-12T20:00:00,2609,2631,2577,2606,51469.804245
2026-01-13T00:00:00,2606,2641,2604,2630,77400.790984
2026-01-13T04:00:00,2633,2669,2631,2642,72195.755669
2026-01-13T08:00:00,2650,2670,2639,2663,65964.492919
2026-01-13T12:00:00,2663,2813,2658,2809,379916.278772
2026-01-13T16:00:00,2813,2948,2800,2812,748351.932059
2026-01-13T20:00:00,2810,2925,2775,2893,311444.79661
2026-01-14T00:00:00,2893,2913,2861,2883,217470.286435
2026-01-14T04:00:00,2883,2887,2824,2844,154007.287088
2026-01-14T08:00:00,2845,2877,2831,2831,86183.039523
2026-01-14T12:00:00,2832,2862,2800,2858,219027.067131
2026-01-14T16:00:00,2853,2882,2785,2841,165473.76399
2026-01-14T20:00:00,2849,2850,2811,2840,48216.594973
2026-01-15T00:00:00,2835,2854,2761,2766,180131.865986
2026-01-15T04:00:00,2765,2830,2765,2816,80517.158006
2026-01-15T08:00:00,2812,2826,2796,2799,74245.056806
2026-01-15T12:00:00,2799,2833,2703,2736,196421.981403
2026-01-15T16:00:00,2742,2746,2605,2629,159918.04419
2026-01-15T20:00:00,2631,2674,2629,2656,102058.25695
2026-01-16T00:00:00,2659,2668,2635,2644,97473.445386
2026-01-16T04:00:00,2644,2667,2625,2657,101938.059925
2026-01-16T08:00:00,2658,2670,2638,2642,57159.002462
2026-01-16T12:00:00,2649,2651,2592,2603,244036.635547
2026-01-16T16:00:00,2601,2621,2587,2616,53106.372549
2026-01-16T20:00:00,2614,2656,2614,2642,102402.499626
2026-01-17T00:00:00,2642,2672,2640,2670,86112.250396
2026-01-17T04:00:00,2670,2751,2662,2735,162564.769137
2026-01-17T08:00:00,2735,2791,2709,2717,352639.795081
2026-01-17T12:00:00,2720,2817,2719,2803,374619.8702
2026-01-17T16:00:00,2804,2815,2775,2803,107173.206966
2026-01-17T20:00:00,2801,2804,2746,2753,129325.405166
2026-01-18T00:00:00,2757,2779,2710,2712,244631.236921
2026-01-18T04:00:00,2712,2712,2689,2702,124232.04098
2026-01-18T08:00:00,2701,2703,2683,2688,117849.467689
2026-01-18T12:00:00,2692,2711,2646,2697,153234.465432
2026-01-18T16:00:00,2701,2737,2689,2705,58533.123278
2026-01-18T20:00:00,2703,2730,2559,2560,231135.030422
2026-01-19T00:00:00,2558,2558,2300,2451,721877.180015
2026-01-19T04:00:00,2448,2448,2385,2385,216422.281404
2026-01-19T08:00:00,2384,2411,2371,2378,352172.873328
2026-01-19T12:00:00,2378,2378,2340,2349,292772.161713
2026-01-19T16:00:00,2346,2408,2342,2392,125744.577182
2026-01-19T20:00:00,2395,2409,2360,2385,103245.029243
2026-01-20T00:00:00,2391,2401,2368,2379,185221.318167
2026-01-20T04:00:00,2374,2395,2346,2353,184630.053296
2026-01-20T08:00:00,2351,2414,2320,2352,408825.65973
2026-01-20T12:00:00,2352,2378,2323,2344,252180.243066
2026-01-20T16:00:00,2345,2352,2293,2306,193064.052985
2026-01-20T20:00:00,2304,2333,2269,2285,224147.864826
2026-01-21T00:00:00,2285,2365,2285,2341,218004.613911
2026-01-21T04:00:00,2339,2365,2335,2345,70341.874959
2026-01-21T08:00:00,2349,2364,2312,2312,83903.548245
2026-01-21T12:00:00,2314,2376,2285,2341,208129.230766
2026-01-21T16:00:00,2341,2363,2244,2360,297451.793621
2026-01-21T20:00:00,2362,2366,2295,2306,168308.892232
2026-01-22T00:00:00,2309,2349,2309,2324,166640.910507
2026-01-22T04:00:00,2324,2344,2302,2314,144034.612086
2026-01-22T08:00:00,2320,2349,2307,2319,101671.844738
2026-01-22T12:00:00,2317,2342,2258,2285,205184.118625
2026-01-22T16:00:00,2286,2326,2273,2316,34297.871529
2026-01-22T20:00:00,2316,2316,2280,2304,51112.250658
2026-01-23T00:00:00,2301,2371,2293,2371,194901.490103
2026-01-23T04:00:00,2370,2397,2338,2355,277795.79598
2026-01-23T08:00:00,2354,2354,2325,2342,96753.931694
2026-01-23T12:00:00,2342,2352,2300,2336,151889.760699
2026-01-23T16:00:00,2341,2380,2287,2292,144793.347413
2026-01-23T20:00:00,2292,2299,2262,2289,79052.791528
2026-01-24T00:00:00,2290,2306,2276,2298,186653.636058
2026-01-24T04:00:00,2298,2305,2280,2284,84017.512939
2026-01-24T08:00:00,2284,2301,2284,2292,68212.343642
2026-01-24T12:00:00,2292,2304,2274,2276,118037.072236
2026-01-24T16:00:00,2279,2294,2268,2281,35196.758556
2026-01-24T20:00:00,2281,2299,2278,2282,61305.056944
2026-01-25T00:00:00,2285,2310,2270,2280,223923.05919
2026-01-25T04:00:00,2277,2305,2270,2289,148769.871116
2026-01-25T08:00:00,2287,2337,2270,2309,323397.993461
2026-01-25T12:00:00,2304,2328,2252,2263,325744.624848
2026-01-25T16:00:00,2258,2259,2158,2172,322107.982323
2026-01-25T20:00:00,2172,2208,2162,2205,229550.920539
2026-01-26T00:00:00,2202,2263,2192,2220,421736.861168
2026-01-26T04:00:00,2224,2256,2221,2246,224653.604129
2026-01-26T08:00:00,2246,2269,2233,2246,150568.009095
2026-01-26T12:00:00,2246,2323,2242,2284,291271.804313
2026-01-26T16:00:00,2293,2295,2242,2260,82397.111568
2026-01-26T20:00:00,2263,2280,2251,2273,75344.707206
2026-01-27T00:00:00,2273,2294,2268,2269,204212.283924
2026-01-27T04:00:00,2269,2323,2251,2259,235768.248659
2026-01-27T08:00:00,2263,2271,2237,2241,156082.025339
2026-01-27T12:00:00,2241,2263,2226,2263,155406.181603
2026-01-27T16:00:00,2264,2300,2241,2284,84853.311066
2026-01-27T20:00:00,2282,2325,2282,2312,127370.529019
2026-01-28T00:00:00,2315,2322,2292,2320,165983.65032
2026-01-28T04:00:00,2322,2350,2297,2304,297401.655343
2026-01-28T08:00:00,2306,2314,2291,2312,119624.567657
2026-01-28T12:00:00,2312,2316,2280,2297,134641.684012
2026-01-28T16:00:00,2299,2340,2296,2340,38030.968219
2026-01-28T20:00:00,2331,2360,2316,2333,163489.908156
2026-01-29T00:00:00,2332,2335,2250,2255,260899.590118
2026-01-29T04:00:00,2255,2265,2243,2259,95235.503932
2026-01-29T08:00:00,2259,2270,2245,2253,92437.066219
2026-01-29T12:00:00,2256,2263,2142,2181,379265.24829
2026-01-29T16:00:00,2175,2214,2124,2157,210767.641412
2026-01-29T20:00:00,2154,2197,2154,2192,72710.562821
2026-01-30T00:00:00,2196,2202,2118,2136,378580.234774
2026-01-30T04:00:00,2137,2174,2088,2120,332356.925403
2026-01-30T08:00:00,2122,2163,2118,2152,64850.369291
2026-01-30T12:00:00,2159,2188,2126,2144,99759.165611
2026-01-30T16:00:00,2144,2186,2098,2172,139344.249468
2026-01-30T20:00:00,2168,2171,2136,2158,49742.696535
2026-01-31T00:00:00,2158,2158,2119,2125,110147.207509
2026-01-31T04:00:00,2124,2131,2080,2095,191324.667419
2026-01-31T08:00:00,2097,2098,2018,2021,567933.214752
2026-01-31T12:00:00,2022,2027,1894,1924,1112822.345835
2026-01-31T16:00:00,1930,1959,1718,1825,870869.340154
2026-01-31T20:00:00,1829,1909,1807,1905,388374.498951
2026-02-01T00:00:00,1900,1915,1864,1893,342487.506211
2026-02-01T04:00:00,1893,1923,1878,1914,198161.029588
2026-02-01T08:00:00,1914,1916,1873,1889,280940.347998
2026-02-01T12:00:00,1887,1900,1810,1838,336494.552517
2026-02-01T16:00:00,1836,1870,1815,1832,104750.421251
2026-02-01T20:00:00,1827,1850,1783,1822,163057.786089
2026-02-02T00:00:00,1825,1887,1775,1848,316837.799348
2026-02-02T04:00:00,1848,1873,1795,1836,176457.253908
2026-02-02T08:00:00,1835,1881,1835,1866,184908.609658
2026-02-02T12:00:00,1869,1920,1867,1906,114823.759268
2026-02-02T16:00:00,1905,1910,1885,1887,46367.670641
2026-02-02T20:00:00,1887,1908,1875,1897,60151.00779
2026-02-03T00:00:00,1897,1897,1845,1881,205759.658955
2026-02-03T04:00:00,1879,1894,1861,1876,118887.652811
2026-02-03T08:00:00,1876,1890,1851,1873,67202.457205
2026-02-03T12:00:00,1874,1895,1843,1895,159103.58097
2026-02-03T16:00:00,1892,1894,1781,1854,217734.601538
2026-02-03T20:00:00,1862,1925,1832,1840,146057.45352
2026-02-04T00:00:00,1843,1884,1832,1876,105059.202732
2026-02-04T04:00:00,1873,1889,1860,1884,160303.908382
2026-02-04T08:00:00,1880,1886,1853,1867,120698.576772
2026-02-04T12:00:00,1863,1867,1778,1800,320617.290687
2026-02-04T16:00:00,1807,1844,1782,1837,102759.82466
2026-02-04T20:00:00,1838,1838,1775,1800,172734.249327
2026-02-05T00:00:00,1800,1823,1768,1777,218408.29237
2026-02-05T04:00:00,1774,1794,1752,1758,197052.484436
2026-02-05T08:00:00,1764,1778,1681,1698,450019.707547
2026-02-05T12:00:00,1702,1733,1593,1635,507810.308604
2026-02-05T16:00:00,1631,1667,1585,1590,220116.879998
2026-02-05T20:00:00,1598,1599,1508,1525,472104.019146
2026-02-06T00:00:00,1531,1567,1330,1515,1041015.355338
2026-02-06T04:00:00,1514,1593,1513,1529,220875.024794
2026-02-06T08:00:00,1535,1589,1522,1585,163917.369478
2026-02-06T12:00:00,1585,1648,1573,1646,371198.926658
2026-02-06T16:00:00,1644,1724,1644,1676,167544.761219
2026-02-06T20:00:00,1676,1714,1661,1693,112325.282126
2026-02-07T00:00:00,1691,1697,1655,1691,105601.993375
2026-02-07T04:00:00,1691,1706,1603,1624,204826.875957
2026-02-07T08:00:00,1625,1635,1598,1608,111008.119824
2026-02-07T12:00:00,1605,1661,1605,1644,74277.919316
2026-02-07T16:00:00,1648,1692,1644,1663,130047.387787
2026-02-07T20:00:00,1663,1675,1641,1648,62870.272032
2026-02-08T00:00:00,1644,1645,1619,1619,74530.922886
2026-02-08T04:00:00,1619,1626,1609,1615,85665.667003
2026-02-08T08:00:00,1616,1643,1606,1625,157676.536515
2026-02-08T12:00:00,1624,1630,1586,1595,234805.847486
2026-02-08T16:00:00,1593,1606,1563,1600,84572.75203
2026-02-08T20:00:00,1595,1615,1564,1589,145214.071274
2026-02-09T00:00:00,1586,1599,1570,1593,124596.214345
2026-02-09T04:00:00,1590,1595,1570,1578,124466.983373
2026-02-09T08:00:00,1571,1571,1509,1524,249728.946673
2026-02-09T12:00:00,1526,1557,1495,1521,332708.215426
2026-02-09T16:00:00,1523,1578,1510,1557,139042.840615
2026-02-09T20:00:00,1557,1560,1533,1540,76530.289609
2026-02-10T00:00:00,1540,1545,1500,1509,154281.749812
2026-02-10T04:00:00,1513,1524,1478,1486,285375.18852
2026-02-10T08:00:00,1486,1495,1472,1474,164158.927859
2026-02-10T12:00:00,1474,1502,1454,1466,267427.298443
2026-02-10T16:00:00,1466,1471,1442,1465,284122.569814
2026-02-10T20:00:00,1463,1475,1457,1466,99259.838134
2026-02-11T00:00:00,1468,1497,1463,1478,369950.593554
2026-02-11T04:00:00,1477,1485,1421,1426,530619.085621
2026-02-11T08:00:00,1426,1428,1404,1424,214628.257407
2026-02-11T12:00:00,1422,1471,1367,1380,898066.128155
2026-02-11T16:00:00,1380,1399,1367,1370,299192.647846
2026-02-11T20:00:00,1370,1397,1355,1369,923730.914626
2026-02-12T00:00:00,1370,1484,1368,1405,1963400.392123
2026-02-12T04:00:00,1405,1411,1387,1410,513666.192101
2026-02-12T08:00:00,1411,1415,1381,1395,579039.138139
2026-02-12T12:00:00,1396,1397,1336,1340,1036432.15945
2026-02-12T16:00:00,1341,1359,1315,1336,549257.73829
2026-02-12T20:00:00,1336,1364,1316,1359,300326.3654
2026-02-13T00:00:00,1359,1361,1339,1343,369069.069799
2026-02-13T04:00:00,1346,1351,1316,1342,592098.547887
2026-02-13T08:00:00,1342,1359,1333,1341,394610.136155
2026-02-13T12:00:00,1340,1389,1335,1371,631366.530379
2026-02-13T16:00:00,1377,1402,1375,1392,361091.184726
2026-02-13T20:00:00,1390,1398,1372,1378,339536.815171
2026-02-14T00:00:00,1379,1412,1371,1392,911744.48847
2026-02-14T04:00:00,1393,1408,1383,1407,412585.811115
2026-02-14T08:00:00,1405,1424,1405,1423,484715.172039
2026-02-14T12:00:00,1424,1437,1399,1437,383390.932384
2026-02-14T16:00:00,1436,1478,1415,1474,250756.000979
2026-02-14T20:00:00,1476,1478,1445,1455,311916.086265
2026-02-15T00:00:00,1457,1457,1414,1436,667231.304879
2026-02-15T04:00:00,1435,1456,1427,1455,499931.372758
2026-02-15T08:00:00,1457,1461,1411,1420,529401.849094
2026-02-15T12:00:00,1420,1420,1361,1368,919340.732703
2026-02-15T16:00:00,1371,1375,1345,1359,376669.311914
2026-02-15T20:00:00,1356,1387,1353,1386,162734.130886
2026-02-16T00:00:00,1386,1396,1367,1373,563203.506219
2026-02-16T04:00:00,1370,1383,1355,1358,551346.076381
2026-02-16T08:00:00,1358,1369,1343,1351,360715.466398
2026-02-16T12:00:00,1353,1386,1337,1340,726139.86066
2026-02-16T16:00:00,1340,1362,1337,1357,125017.542484
2026-02-16T20:00:00,1357,1388,1354,1375,171352.159735
2026-02-17T00:00:00,1377,1390,1364,1375,366626.597625
2026-02-17T04:00:00,1375,1386,1361,1380,224835.611775
2026-02-17T08:00:00,1378,1391,1360,1391,407440.749469
2026-02-17T12:00:00,1391,1407,1353,1372,580982.853022
2026-02-17T16:00:00,1375,1392,1348,1362,334198.12193
2026-02-17T20:00:00,1363,1367,1354,1361,120306.880614
2026-02-18T00:00:00,1361,1369,1346,1367,382879.635432
2026-02-18T04:00:00,1367,1369,1356,1364,103682.426865
2026-02-18T08:00:00,1366,1371,1332,1340,383448.87205
2026-02-18T12:00:00,1340,1346,1307,1332,910785.682136
2026-02-18T16:00:00,1332,1343,1294,1305,354998.727362
2026-02-18T20:00:00,1304,1313,1292,1302,307020.586458
2026-02-19T00:00:00,1302,1318,1290,1313,460767.905797
2026-02-19T04:00:00,1313,1321,1302,1311,363983.519273
2026-02-19T08:00:00,1310,1310,1264,1274,635961.711447
2026-02-19T12:00:00,1274,1284,1244,1250,632925.492204
2026-02-19T16:00:00,1251,1274,1237,1272,235674.481578
2026-02-19T20:00:00,1274,1280,1261,1279,139869.014606
2026-02-20T00:00:00,1280,1292,1275,1278,241003.156834
2026-02-20T04:00:00,1278,1283,1263,1270,336194.913601
2026-02-20T08:00:00,1270,1288,1268,1274,298367.954284
2026-02-20T12:00:00,1274,1305,1250,1299,318376.2207
2026-02-20T16:00:00,1299,1308,1266,1284,249428.043737
2026-02-20T20:00:00,1288,1304,1285,1302,87228.39525
2026-02-21T00:00:00,1301,1305,1290,1297,124697.753977
2026-02-21T04:00:00,1297,1315,1294,1304,115926.799255
2026-02-21T08:00:00,1304,1337,1302,1326,246101.771214
2026-02-21T12:00:00,1326,1331,1313,1322,195022.578886
2026-02-21T16:00:00,1321,1321,1309,1313,69883.297064
2026-02-21T20:00:00,1312,1312,1301,1305,71177.337596
2026-02-22T00:00:00,1303,1303,1260,1266,264427.739027
2026-02-22T04:00:00,1267,1269,1255,1264,232897.619171
2026-02-22T08:00:00,1264,1264,1247,1255,372345.337293
2026-02-22T12:00:00,1255,1256,1209,1228,1312601.795493
2026-02-22T16:00:00,1228,1230,1216,1226,217471.327994
2026-02-22T20:00:00,1224,1240,1218,1240,231052.191759
2026-02-23T00:00:00,1238,1241,1166,1193,1346527.516253
2026-02-23T04:00:00,1192,1249,1185,1235,614954.668676
2026-02-23T08:00:00,1236,1272,1234,1261,1324669.750051
2026-02-23T12:00:00,1261,1347,1205,1207,3045756.40954
2026-02-23T16:00:00,1207,1213,1183,1196,390025.332811
2026-02-23T20:00:00,1196,1208,1192,1193,314508.136444
2026-02-24T00:00:00,1196,1208,1177,1191,1440251.923532
2026-02-24T04:00:00,1193,1198,1172,1182,587321.532342
2026-02-24T08:00:00,1181,1194,1177,1189,352219.94198
2026-02-24T12:00:00,1193,1216,1175,1214,708098.049911
2026-02-24T16:00:00,1215,1229,1207,1212,194066.615508
2026-02-24T20:00:00,1211,1214,1201,1208,239174.760342
2026-02-25T00:00:00,1209,1267,1201,1231,647003.707862
2026-02-25T04:00:00,1230,1237,1212,1231,383289.609046
2026-02-25T08:00:00,1231,1269,1227,1267,486482.006391
2026-02-25T12:00:00,1268,1382,1265,1375,1953642.639323
2026-02-25T16:00:00,1375,1519,1375,1518,2127177.667434
2026-02-25T20:00:00,1520,1598,1429,1447,3786470.775981
2026-02-26T00:00:00,1447,1454,1392,1405,1090351.612728
2026-02-26T04:00:00,1405,1415,1369,1383,498920.234788
2026-02-26T08:00:00,1384,1400,1371,1374,252428.177675
2026-02-26T12:00:00,1378,1434,1375,1407,532884.466897
2026-02-26T16:00:00,1407,1408,1343,1399,437100.612803
2026-02-26T20:00:00,1399,1403,1377,1396,185977.253795
2026-02-27T00:00:00,1398,1424,1391,1423,250694.441123
2026-02-27T04:00:00,1422,1470,1421,1467,448312.752002
2026-02-27T08:00:00,1468,1486,1400,1416,853779.428892
2026-02-27T12:00:00,1416,1417,1372,1392,346798.311483
2026-02-27T16:00:00,1392,1393,1355,1364,169198.199804
2026-02-27T20:00:00,1369,1376,1348,1367,180872.821467
2026-02-28T00:00:00,1367,1380,1352,1352,320225.353609
2026-02-28T04:00:00,1353,1353,1289,1310,616151.637466
2026-02-28T08:00:00,1304,1307,1267,1269,336647.279463
2026-02-28T12:00:00,1271,1323,1271,1304,222830.948897
2026-02-28T16:00:00,1300,1390,1295,1373,241826.307968
2026-02-28T20:00:00,1375,1416,1371,1402,267517.218465
2026-03-01T00:00:00,1404,1423,1367,1394,380331.44615
2026-03-01T04:00:00,1396,1406,1380,1402,116664.882605
2026-03-01T08:00:00,1402,1402,1366,1369,156549.863117
2026-03-01T12:00:00,1372,1383,1349,1365,164506.923626
2026-03-01T16:00:00,1364,1376,1338,1341,72834.004882
2026-03-01T20:00:00,1341,1369,1325,1352,104130.671618
2026-03-02T00:00:00,1357,1404,1357,1391,409954.875635
2026-03-02T04:00:00,1391,1400,1352,1358,330492.886815
2026-03-02T08:00:00,1356,1380,1341,1362,233377.115819
2026-03-02T12:00:00,1361,1446,1349,1430,600209.396183
2026-03-02T16:00:00,1430,1438,1384,1420,297873.487195
2026-03-02T20:00:00,1423,1444,1405,1418,358239.735558
2026-03-03T00:00:00,1415,1451,1396,1421,605914.457636
2026-03-03T04:00:00,1421,1452,1415,1449,637218.191691
2026-03-03T08:00:00,1451,1475,1400,1415,850671.075597
2026-03-03T12:00:00,1417,1448,1401,1425,449011.291905
2026-03-03T16:00:00,1424,1526,1419,1475,681261.937154
2026-03-03T20:00:00,1476,1499,1446,1489,491190.095833
2026-03-04T00:00:00,1484,1511,1465,1476,498397.661579
2026-03-04T04:00:00,1484,1485,1446,1458,341997.748794
2026-03-04T08:00:00,1460,1505,1445,1462,670714.581985
2026-03-04T12:00:00,1457,1492,1438,1490,500137.768016
2026-03-04T16:00:00,1490,1490,1449,1483,223930.585541
2026-03-04T20:00:00,1478,1487,1443,1462,258808.620567
2026-03-05T00:00:00,1462,1482,1455,1465,284958.770319
2026-03-05T04:00:00,1462,1474,1445,1455,217787.431672
2026-03-05T08:00:00,1459,1492,1453,1464,895592.036694
2026-03-05T12:00:00,1463,1492,1455,1461,275857.684417
2026-03-05T16:00:00,1463,1467,1370,1452,345425.268156
2026-03-05T20:00:00,1451,1480,1450,1461,199809.055562
2026-03-06T00:00:00,1461,1488,1455,1473,272520.193884
2026-03-06T04:00:00,1473,1499,1459,1498,229103.163152
2026-03-06T08:00:00,1498,1498,1457,1463,326258.95456
2026-03-06T12:00:00,1464,1475,1404,1410,485502.580768
2026-03-06T16:00:00,1410,1418,1390,1410,106377.061876
2026-03-06T20:00:00,1412,1425,1402,1415,164348.365334
2026-03-07T00:00:00,1416,1423,1403,1412,153005.407696
2026-03-07T04:00:00,1409,1419,1397,1404,180369.36456
2026-03-07T08:00:00,1405,1412,1394,1409,71856.979544
2026-03-07T12:00:00,1406,1406,1386,1389,109249.779623
2026-03-07T16:00:00,1391,1403,1380,1384,73802.63228
2026-03-07T20:00:00,1386,1394,1379,1387,68682.052503
2026-03-08T00:00:00,1387,1388,1366,1375,116256.217413
2026-03-08T04:00:00,1376,1381,1362,1381,33531.85147
2026-03-08T08:00:00,1380,1408,1370,1405,120991.530013
2026-03-08T12:00:00,1408,1423,1374,1374,127261.916872
2026-03-08T16:00:00,1376,1398,1368,1393,11955.004296
2026-03-08T20:00:00,1389,1393,1351,1376,149524.278181
2026-03-09T00:00:00,1379,1415,1379,1396,193958.719231
2026-03-09T04:00:00,1399,1423,1390,1399,218199.616678
2026-03-09T08:00:00,1398,1409,1386,1400,65233.219054
2026-03-09T12:00:00,1400,1427,1398,1422,174496.690354
2026-03-09T16:00:00,1426,1444,1408,1420,108233.71229
2026-03-09T20:00:00,1422,1426,1398,1405,106180.742102
2026-03-10T00:00:00,1402,1432,1400,1407,226669.344342
2026-03-10T04:00:00,1411,1426,1403,1419,125598.010659
2026-03-10T08:00:00,1423,1440,1413,1431,152366.897464
2026-03-10T12:00:00,1431,1455,1413,1437,155287.679101
2026-03-10T16:00:00,1442,1452,1401,1404,97719.545205
2026-03-10T20:00:00,1407,1410,1388,1395,101894.916394
2026-03-11T00:00:00,1395,1398,1380,1386,160968.514264
2026-03-11T04:00:00,1386,1388,1368,1376,184208.089131
2026-03-11T08:00:00,1376,1387,1374,1381,96248.130011
2026-03-11T12:00:00,1384,1428,1372,1377,296155.294637
2026-03-11T16:00:00,1380,1393,1365,1379,64438.343793
2026-03-11T20:00:00,1377,1388,1371,1381,81323.839167
2026-03-12T00:00:00,1382,1386,1361,1364,191689.232252
2026-03-12T04:00:00,1364,1367,1351,1360,185081.458613
2026-03-12T08:00:00,1358,1369,1348,1351,261269.629833
2026-03-12T12:00:00,1351,1355,1329,1337,273893.49679
2026-03-12T16:00:00,1336,1347,1326,1339,70979.97895
2026-03-12T20:00:00,1337,1349,1327,1343,193983.992613
2026-03-13T00:00:00,1343,1387,1334,1385,605760.283916
2026-03-13T04:00:00,1385,1388,1355,1360,410327.905489
2026-03-13T08:00:00,1359,1372,1344,1370,714518.555025
2026-03-13T12:00:00,1370,1427,1370,1415,988421.455024
2026-03-13T16:00:00,1414,1426,1371,1378,212599.024373
2026-03-13T20:00:00,1381,1391,1356,1374,487233.096175
2026-03-14T00:00:00,1374,1374,1358,1369,331355.298805
2026-03-14T04:00:00,1369,1377,1341,1345,447063.429848
2026-03-14T08:00:00,1347,1354,1341,1353,256331.82696
2026-03-14T12:00:00,1352,1357,1341,1345,164110.030789
2026-03-14T16:00:00,1348,1355,1348,1349,58917.665843
2026-03-14T20:00:00,1349,1361,1346,1360,91257.815282
2026-03-15T00:00:00,1360,1378,1345,1362,240399.967971
2026-03-15T04:00:00,1367,1372,1352,1367,184828.720292
2026-03-15T08:00:00,1368,1370,1360,1367,213970.596762
2026-03-15T12:00:00,1367,1376,1352,1354,305087.048869
2026-03-15T16:00:00,1354,1369,1354,1362,74349.576885
2026-03-15T20:00:00,1361,1376,1360,1374,231819.877945
